-- phpMyAdmin SQL Dump
-- version 5.2.0
-- https://www.phpmyadmin.net/
--
-- Máy chủ: 127.0.0.1
-- Thời gian đã tạo: Th5 27, 2024 lúc 03:42 PM
-- Phiên bản máy phục vụ: 10.4.25-MariaDB
-- Phiên bản PHP: 8.1.10

SET SQL_MODE = "NO_AUTO_VALUE_ON_ZERO";
START TRANSACTION;
SET time_zone = "+00:00";


/*!40101 SET @OLD_CHARACTER_SET_CLIENT=@@CHARACTER_SET_CLIENT */;
/*!40101 SET @OLD_CHARACTER_SET_RESULTS=@@CHARACTER_SET_RESULTS */;
/*!40101 SET @OLD_COLLATION_CONNECTION=@@COLLATION_CONNECTION */;
/*!40101 SET NAMES utf8mb4 */;

--
-- Cơ sở dữ liệu: `do-an-loi`
--

-- --------------------------------------------------------

--
-- Cấu trúc bảng cho bảng `admin`
--

CREATE TABLE `admin` (
  `id` int(10) UNSIGNED NOT NULL,
  `name` varchar(255) COLLATE utf8mb4_unicode_ci NOT NULL,
  `email` varchar(255) COLLATE utf8mb4_unicode_ci NOT NULL,
  `phone` char(255) COLLATE utf8mb4_unicode_ci DEFAULT NULL,
  `active` tinyint(4) NOT NULL DEFAULT 1,
  `password` varchar(255) COLLATE utf8mb4_unicode_ci NOT NULL,
  `remember_token` varchar(100) COLLATE utf8mb4_unicode_ci DEFAULT NULL,
  `created_at` timestamp NULL DEFAULT NULL,
  `updated_at` timestamp NULL DEFAULT NULL
) ENGINE=InnoDB DEFAULT CHARSET=utf8mb4 COLLATE=utf8mb4_unicode_ci;

--
-- Đang đổ dữ liệu cho bảng `admin`
--

INSERT INTO `admin` (`id`, `name`, `email`, `phone`, `active`, `password`, `remember_token`, `created_at`, `updated_at`) VALUES
(1, 'admin', 'admin@gmail.com', '0961680324', 1, '$2y$12$7NunF7mn9EEJQ/I4EjECPeL7YB3r1aWJ8//ytMXo0uYhzNNsvVL0i', NULL, NULL, '2024-05-05 02:28:54'),
(14, 'admin1', 'admin123@gmail.com', '0961680323', 1, '$2y$12$griOYBwhqrNQ9mxabC8ePugm2K38JF5a8OZkVlfS/vwzyWhiin7WO', NULL, '2024-05-05 01:50:23', '2024-05-18 08:54:23');

-- --------------------------------------------------------

--
-- Cấu trúc bảng cho bảng `article`
--

CREATE TABLE `article` (
  `id` bigint(20) UNSIGNED NOT NULL,
  `a_name` varchar(255) COLLATE utf8mb4_unicode_ci DEFAULT NULL,
  `a_slug` varchar(255) COLLATE utf8mb4_unicode_ci NOT NULL,
  `a_description` varchar(255) COLLATE utf8mb4_unicode_ci DEFAULT NULL,
  `a_content` longtext COLLATE utf8mb4_unicode_ci DEFAULT NULL,
  `a_active` tinyint(4) NOT NULL DEFAULT 1,
  `a_avatar` varchar(255) COLLATE utf8mb4_unicode_ci DEFAULT NULL,
  `created_at` timestamp NULL DEFAULT NULL,
  `updated_at` timestamp NULL DEFAULT NULL
) ENGINE=InnoDB DEFAULT CHARSET=utf8mb4 COLLATE=utf8mb4_unicode_ci;

--
-- Đang đổ dữ liệu cho bảng `article`
--

INSERT INTO `article` (`id`, `a_name`, `a_slug`, `a_description`, `a_content`, `a_active`, `a_avatar`, `created_at`, `updated_at`) VALUES
(3, 'Hướng dẫn cách tích hợp ChatGPT vào Google Docs cực đơn giản và siêu tiện lợi.', 'huong-dan-cach-tich-hop-chatgpt-vao-google-docs-cuc-don-gian-va-sieu-tien-loi', '<h2>ChatGPT hiện đang đang c&ocirc;ng cụ AI rất phổ biến trong thời điểm hiện tại. Một điều kh&ocirc;ng thể phủ nhận đ&oacute; l&agrave; ChatGPT rất tiện lợi đối với người sử dụng n&oacute;.</h2>', '<h3><strong>C&aacute;ch t&iacute;ch hợp ChatGPT v&agrave;o Google Docs.</strong></h3>\r\n\r\n<p><strong>Bước 1:</strong>&nbsp;Đầu ti&ecirc;n, tại giao diện của trang t&agrave;i liệu bạn h&atilde;y truy cập v&agrave;o phần&nbsp;<strong>Tiện &iacute;ch mở rộng</strong>&nbsp;ở tr&ecirc;n thanh c&ocirc;ng cụ nh&eacute;.</p>\r\n\r\n<p><img alt=\"Cách tích hợp ChatGPT vào Google Docs\" src=\"https://cdn.tgdd.vn/News/Thumb/1555574/cach-tich-hop-chat-gpt-vao-docs-1-2-1200x675.jpg\" /></p>\r\n\r\n<p><strong>Bước 2:</strong>&nbsp;Sau đ&oacute; bạn h&atilde;y nhấn v&agrave;o mục&nbsp;<strong>Tải tiện &iacute;ch bổ sung</strong>&nbsp;ngay trong phần&nbsp;<strong>Tiện &iacute;ch bổ sung</strong>&nbsp;để tiến h&agrave;nh th&ecirc;m ChatGPT v&agrave;o Google Docs.</p>\r\n\r\n<p><img alt=\"Cách tích hợp ChatGPT vào Google Docs\" src=\"https://cdn.tgdd.vn/News/Thumb/1555574/cach-tich-hop-chat-gpt-vao-docs-2-2-1200x675.jpg\" /></p>\r\n\r\n<p><strong>Bước 3:</strong>&nbsp;Tại đ&acirc;y bạn c&oacute; thể dễ d&agrave;ng t&igrave;m thấy tiện &iacute;ch&nbsp;<strong>GPT for Sheet and Docs</strong>&nbsp;v&agrave; bạn h&atilde;y nhấn v&agrave;o n&oacute; nha.</p>\r\n\r\n<p><img alt=\"Cách tích hợp ChatGPT vào Google Docs\" src=\"https://cdn.tgdd.vn/News/Thumb/1555574/cach-tich-hop-chat-gpt-vao-docs-3-1-1200x675.jpg\" /></p>\r\n\r\n<p><strong>Bước 4:</strong>&nbsp;B&acirc;y giờ bạn chỉ cần nhấn v&agrave;o n&uacute;t&nbsp;<strong>C&agrave;i đặt</strong>&nbsp;l&agrave; c&oacute; thể c&agrave;i được tiện &iacute;ch n&agrave;y về Google Docs rồi nh&eacute;.</p>\r\n\r\n<p><img alt=\"Cách tích hợp ChatGPT vào Google Docs\" src=\"https://cdn.tgdd.vn/News/Thumb/1555574/cach-tich-hop-chat-gpt-vao-docs-4-1-1200x675.jpg\" /></p>\r\n\r\n<p><strong>Bước 5:</strong>&nbsp;Sau khi nhấn&nbsp;<strong>C&agrave;i đặt</strong>&nbsp;th&igrave; bạn cần phải cấp quyền cho&nbsp;<strong>GPT for Sheets and Docs</strong>&nbsp;bằng c&aacute;ch nhấn v&agrave;o&nbsp;<strong>Tiếp tục</strong>&nbsp;để bắt đầu c&agrave;i đặt.</p>\r\n\r\n<p><img alt=\"Cách tích hợp ChatGPT vào Google Docs\" src=\"https://cdn.tgdd.vn/News/Thumb/1555574/cach-tich-hop-chat-gpt-vao-docs-5-1-1200x675.jpg\" /></p>\r\n\r\n<p>Ho&agrave;n th&agrave;nh xong c&aacute;c bước tr&ecirc;n th&igrave; hệ thống sẽ tự t&iacute;ch hợp ChatGPT v&agrave;o ph&iacute;a b&ecirc;n phải của m&agrave;n h&igrave;nh tại trang Google Docs như h&igrave;nh dưới đ&acirc;y.</p>\r\n\r\n<p><img alt=\"Cách tích hợp ChatGPT vào Google Docs\" src=\"https://cdn.tgdd.vn/News/Thumb/1555574/cach-tich-hop-chat-gpt-vao-docs-12-1-1200x675.jpg\" /></p>\r\n\r\n<p><strong>Bước 6:</strong>&nbsp;Tuy nhi&ecirc;n bạn cần phải c&oacute; m&atilde;&nbsp;<strong>API key</strong>&nbsp;để c&oacute; thể sử dụng n&oacute;. L&uacute;c n&agrave;y bạn lại truy cập v&agrave;o phần&nbsp;<strong>Tiện &iacute;ch mở rộng</strong>&nbsp;tr&ecirc;n thanh c&ocirc;ng cụ &gt; Sau đ&oacute; chọn&nbsp;<strong>Set API keys</strong>&nbsp;trong mục&nbsp;<strong>GPT for Sheet and Docs</strong>&nbsp;nh&eacute;.</p>\r\n\r\n<p><img alt=\"Cách tích hợp ChatGPT vào Google Docs\" src=\"https://cdn.tgdd.vn/News/Thumb/1555574/cach-tich-hop-chat-gpt-vao-docs-7-1200x675.jpg\" /></p>\r\n\r\n<p><strong>Bước 7:</strong>&nbsp;Trường hợp bạn đ&atilde; c&oacute; m&atilde;&nbsp;<strong>API key</strong>&nbsp;trước đ&oacute; th&igrave; bạn chỉ cần nhập v&agrave;o d&ograve;ng&nbsp;<strong>OpenAI API key</strong>&nbsp;rồi nhấn&nbsp;<strong>Save key</strong>&nbsp;l&agrave; được rồi n&egrave;.</p>\r\n\r\n<p><img alt=\"Cách tích hợp ChatGPT vào Google Docs\" src=\"https://cdn.tgdd.vn/News/Thumb/1555574/cach-tich-hop-chat-gpt-vao-docs-11-2-1200x675.jpg\" /></p>\r\n\r\n<p><strong>Bước 8:</strong>&nbsp;Trong trường hợp bạn chưa c&oacute; m&atilde; API key th&igrave; bạn chỉ cần truy cập theo đường link dưới đ&acirc;y sau đ&oacute;&nbsp;<strong>Đăng nhập</strong>&nbsp;hoặc&nbsp;<strong>Đăng k&yacute;</strong>&nbsp;một t&agrave;i khoản&nbsp;<strong>OpenAI</strong>&nbsp;rồi nhấn v&agrave;o mục&nbsp;<strong>Create new secret key</strong>&nbsp;nh&eacute;.</p>\r\n\r\n<ul>\r\n	<li><a href=\"https://platform.openai.com/account/api-keys\" target=\"_blank\">Lấy m&atilde; API key</a></li>\r\n</ul>\r\n\r\n<p><img alt=\"Cách tích hợp ChatGPT vào Google Docs\" src=\"https://cdn.tgdd.vn/News/Thumb/1555574/cach-tich-hop-chat-gpt-vao-docs-8-1-1200x675.jpg\" /></p>\r\n\r\n<p><strong>Bước 9:</strong>&nbsp;L&uacute;c n&agrave;y bạn h&atilde;y&nbsp;<strong>đặt 1 c&aacute;i t&ecirc;n cho c&aacute;i API key đ&oacute;</strong>&nbsp;rồi nhấn&nbsp;<strong>Create secret key</strong>&nbsp;để tiếp tục tạo API key nha.</p>\r\n\r\n<p><img alt=\"Cách tích hợp ChatGPT vào Google Docs\" src=\"https://cdn.tgdd.vn/News/Thumb/1555574/cach-tich-hop-chat-gpt-vao-docs-9-1200x675.jpg\" /></p>\r\n\r\n<p><strong>Bước 10:</strong>&nbsp;Sau khi nhấn&nbsp;<strong>Create secret key</strong>&nbsp;Open AI lập tức tạo cho bạn một c&aacute;i m&atilde; như h&igrave;nh dưới đ&acirc;y v&agrave; việc của bạn đ&oacute; l&agrave; chỉ cần&nbsp;<strong>copy c&aacute;i m&atilde; đ&oacute;</strong>&nbsp;rồi quay lại&nbsp;<strong>Google Docs</strong>&nbsp;để&nbsp;<strong>paste v&agrave;o &ocirc; OpenAI API key</strong>&nbsp;như bước 7 m&igrave;nh đ&atilde; n&ecirc;u ở tr&ecirc;n l&agrave; được.</p>\r\n\r\n<p><img alt=\"Cách tích hợp ChatGPT vào Google Docs\" src=\"https://cdn.tgdd.vn/News/Thumb/1555574/cach-tich-hop-chat-gpt-vao-docs-10-1200x675.jpg\" /></p>\r\n\r\n<p>Như vậy m&igrave;nh đ&atilde; hướng dẫn xong cho c&aacute;c bạn về c&aacute;ch t&iacute;ch hợp ChatGPT v&agrave;o Google Docs rồi. Ch&uacute;c c&aacute;c bạn thực hiện th&agrave;nh c&ocirc;ng v&agrave; đừng qu&ecirc;n chia sẻ b&agrave;i viết nếu thấy th&ocirc;ng tin n&agrave;y c&oacute; &iacute;ch nh&eacute;. Cảm ơn c&aacute;c bạn đ&atilde; đọc b&agrave;i viết.</p>', 1, '/storage/photos/product/cach-tich-hop-chat-gpt-vao-docs-2-1200x675.jpg', '2024-05-03 01:04:21', '2024-05-06 21:40:13'),
(4, 'TikTok và Universal Music Group \'nối lại tình xưa\' với thỏa thuận mới', 'tiktok-va-universal-music-group-noi-lai-tinh-xua-voi-thoa-thuan-moi', '<h1>TikTok v&agrave; Universal Music Group &#39;nối lại t&igrave;nh xưa&#39; với thỏa thuận mới</h1>', '<h2>Universal Music Group đ&atilde; k&yacute; một thỏa thuận &ldquo;đa chiều&rdquo; với TikTok, theo đ&oacute; c&aacute;c nghệ sĩ của họ, bao gồm Taylor Swift, Drake v&agrave; Olivia Rodrigo sẽ quay trở lại với hơn một tỷ người d&ugrave;ng của nền tảng mạng x&atilde; hội n&agrave;y. UMG bắt đầu r&uacute;t nhạc khỏi TikTok v&agrave;o ng&agrave;y 1/2 sau khi hợp đồng cũ hết hạn.</h2>\r\n\r\n<p>Đ&aacute;ng ch&uacute; &yacute;, thỏa thuận n&agrave;y sẽ giải quyết những lo ngại m&agrave; UMG v&agrave; c&aacute;c nghệ sĩ của họ gặp phải với AI c&oacute; t&iacute;nh s&aacute;ng tạo: &ldquo;TikTok v&agrave; UMG sẽ hợp t&aacute;c c&ugrave;ng nhau để đảm bảo sự ph&aacute;t triển AI trong to&agrave;n ng&agrave;nh c&ocirc;ng nghiệp &acirc;m nhạc sẽ bảo vệ nghệ thuật của con người v&agrave; nền kinh tế đang chảy v&agrave;o những nghệ sĩ v&agrave; nhạc sĩ đ&oacute;&rdquo;.</p>\r\n\r\n<p>Th&ocirc;ng c&aacute;o b&aacute;o ch&iacute; cho biết: &ldquo;TikTok cũng cam kết hợp t&aacute;c với UMG để x&oacute;a nhạc do AI tạo tr&aacute;i ph&eacute;p khỏi nền tảng, cũng như c&aacute;c c&ocirc;ng cụ để cải thiện khả năng ph&acirc;n bổ nghệ sĩ v&agrave; nhạc sĩ&quot;.</p>\r\n\r\n<p><img alt=\"Các tên tuổi lớn như Taylor Swift và Drake sẽ quay lại nền tảng TikTok\" src=\"https://cdn.tgdd.vn/News/0/TikTok-1280x721.jpg\" /></p>\r\n\r\n<p>C&aacute;c t&ecirc;n tuổi lớn như Taylor Swift v&agrave; Drake sẽ quay lại nền tảng TikTok (Ảnh: Softonic)</p>\r\n\r\n<p>Ole Obermann, Gi&aacute;m đốc Ph&aacute;t triển Kinh doanh &Acirc;m nhạc To&agrave;n cầu của TikTok, cho biết: &ldquo;Ch&uacute;ng t&ocirc;i rất vui mừng ch&agrave;o đ&oacute;n UMG v&agrave; UMPG trở lại TikTok&quot;. &ldquo;Đặc biệt, ch&uacute;ng t&ocirc;i sẽ l&agrave;m việc c&ugrave;ng nhau để đảm bảo rằng c&aacute;c c&ocirc;ng cụ AI được ph&aacute;t triển một c&aacute;ch c&oacute; tr&aacute;ch nhiệm nhằm tạo ra một kỷ nguy&ecirc;n mới về s&aacute;ng tạo &acirc;m nhạc v&agrave; sự tương t&aacute;c của người h&acirc;m mộ đồng thời bảo vệ sự s&aacute;ng tạo của con người.&rdquo;</p>\r\n\r\n<p>Thỏa thuận n&agrave;y cũng bao gồm &ldquo;c&aacute;c cơ hội kiếm tiền mới&rdquo; bắt nguồn từ việc TikTok mở rộng mảng thương mại điện tử. TikTok cũng cam kết tiếp tục x&acirc;y dựng c&aacute;c c&ocirc;ng cụ để gi&uacute;p c&aacute;c nghệ sĩ tận dụng nền tảng n&agrave;y tốt hơn trong c&aacute;c lĩnh vực như ph&acirc;n t&iacute;ch v&agrave; b&aacute;n v&eacute; t&iacute;ch hợp.&nbsp;C&aacute;c c&ocirc;ng ty cho biết họ đang l&agrave;m việc khẩn trương để đưa nghệ sĩ trở lại nền tảng.</p>\r\n\r\n<p>Bạn c&oacute; h&agrave;o hứng trước sự trở lại của c&aacute;c nghệ sĩ lớn kh&ocirc;ng?</p>\r\n\r\n<h2>Bạn đọc cũng c&oacute; thể tham khảo th&ecirc;m c&aacute;c&nbsp;<a href=\"https://www.thegioididong.com/dtdd\" target=\"_blank\">smartphone</a>&nbsp;pin khủng đang được b&aacute;n tại&nbsp;<a href=\"https://www.thegioididong.com/\" target=\"_blank\">Thế Giới Di Động</a>&nbsp;để thoải m&aacute;i lướt TikTok hay nhiều nền tảng x&atilde; hội kh&aacute;c, bấm v&agrave;o n&uacute;t cam để xem chi tiết.</h2>', 1, '/storage/photos/product/thumb-1280x720-183.jpg', '2024-05-03 01:19:20', '2024-05-03 01:19:20');
INSERT INTO `article` (`id`, `a_name`, `a_slug`, `a_description`, `a_content`, `a_active`, `a_avatar`, `created_at`, `updated_at`) VALUES
(5, 'Kinh nghiệm chọn mua máy hút bụi phù hợp với nhu cầu nhất', 'kinh-nghiem-chon-mua-may-hut-bui-phu-hop-voi-nhu-cau-nhat', '<h1>Kinh nghiệm chọn mua m&aacute;y h&uacute;t bụi ph&ugrave; hợp với nhu cầu nhất</h1>', '<h1>inh nghiệm chọn mua m&aacute;y h&uacute;t bụi ph&ugrave; hợp với nhu cầu nhất</h1>\r\n\r\n<p>Bi&ecirc;n tập bởi&nbsp;Cập nhật ng&agrave;y 15/04/2024, l&uacute;c 16:15&nbsp;161.475 lượt xem</p>\r\n\r\n<h2><a href=\"https://www.dienmayxanh.com/may-hut-bui\" target=\"_blank\">M&aacute;y h&uacute;t bụi</a>&nbsp;ng&agrave;y nay đ&atilde; trở th&agrave;nh một&nbsp;<a href=\"https://www.dienmayxanh.com/gia-dung\" target=\"_blank\">thiết bị gia dụng</a>&nbsp;quan trọng trong mỗi gia đ&igrave;nh. V&igrave; vậy, việc chọn mua m&aacute;y h&uacute;t bụi trở th&agrave;nh vấn đề được nhiều người quan t&acirc;m. H&atilde;y c&ugrave;ng Điện M&aacute;y XANH kh&aacute;m ph&aacute; nhiều th&ocirc;ng tin bổ &iacute;ch gi&uacute;p bạn c&oacute; th&ecirc;m kinh nghiệm chọn mua m&aacute;y h&uacute;t bụi nh&eacute;!</h2>\r\n\r\n<h3>1Chọn loại m&aacute;y h&uacute;t bụi ph&ugrave; hợp</h3>\r\n\r\n<p>Trước hết, ch&uacute;ng ta n&ecirc;n c&acirc;n nhắc đến mục đ&iacute;ch sử dụng m&aacute;y để tr&aacute;nh t&igrave;nh trạng vừa kh&ocirc;ng h&uacute;t bụi được như mong muốn vừa l&atilde;ng ph&iacute; tiền đ&atilde; mua m&aacute;y. Hiện nay, tr&ecirc;n thị trường c&oacute; loại m&aacute;y h&uacute;t bụi dạng đứng v&agrave; m&aacute;y h&uacute;t bụi cầm tay phục vụ cho nhu cầu kh&aacute;c nhau của người d&ugrave;ng.</p>\r\n\r\n<p>M&aacute;y h&uacute;t bụi dạng đứng</p>\r\n\r\n<p>M&aacute;y h&uacute;t bụi dạng đứng l&agrave; loại m&aacute;y được sử dụng kh&aacute; phổ biến với c&ocirc;ng suất lớn, đầu h&uacute;t k&egrave;m theo chổi xoay gi&uacute;p qu&aacute; tr&igrave;nh vệ sinh diễn ra nhanh ch&oacute;ng, dễ d&agrave;ng. Đầu h&uacute;t được lắp với một ống nhựa d&agrave;i v&agrave; c&oacute; thể linh động thay thế c&aacute;c đầu h&uacute;t đi k&egrave;m kh&aacute;c.</p>\r\n\r\n<p>T&ugrave;y v&agrave;o từng loại m&aacute;y m&agrave; c&oacute; 2 loại khoang chứa bụi&nbsp;<a href=\"https://www.dienmayxanh.com/may-hut-bui?g=hop-chua\" target=\"_blank\">bằng hộp</a>&nbsp;hoặc<a href=\"https://www.dienmayxanh.com/may-hut-bui?g=tui-chua\" target=\"_blank\">&nbsp;bằng t&uacute;i</a>. M&aacute;y c&oacute; gi&aacute; dao động từ 1.400.000 đồng đến 8.000.000 đồng (cập nhật th&aacute;ng 04/2024), bạn c&oacute; thể chọn mua sao cho ph&ugrave; hợp với ng&acirc;n s&aacute;ch hiện c&oacute;.</p>\r\n\r\n<p>M&aacute;y h&uacute;t bụi dạng đứng c&oacute; lực h&uacute;t mạnh n&ecirc;n ph&ugrave; hợp với những gia đ&igrave;nh hoặc văn ph&ograve;ng, nh&agrave; m&aacute;y c&oacute; nhu cầu vệ sinh nh&agrave; cao. Ngo&agrave;i ra, động cơ v&agrave; đầu h&uacute;t bụi lớn sẽ th&iacute;ch hợp với kh&ocirc;ng gian rộng.</p>\r\n\r\n<p><strong>Xem th&ecirc;m</strong>:</p>\r\n\r\n<ul>\r\n	<li><a href=\"https://www.dienmayxanh.com/kinh-nghiem-hay/tai-sao-nen-mua-may-hut-bui-885283\" target=\"_blank\">9 l&yacute; do n&ecirc;n mua ngay một chiếc m&aacute;y h&uacute;t bụi cho nh&agrave; m&igrave;nh</a></li>\r\n	<li><a href=\"https://www.dienmayxanh.com/kinh-nghiem-hay/kinh-nghiem-chon-mua-may-hut-bui-tot-580951\" target=\"_blank\">M&aacute;y h&uacute;t bụi gia đ&igrave;nh loại n&agrave;o tốt? Top 5 m&aacute;y h&uacute;t bụi tốt nhất</a></li>\r\n	<li><a href=\"https://www.dienmayxanh.com/kinh-nghiem-hay/may-hut-bui-bosch-cua-nuoc-nao-co-tot-khong-1411509\" target=\"_blank\">M&aacute;y h&uacute;t bụi Bosch của nước n&agrave;o? C&oacute; tốt kh&ocirc;ng? C&oacute; n&ecirc;n mua kh&ocirc;ng?</a></li>\r\n</ul>\r\n\r\n<p><img alt=\"Máy hút bụi dạng đứng \" src=\"https://cdn.tgdd.vn/Files/2014/04/15/542183/chon-mua-may-hut-bui-phu-hop-voi-nhu-cau-16.jpg\" /></p>\r\n\r\n<p>&nbsp;</p>\r\n\r\n<p><a href=\"https://www.dienmayxanh.com/may-hut-bui/samsung-vcc8835v37-xsv\" target=\"_blank\">M&aacute;y h&uacute;t bụi Samsung VCC8835V37/XSV</a></p>\r\n\r\n<p><strong>Ưu điểm</strong></p>\r\n\r\n<ul>\r\n	<li>C&oacute; ống d&acirc;y d&agrave;i, dễ lau dọn ở những nơi kh&oacute; vươn tới như r&egrave;m m&agrave;n, trần nh&agrave;,...</li>\r\n	<li>Một số sản phẩm m&aacute;y h&uacute;t bụi c&oacute; tặng nhiều đầu h&uacute;t đi k&egrave;m cực tiện lợi.</li>\r\n	<li>Đa dạng tiện &iacute;ch như&nbsp;<a href=\"https://www.dienmayxanh.com/kinh-nghiem-hay/cac-chuc-nang-dac-biet-cua-may-hut-bui-phan-2-1307500#hmenuid2\" target=\"_blank\">d&acirc;y điện tự thu gọn</a>,&nbsp;<a href=\"https://www.dienmayxanh.com/kinh-nghiem-hay/cac-chuc-nang-dac-biet-cua-may-hut-bui-phan-2-1307500#hmenuid1\" target=\"_blank\">b&aacute;nh xe tiện di chuyển</a>, điều chỉnh được lực h&uacute;t,...</li>\r\n	<li>Một số sản phẩm c&ograve;n c&oacute; chức năng đ&egrave;n b&aacute;o đầy bụi,&nbsp;<a href=\"https://www.dienmayxanh.com/kinh-nghiem-hay/cac-chuc-nang-dac-biet-cua-may-hut-bui-830902#hmenuid3\" target=\"_blank\">chức năng thổi bụi</a>,&nbsp;<a href=\"https://www.dienmayxanh.com/kinh-nghiem-hay/cac-chuc-nang-dac-biet-cua-may-hut-bui-830902#hmenuid8\" target=\"_blank\">c&ocirc;ng nghệ h&uacute;t xo&aacute;y Cyclone</a>&nbsp;giảm 50 % k&iacute;ch thước bụi,... Ngo&agrave;i ra,&nbsp;<a href=\"https://www.dienmayxanh.com/may-hut-bui?g=dieu-khien-tren-tay-cam\" target=\"_blank\">chức năng điều khiển tr&ecirc;n tay cầm</a>&nbsp;gi&uacute;p người d&ugrave;ng tiết kiệm c&ocirc;ng sức, thời gian l&agrave;m việc.</li>\r\n</ul>\r\n\r\n<p><strong>Nhược điểm</strong></p>\r\n\r\n<ul>\r\n	<li>Cồng kềnh khi sử dụng, khi vận chuyển qua c&aacute;c khu vực c&oacute; nhiều vật cản v&agrave; kh&ocirc;ng gian hẹp.</li>\r\n	<li>Di chuyển đến vị tr&iacute; h&uacute;t kh&aacute;c phải c&oacute; nguồn điện gần đ&oacute;.</li>\r\n	<li>Do m&aacute;y c&oacute; c&ocirc;ng suất lớn n&ecirc;n g&acirc;y tiếng ồn lớn.</li>\r\n</ul>\r\n\r\n<p><strong>Xem th&ecirc;m</strong>:&nbsp;<a href=\"https://www.dienmayxanh.com/kinh-nghiem-hay/so-sanh-may-hut-bui-thong-thuong-va-may-hut-bui-th-1106232\" target=\"_blank\">So s&aacute;nh m&aacute;y h&uacute;t bụi th&ocirc;ng thường v&agrave; m&aacute;y h&uacute;t bụi th&ocirc;ng minh</a></p>\r\n\r\n<p><img alt=\"Máy hút bụi Samsung VC18M21M0VN/SV-N\" src=\"https://cdn.tgdd.vn/Files/2014/04/15/542183/chon-mua-may-hut-bui-phu-hop-voi-nhu-cau-36.jpg\" /></p>\r\n\r\n<p>&nbsp;</p>\r\n\r\n<p><a href=\"https://www.dienmayxanh.com/may-hut-bui/samsung-vc18m21m0vn-sv-n\" target=\"_blank\">M&aacute;y h&uacute;t bụi Samsung VC18M21M0VN/SV-N</a></p>\r\n\r\n<p>&nbsp;</p>\r\n\r\n<p>&nbsp;</p>\r\n\r\n<p>M&aacute;y h&uacute;t bụi cầm tay</p>\r\n\r\n<p><a href=\"https://www.dienmayxanh.com/may-hut-bui-cam-tay\" target=\"_blank\">M&aacute;y h&uacute;t bụi cầm tay</a>&nbsp;l&agrave; loại m&aacute;y c&oacute; thiết kế nhỏ gọn với dạng d&agrave;i k&egrave;m tay cầm để h&uacute;t thảm, s&agrave;n nh&agrave;, sofa, b&agrave;n,... V&igrave; thế, m&aacute;y h&uacute;t bụi cầm tay rất dễ d&agrave;ng cất giữ, thuận tiện di chuyển đến khu vực cần h&uacute;t bụi.</p>\r\n\r\n<p>M&aacute;y c&oacute; hộp chứa bụi được đặt ngay trong th&acirc;n m&aacute;y v&agrave; hoạt động bằng pin. M&aacute;y c&oacute; gi&aacute; dao động từ 600.000 đồng đến 21.000.000 đồng, ph&ugrave; hợp với ng&acirc;n s&aacute;ch kh&aacute;c nhau của nhiều đối tượng sử dụng.</p>\r\n\r\n<p>Dạng m&aacute;y h&uacute;t bụi n&agrave;y sẽ ph&ugrave; hợp d&ugrave;ng cho văn ph&ograve;ng l&agrave;m việc hoặc gia đ&igrave;nh c&oacute; kh&ocirc;ng gian vừa v&agrave; nhỏ.</p>\r\n\r\n<p><strong>Xem th&ecirc;m:</strong>&nbsp;<a href=\"https://www.dienmayxanh.com/kinh-nghiem-hay/may-hut-bui-cong-nghiep-loai-nao-tot-7-tieu-chi-d-1445104\" target=\"_blank\">M&aacute;y h&uacute;t bụi c&ocirc;ng nghiệp loại n&agrave;o tốt? 7 ti&ecirc;u ch&iacute; đ&aacute;nh gi&aacute; m&aacute;y h&uacute;t bụi c&ocirc;ng nghiệp tốt</a></p>\r\n\r\n<p><img alt=\"Máy hút bụi cầm tay\" src=\"https://cdn.tgdd.vn/Files/2014/04/15/542183/chon-mua-may-hut-bui-phu-hop-voi-nhu-cau-17.jpg\" /></p>\r\n\r\n<p>&nbsp;</p>\r\n\r\n<p><a href=\"https://www.dienmayxanh.com/may-hut-bui/midea-mvc-sc861b?src=osp\" target=\"_blank\">M&aacute;y h&uacute;t bụi cầm tay Midea MVC-SC861B 600W</a></p>\r\n\r\n<p><strong>Ưu điểm</strong></p>\r\n\r\n<ul>\r\n	<li>Kiểu d&aacute;ng nhỏ gọn vừa tay, linh hoạt,&nbsp;<strong>dễ d&agrave;ng di chuyển</strong>&nbsp;v&agrave;&nbsp;<strong>bảo quản</strong>.</li>\r\n	<li>Thiết kế kh&aacute; đơn giản, dễ sử dụng.</li>\r\n	<li>Vệ sinh được những khu vực m&aacute;y h&uacute;t bụi dạng đứng kh&oacute; h&uacute;t bụi được như:&nbsp;<a href=\"https://www.dienmayxanh.com/ban-phim\" target=\"_blank\">b&agrave;n ph&iacute;m m&aacute;y t&iacute;nh</a>, sofa, đệm,...</li>\r\n	<li>Độ ồn vừa phải, kh&ocirc;ng ảnh hưởng đến sinh hoạt gia đ&igrave;nh.</li>\r\n</ul>\r\n\r\n<p><strong>Nhược điểm</strong></p>\r\n\r\n<ul>\r\n	<li>Thời gian h&uacute;t bị hạn chế v&igrave; cần phải sạc pin cho m&aacute;y sau một thời gian sử dụng.</li>\r\n	<li>Th&ocirc;ng thường c&oacute; c&ocirc;ng suất thấp hơn m&aacute;y h&uacute;t bụi dạng đứng, h&uacute;t được bụi với k&iacute;ch thước nhỏ v&agrave; tốn thời gian khi vệ sinh nh&agrave; cửa.</li>\r\n</ul>\r\n\r\n<p><img alt=\"Máy hút bụi cầm tay Xiaomi BHR4636GL\" src=\"https://cdn.tgdd.vn/Files/2014/04/15/542183/chon-mua-may-hut-bui-phu-hop-voi-nhu-cau-38.jpg\" /></p>\r\n\r\n<p>&nbsp;</p>\r\n\r\n<p><a href=\"https://www.dienmayxanh.com/may-hut-bui/cam-tay-xiaomi-bhr4636gl\" target=\"_blank\">M&aacute;y h&uacute;t bụi cầm tay Xiaomi BHR4636GL</a></p>\r\n\r\n<p>&nbsp;</p>\r\n\r\n<p><strong>Tham khảo m&aacute;y h&uacute;t bụi cầm tay đang b&aacute;n chạy nhất tại Điện m&aacute;y XANH:</strong></p>\r\n\r\n<ul>\r\n	<li>\r\n	<p><a href=\"https://www.dienmayxanh.com/may-hut-bui/electrolux-zb3314ak?itm_source=knh&amp;itm_medium=shortcode&amp;itm_content=productlist\">Trả góp 0%<img alt=\"Máy hút bụi không dây Electrolux ZB3314AK\" src=\"https://img.tgdd.vn/imgt/f_webp,fit_outside,quality_100,s_300x300/https://cdn.tgdd.vn/Products/Images/1990/164542/electrolux-zb3314ak-030622-022251-600x600.jpg\" style=\"height:300px; width:300px\" /></a></p>\r\n\r\n	<h3><a href=\"https://www.dienmayxanh.com/may-hut-bui/electrolux-zb3314ak?itm_source=knh&amp;itm_medium=shortcode&amp;itm_content=productlist\">M&aacute;y h&uacute;t bụi kh&ocirc;ng d&acirc;y Electrolux ZB3314AK</a></h3>\r\n\r\n	<p><a href=\"https://www.dienmayxanh.com/may-hut-bui/electrolux-zb3314ak?itm_source=knh&amp;itm_medium=shortcode&amp;itm_content=productlist\">4.990.000₫</a></p>\r\n	</li>\r\n</ul>\r\n\r\n<ul>\r\n	<li>\r\n	<p><a href=\"https://www.dienmayxanh.com/may-hut-bui/midea-mvc-sc861b?utm_flashsale=1?itm_source=knh&amp;itm_medium=shortcode&amp;itm_content=productlist\"><img alt=\"Máy hút bụi cầm tay Midea MVC-SC861B\" src=\"https://img.tgdd.vn/imgt/f_webp,fit_outside,quality_100,s_300x300/https://cdn.tgdd.vn/Products/Images/1990/168600/midea-mvc-sc861b-191122-120607-600x600.jpg\" style=\"height:300px; width:300px\" /></a></p>\r\n\r\n	<p><a href=\"https://www.dienmayxanh.com/may-hut-bui/midea-mvc-sc861b?utm_flashsale=1?itm_source=knh&amp;itm_medium=shortcode&amp;itm_content=productlist\"><img alt=\"sale vô đối\" src=\"https://img.tgdd.vn/imgt/f_webp,fit_outside,quality_100/https://cdn.tgdd.vn/2024/05/content/logo-100x100.png\" style=\"height:20px; width:20px\" />SALE V&Ocirc; ĐỐI</a></p>\r\n\r\n	<h3><a href=\"https://www.dienmayxanh.com/may-hut-bui/midea-mvc-sc861b?utm_flashsale=1?itm_source=knh&amp;itm_medium=shortcode&amp;itm_content=productlist\">M&aacute;y h&uacute;t bụi cầm tay Midea MVC-SC861B</a></h3>\r\n\r\n	<p><a href=\"https://www.dienmayxanh.com/may-hut-bui/midea-mvc-sc861b?utm_flashsale=1?itm_source=knh&amp;itm_medium=shortcode&amp;itm_content=productlist\">925.000₫</a></p>\r\n\r\n	<p><a href=\"https://www.dienmayxanh.com/may-hut-bui/midea-mvc-sc861b?utm_flashsale=1?itm_source=knh&amp;itm_medium=shortcode&amp;itm_content=productlist\">1.090.000₫</a></p>\r\n	<a href=\"https://www.dienmayxanh.com/may-hut-bui/midea-mvc-sc861b?utm_flashsale=1?itm_source=knh&amp;itm_medium=shortcode&amp;itm_content=productlist\">&nbsp;15%</a></li>\r\n</ul>\r\n\r\n<ul>\r\n	<li>\r\n	<p><a href=\"https://www.dienmayxanh.com/may-hut-bui/may-hut-bui-khong-day-electrolux-pf91-5btf?itm_source=knh&amp;itm_medium=shortcode&amp;itm_content=productlist\"><img alt=\"Máy hút bụi không dây Electrolux PF91-5BTF\" src=\"https://img.tgdd.vn/imgt/f_webp,fit_outside,quality_100,s_300x300/https://cdn.tgdd.vn/Products/Images/1990/204895/may-hut-bui-khong-day-electrolux-pf91-5btf-2-300x300.JPG\" style=\"height:300px; width:300px\" /><img src=\"https://img.tgdd.vn/imgt/f_webp,fit_outside,quality_100,s_40x40/https://cdn.tgdd.vn/ValueIcons/premium.png\" style=\"height:40px; width:40px\" /></a></p>\r\n\r\n	<h3><a href=\"https://www.dienmayxanh.com/may-hut-bui/may-hut-bui-khong-day-electrolux-pf91-5btf?itm_source=knh&amp;itm_medium=shortcode&amp;itm_content=productlist\">M&aacute;y h&uacute;t bụi kh&ocirc;ng d&acirc;y Electrolux PF91-5BTF</a></h3>\r\n\r\n	<p><a href=\"https://www.dienmayxanh.com/may-hut-bui/may-hut-bui-khong-day-electrolux-pf91-5btf?itm_source=knh&amp;itm_medium=shortcode&amp;itm_content=productlist\">13.990.000₫</a></p>\r\n	</li>\r\n</ul>\r\n\r\n<ul>\r\n	<li>\r\n	<p><a href=\"https://www.dienmayxanh.com/may-hut-bui/may-hut-bui-philips-fc6723?itm_source=knh&amp;itm_medium=shortcode&amp;itm_content=productlist\">Trả góp 0%<img alt=\"Máy hút bụi không dây Philips FC6723\" src=\"https://img.tgdd.vn/imgt/f_webp,fit_outside,quality_100,s_300x300/https://cdn.tgdd.vn/Products/Images/1990/212137/212137-1-600x600.jpg\" style=\"height:300px; width:300px\" /></a></p>\r\n\r\n	<p><a href=\"https://www.dienmayxanh.com/may-hut-bui/may-hut-bui-philips-fc6723?itm_source=knh&amp;itm_medium=shortcode&amp;itm_content=productlist\"><img alt=\"Giá rẻ quá\" src=\"https://img.tgdd.vn/imgt/f_webp,fit_outside,quality_100/https://cdn.tgdd.vn/2023/08/campaign/icon-50x50-label-giarequa-min-50x50.png\" style=\"height:20px; width:20px\" />GI&Aacute; RẺ QU&Aacute;</a></p>\r\n\r\n	<h3><a href=\"https://www.dienmayxanh.com/may-hut-bui/may-hut-bui-philips-fc6723?itm_source=knh&amp;itm_medium=shortcode&amp;itm_content=productlist\">M&aacute;y h&uacute;t bụi kh&ocirc;ng d&acirc;y Philips FC6723</a></h3>\r\n\r\n	<p><a href=\"https://www.dienmayxanh.com/may-hut-bui/may-hut-bui-philips-fc6723?itm_source=knh&amp;itm_medium=shortcode&amp;itm_content=productlist\">3.870.000₫</a></p>\r\n\r\n	<p><a href=\"https://www.dienmayxanh.com/may-hut-bui/may-hut-bui-philips-fc6723?itm_source=knh&amp;itm_medium=shortcode&amp;itm_content=productlist\">7.199.000₫</a></p>\r\n	<a href=\"https://www.dienmayxanh.com/may-hut-bui/may-hut-bui-philips-fc6723?itm_source=knh&amp;itm_medium=shortcode&amp;itm_content=productlist\">&nbsp;46%</a></li>\r\n</ul>\r\n\r\n<ul>\r\n	<li>\r\n	<p><a href=\"https://www.dienmayxanh.com/may-hut-bui/may-hut-bui-khong-day-panasonic-mc-sb30jw049?itm_source=knh&amp;itm_medium=shortcode&amp;itm_content=productlist\"><img alt=\"Máy hút bụi không dây Panasonic MC-SB30JW049\" src=\"https://img.tgdd.vn/imgt/f_webp,fit_outside,quality_100,s_300x300/https://cdn.tgdd.vn/Products/Images/1990/220870/may-hut-bui-khong-day-panasonic-mc-sb30jw049-1-300x300.jpg\" style=\"height:300px; width:300px\" /></a></p>\r\n\r\n	<h3><a href=\"https://www.dienmayxanh.com/may-hut-bui/may-hut-bui-khong-day-panasonic-mc-sb30jw049?itm_source=knh&amp;itm_medium=shortcode&amp;itm_content=productlist\">M&aacute;y h&uacute;t bụi kh&ocirc;ng d&acirc;y Panasonic MC-SB30JW049</a></h3>\r\n\r\n	<p><a href=\"https://www.dienmayxanh.com/may-hut-bui/may-hut-bui-khong-day-panasonic-mc-sb30jw049?itm_source=knh&amp;itm_medium=shortcode&amp;itm_content=productlist\">Online giá rẻ qu&aacute;</a></p>\r\n\r\n	<p><a href=\"https://www.dienmayxanh.com/may-hut-bui/may-hut-bui-khong-day-panasonic-mc-sb30jw049?itm_source=knh&amp;itm_medium=shortcode&amp;itm_content=productlist\">6.890.000₫</a></p>\r\n\r\n	<p><a href=\"https://www.dienmayxanh.com/may-hut-bui/may-hut-bui-khong-day-panasonic-mc-sb30jw049?itm_source=knh&amp;itm_medium=shortcode&amp;itm_content=productlist\">7.690.000₫</a></p>\r\n	<a href=\"https://www.dienmayxanh.com/may-hut-bui/may-hut-bui-khong-day-panasonic-mc-sb30jw049?itm_source=knh&amp;itm_medium=shortcode&amp;itm_content=productlist\">&nbsp;10%</a></li>\r\n</ul>\r\n\r\n<ul>\r\n	<li>\r\n	<p><a href=\"https://www.dienmayxanh.com/may-hut-bui/samsung-vs03r6523j1-sv?itm_source=knh&amp;itm_medium=shortcode&amp;itm_content=productlist\">Trả góp 0%<img alt=\"Máy hút bụi không dây Samsung VS03R6523J1/SV\" src=\"https://img.tgdd.vn/imgt/f_webp,fit_outside,quality_100,s_300x300/https://cdn.tgdd.vn/Products/Images/1990/225720/samsung-vs03r6523j1-sv-1-600x600.jpg\" style=\"height:300px; width:300px\" /></a></p>\r\n\r\n	<p><a href=\"https://www.dienmayxanh.com/may-hut-bui/samsung-vs03r6523j1-sv?itm_source=knh&amp;itm_medium=shortcode&amp;itm_content=productlist\"><img alt=\"Giá rẻ quá\" src=\"https://img.tgdd.vn/imgt/f_webp,fit_outside,quality_100/https://cdn.tgdd.vn/2023/08/campaign/icon-50x50-label-giarequa-min-50x50.png\" style=\"height:20px; width:20px\" />GI&Aacute; RẺ QU&Aacute;</a></p>\r\n\r\n	<h3><a href=\"https://www.dienmayxanh.com/may-hut-bui/samsung-vs03r6523j1-sv?itm_source=knh&amp;itm_medium=shortcode&amp;itm_content=productlist\">M&aacute;y h&uacute;t bụi kh&ocirc;ng d&acirc;y Samsung VS03R6523J1/SV</a></h3>\r\n\r\n	<p><a href=\"https://www.dienmayxanh.com/may-hut-bui/samsung-vs03r6523j1-sv?itm_source=knh&amp;itm_medium=shortcode&amp;itm_content=productlist\">3.690.000₫</a></p>\r\n\r\n	<p><a href=\"https://www.dienmayxanh.com/may-hut-bui/samsung-vs03r6523j1-sv?itm_source=knh&amp;itm_medium=shortcode&amp;itm_content=productlist\">5.990.000₫</a></p>\r\n	<a href=\"https://www.dienmayxanh.com/may-hut-bui/samsung-vs03r6523j1-sv?itm_source=knh&amp;itm_medium=shortcode&amp;itm_content=productlist\">&nbsp;38%</a></li>\r\n</ul>\r\n\r\n<ul>\r\n	<li>\r\n	<p><a href=\"https://www.dienmayxanh.com/may-hut-bui/shimono-svc1016?itm_source=knh&amp;itm_medium=shortcode&amp;itm_content=productlist\"><img alt=\"Máy hút bụi cầm tay Shimono SVC1016\" src=\"https://img.tgdd.vn/imgt/f_webp,fit_outside,quality_100,s_300x300/https://cdn.tgdd.vn/Products/Images/1990/236345/shimono-svc1016-1-300x300.jpg\" style=\"height:300px; width:300px\" /></a></p>\r\n\r\n	<p><a href=\"https://www.dienmayxanh.com/may-hut-bui/shimono-svc1016?itm_source=knh&amp;itm_medium=shortcode&amp;itm_content=productlist\"><img alt=\"Giá rẻ quá\" src=\"https://img.tgdd.vn/imgt/f_webp,fit_outside,quality_100/https://cdn.tgdd.vn/2023/08/campaign/icon-50x50-label-giarequa-min-50x50.png\" style=\"height:20px; width:20px\" />GI&Aacute; RẺ QU&Aacute;</a></p>\r\n\r\n	<h3><a href=\"https://www.dienmayxanh.com/may-hut-bui/shimono-svc1016?itm_source=knh&amp;itm_medium=shortcode&amp;itm_content=productlist\">M&aacute;y h&uacute;t bụi cầm tay Shimono SVC1016</a></h3>\r\n\r\n	<p><a href=\"https://www.dienmayxanh.com/may-hut-bui/shimono-svc1016?itm_source=knh&amp;itm_medium=shortcode&amp;itm_content=productlist\">1.700.000₫</a></p>\r\n\r\n	<p><a href=\"https://www.dienmayxanh.com/may-hut-bui/shimono-svc1016?itm_source=knh&amp;itm_medium=shortcode&amp;itm_content=productlist\">2.190.000₫</a></p>\r\n	<a href=\"https://www.dienmayxanh.com/may-hut-bui/shimono-svc1016?itm_source=knh&amp;itm_medium=shortcode&amp;itm_content=productlist\">&nbsp;22%</a></li>\r\n</ul>\r\n\r\n<ul>\r\n	<li>\r\n	<p><a href=\"https://www.dienmayxanh.com/may-hut-bui/shimono-svc1020?itm_source=knh&amp;itm_medium=shortcode&amp;itm_content=productlist\"><img alt=\"Máy hút bụi cầm tay Shimono SVC1020\" src=\"https://img.tgdd.vn/imgt/f_webp,fit_outside,quality_100,s_300x300/https://cdn.tgdd.vn/Products/Images/1990/236351/shimono-svc1020-1-300x300.jpg\" style=\"height:300px; width:300px\" /></a></p>\r\n\r\n	<p><a href=\"https://www.dienmayxanh.com/may-hut-bui/shimono-svc1020?itm_source=knh&amp;itm_medium=shortcode&amp;itm_content=productlist\"><img alt=\"Giá rẻ quá\" src=\"https://img.tgdd.vn/imgt/f_webp,fit_outside,quality_100/https://cdn.tgdd.vn/2023/08/campaign/icon-50x50-label-giarequa-min-50x50.png\" style=\"height:20px; width:20px\" />GI&Aacute; RẺ QU&Aacute;</a></p>\r\n\r\n	<h3><a href=\"https://www.dienmayxanh.com/may-hut-bui/shimono-svc1020?itm_source=knh&amp;itm_medium=shortcode&amp;itm_content=productlist\">M&aacute;y h&uacute;t bụi cầm tay Shimono SVC1020</a></h3>\r\n\r\n	<p><a href=\"https://www.dienmayxanh.com/may-hut-bui/shimono-svc1020?itm_source=knh&amp;itm_medium=shortcode&amp;itm_content=productlist\">1.850.000₫</a></p>\r\n\r\n	<p><a href=\"https://www.dienmayxanh.com/may-hut-bui/shimono-svc1020?itm_source=knh&amp;itm_medium=shortcode&amp;itm_content=productlist\">2.390.000₫</a></p>\r\n	<a href=\"https://www.dienmayxanh.com/may-hut-bui/shimono-svc1020?itm_source=knh&amp;itm_medium=shortcode&amp;itm_content=productlist\">&nbsp;22%</a></li>\r\n</ul>\r\n\r\n<ul>\r\n	<li>\r\n	<p><a href=\"https://www.dienmayxanh.com/may-hut-bui/shimono-svc1015?itm_source=knh&amp;itm_medium=shortcode&amp;itm_content=productlist\"><img alt=\"Máy hút bụi cầm tay Shimono SVC1015\" src=\"https://img.tgdd.vn/imgt/f_webp,fit_outside,quality_100,s_300x300/https://cdn.tgdd.vn/Products/Images/1990/236354/shimono-svc1015-5-300x300.jpg\" style=\"height:300px; width:300px\" /></a></p>\r\n\r\n	<p><a href=\"https://www.dienmayxanh.com/may-hut-bui/shimono-svc1015?itm_source=knh&amp;itm_medium=shortcode&amp;itm_content=productlist\"><img alt=\"Giá rẻ quá\" src=\"https://img.tgdd.vn/imgt/f_webp,fit_outside,quality_100/https://cdn.tgdd.vn/2023/08/campaign/icon-50x50-label-giarequa-min-50x50.png\" style=\"height:20px; width:20px\" />GI&Aacute; RẺ QU&Aacute;</a></p>\r\n\r\n	<h3><a href=\"https://www.dienmayxanh.com/may-hut-bui/shimono-svc1015?itm_source=knh&amp;itm_medium=shortcode&amp;itm_content=productlist\">M&aacute;y h&uacute;t bụi cầm tay Shimono SVC1015</a></h3>\r\n\r\n	<p><a href=\"https://www.dienmayxanh.com/may-hut-bui/shimono-svc1015?itm_source=knh&amp;itm_medium=shortcode&amp;itm_content=productlist\">1.770.000₫</a></p>\r\n\r\n	<p><a href=\"https://www.dienmayxanh.com/may-hut-bui/shimono-svc1015?itm_source=knh&amp;itm_medium=shortcode&amp;itm_content=productlist\">2.290.000₫</a></p>\r\n	<a href=\"https://www.dienmayxanh.com/may-hut-bui/shimono-svc1015?itm_source=knh&amp;itm_medium=shortcode&amp;itm_content=productlist\">&nbsp;22%</a></li>\r\n</ul>\r\n\r\n<ul>\r\n	<li>\r\n	<p><a href=\"https://www.dienmayxanh.com/may-hut-bui/shimono-svc1016c?itm_source=knh&amp;itm_medium=shortcode&amp;itm_content=productlist\"><img alt=\"Máy hút bụi cầm tay Shimono SVC1016C\" src=\"https://img.tgdd.vn/imgt/f_webp,fit_outside,quality_100,s_300x300/https://cdn.tgdd.vn/Products/Images/1990/236358/shimono-svc1016c-300x300.jpg\" style=\"height:300px; width:300px\" /></a></p>\r\n\r\n	<p><a href=\"https://www.dienmayxanh.com/may-hut-bui/shimono-svc1016c?itm_source=knh&amp;itm_medium=shortcode&amp;itm_content=productlist\"><img alt=\"Giá rẻ quá\" src=\"https://img.tgdd.vn/imgt/f_webp,fit_outside,quality_100/https://cdn.tgdd.vn/2023/08/campaign/icon-50x50-label-giarequa-min-50x50.png\" style=\"height:20px; width:20px\" />GI&Aacute; RẺ QU&Aacute;</a></p>\r\n\r\n	<h3><a href=\"https://www.dienmayxanh.com/may-hut-bui/shimono-svc1016c?itm_source=knh&amp;itm_medium=shortcode&amp;itm_content=productlist\">M&aacute;y h&uacute;t bụi cầm tay Shimono SVC1016C</a></h3>\r\n\r\n	<p><a href=\"https://www.dienmayxanh.com/may-hut-bui/shimono-svc1016c?itm_source=knh&amp;itm_medium=shortcode&amp;itm_content=productlist\">920.000₫</a></p>\r\n\r\n	<p><a href=\"https://www.dienmayxanh.com/may-hut-bui/shimono-svc1016c?itm_source=knh&amp;itm_medium=shortcode&amp;itm_content=productlist\">1.190.000₫</a></p>\r\n	<a href=\"https://www.dienmayxanh.com/may-hut-bui/shimono-svc1016c?itm_source=knh&amp;itm_medium=shortcode&amp;itm_content=productlist\">&nbsp;22%</a></li>\r\n</ul>\r\n\r\n<ul>\r\n	<li>\r\n	<p>&nbsp;</p>\r\n\r\n	<p><a href=\"https://www.dienmayxanh.com/may-hut-bui/shimono-svc1025?itm_source=knh&amp;itm_medium=shortcode&amp;itm_content=productlist\">GI&Aacute; RẺ QU&Aacute;</a></p>\r\n\r\n	<h3><a href=\"https://www.dienmayxanh.com/may-hut-bui/shimono-svc1025?itm_source=knh&amp;itm_medium=shortcode&amp;itm_content=productlist\">M&aacute;y h&uacute;t bụi cầm tay Shimono SVC1025</a></h3>\r\n\r\n	<p><a href=\"https://www.dienmayxanh.com/may-hut-bui/shimono-svc1025?itm_source=knh&amp;itm_medium=shortcode&amp;itm_content=productlist\">2.630.000₫</a></p>\r\n\r\n	<p><a href=\"https://www.dienmayxanh.com/may-hut-bui/shimono-svc1025?itm_source=knh&amp;itm_medium=shortcode&amp;itm_content=productlist\">3.390.000₫</a></p>\r\n	<a href=\"https://www.dienmayxanh.com/may-hut-bui/shimono-svc1025?itm_source=knh&amp;itm_medium=shortcode&amp;itm_content=productlist\">&nbsp;22%</a></li>\r\n</ul>\r\n\r\n<ul>\r\n	<li>\r\n	<p>&nbsp;</p>\r\n\r\n	<p><a href=\"https://www.dienmayxanh.com/may-hut-bui/bo-shimono-svc1022-va-svc1019c?itm_source=knh&amp;itm_medium=shortcode&amp;itm_content=productlist\">GI&Aacute; RẺ QU&Aacute;</a></p>\r\n\r\n	<h3><a href=\"https://www.dienmayxanh.com/may-hut-bui/bo-shimono-svc1022-va-svc1019c?itm_source=knh&amp;itm_medium=shortcode&amp;itm_content=productlist\">M&aacute;y h&uacute;t bụi cầm tay Shimono SVC1022 SVC1019C</a></h3>\r\n\r\n	<p><a href=\"https://www.dienmayxanh.com/may-hut-bui/bo-shimono-svc1022-va-svc1019c?itm_source=knh&amp;itm_medium=shortcode&amp;itm_content=productlist\">3.790.000₫</a></p>\r\n\r\n	<p><a href=\"https://www.dienmayxanh.com/may-hut-bui/bo-shimono-svc1022-va-svc1019c?itm_source=knh&amp;itm_medium=shortcode&amp;itm_content=productlist\">4.890.000₫</a></p>\r\n	<a href=\"https://www.dienmayxanh.com/may-hut-bui/bo-shimono-svc1022-va-svc1019c?itm_source=knh&amp;itm_medium=shortcode&amp;itm_content=productlist\">&nbsp;22%</a></li>\r\n</ul>\r\n\r\n<p>&nbsp;</p>\r\n\r\n<ul>\r\n</ul>\r\n\r\n<p><a href=\"https://www.dienmayxanh.com/may-hut-bui?itm_source=knh&amp;itm_medium=shortcode&amp;itm_content=productlist\" target=\"_blank\">Xem th&ecirc;m sản phẩm M&aacute;y h&uacute;t bụi</a></p>\r\n\r\n<h3>2Chọn loại khoang chứa bụi</h3>\r\n\r\n<p>Khoang chứa bụi bằng hộp</p>\r\n\r\n<p>M&aacute;y h&uacute;t bụi với khoang chứa bằng hộp rộng gi&uacute;p bạn c&oacute; thể vệ sinh nh&agrave; cửa nhiều lần trước khi khoang chứa bụi đầy. Hơn nữa, khoang chứa bụi&nbsp;<strong>dễ d&agrave;ng th&aacute;o lắp</strong>, l&agrave;m sạch n&ecirc;n bạn kh&ocirc;ng cần bỏ th&ecirc;m chi ph&iacute; mua t&uacute;i đựng.</p>\r\n\r\n<p><img alt=\"Khoang chứ bụi bằng hộp\" src=\"https://cdn.tgdd.vn/Files/2014/04/15/542183/chon-mua-may-hut-bui-phu-hop-voi-nhu-cau-18.jpg\" /></p>\r\n\r\n<p>&nbsp;</p>\r\n\r\n<p><a href=\"https://www.dienmayxanh.com/may-hut-bui/panasonic-mc-cl575kn49?src=osp\" target=\"_blank\">M&aacute;y h&uacute;t bụi Panasonic MC-CL575KN49 2000W</a></p>\r\n\r\n<p><strong>Ưu điểm</strong></p>\r\n\r\n<ul>\r\n	<li>Hộp đựng bụi dễ d&agrave;ng th&aacute;o lắp, gi&uacute;p bạn&nbsp;<strong>vệ sinh dễ d&agrave;ng</strong>&nbsp;v&agrave; g&oacute;p phần&nbsp;<strong>bảo vệ m&ocirc;i trường</strong>&nbsp;khi kh&ocirc;ng sử dụng t&uacute;i đựng.</li>\r\n	<li>Dễ d&agrave;ng nhận biết được th&ugrave;ng chứa đ&atilde; đầy chưa, để l&agrave;m sạch kịp thời v&agrave; kh&ocirc;ng l&agrave;m ảnh hưởng đến lực h&uacute;t của m&aacute;y.</li>\r\n	<li>M&aacute;y được trang bị&nbsp;<strong>đa dạng c&aacute;c loại đầu h&uacute;t rời</strong>&nbsp;như:&nbsp;<a href=\"https://www.dienmayxanh.com/may-hut-bui?g=dau-hut-uv\" target=\"_blank\">đầu h&uacute;t UV</a>,&nbsp;<a href=\"https://www.dienmayxanh.com/may-hut-bui?g=dau-hut-rem\" target=\"_blank\">đầu h&uacute;t r&egrave;m</a>,&nbsp;<a href=\"https://www.dienmayxanh.com/may-hut-bui?g=dau-lau-san\" target=\"_blank\">đầu h&uacute;t lau s&agrave;n</a>,... cho từng mục đ&iacute;ch l&agrave;m sạch kh&aacute;c nhau của người d&ugrave;ng.</li>\r\n</ul>\r\n\r\n<p><strong>Nhược điểm</strong></p>\r\n\r\n<ul>\r\n	<li>Việc xả bụi khi vệ sinh khoang chứa c&oacute; thể l&agrave;m bụi bay lung tung,&nbsp;<strong>kh&ocirc;ng th&iacute;ch hợp cho người bị dị ứng</strong>&nbsp;hay hen suyễn.</li>\r\n	<li>Bụi bẩn đi qua ống h&uacute;t d&agrave;i v&agrave; c&aacute;c bộ lọc khiến m&aacute;y tạo tiếng ồn lớn hoặc khiến ống h&uacute;t bụi bị tắc nghẽn.</li>\r\n</ul>\r\n\r\n<p>&nbsp;</p>\r\n\r\n<p><strong>Tham khảo m&aacute;y h&uacute;t bụi d&ugrave;ng hộp chứa bụi đang kinh doanh tại Điện m&aacute;y XANH:</strong></p>\r\n\r\n<ul>\r\n	<li>\r\n	<p><a href=\"https://www.dienmayxanh.com/may-hut-bui/panasonic-mc-cg371an46?itm_source=knh&amp;itm_medium=shortcode&amp;itm_content=productlist\"><img alt=\"Máy hút bụi dạng hộp Panasonic MC-CG371AN46\" src=\"https://img.tgdd.vn/imgt/f_webp,fit_outside,quality_100,s_300x300/https://cdn.tgdd.vn/Products/Images/1990/109324/panasonic-mc-cg371an46-daidien-300x300.jpg\" style=\"height:300px; width:300px\" /></a></p>\r\n\r\n	<h3><a href=\"https://www.dienmayxanh.com/may-hut-bui/panasonic-mc-cg371an46?itm_source=knh&amp;itm_medium=shortcode&amp;itm_content=productlist\">M&aacute;y h&uacute;t bụi dạng hộp Panasonic MC-CG371AN46</a></h3>\r\n\r\n	<p><a href=\"https://www.dienmayxanh.com/may-hut-bui/panasonic-mc-cg371an46?itm_source=knh&amp;itm_medium=shortcode&amp;itm_content=productlist\">2.080.000₫</a></p>\r\n	</li>\r\n</ul>\r\n\r\n<ul>\r\n	<li>\r\n	<p><a href=\"https://www.dienmayxanh.com/may-hut-bui/electrolux-zsp4303af?itm_source=knh&amp;itm_medium=shortcode&amp;itm_content=productlist\"><img alt=\"Máy hút bụi dạng hộp Electrolux ZSP4303AF\" src=\"https://img.tgdd.vn/imgt/f_webp,fit_outside,quality_100,s_300x300/https://cdn.tgdd.vn/Products/Images/1990/113340/electrolux-zsp4303af-300x300.png\" style=\"height:300px; width:300px\" /></a></p>\r\n\r\n	<h3><a href=\"https://www.dienmayxanh.com/may-hut-bui/electrolux-zsp4303af?itm_source=knh&amp;itm_medium=shortcode&amp;itm_content=productlist\">M&aacute;y h&uacute;t bụi dạng hộp Electrolux ZSP4303AF</a></h3>\r\n\r\n	<p><a href=\"https://www.dienmayxanh.com/may-hut-bui/electrolux-zsp4303af?itm_source=knh&amp;itm_medium=shortcode&amp;itm_content=productlist\">3.890.000₫</a></p>\r\n	</li>\r\n</ul>\r\n\r\n<ul>\r\n	<li>\r\n	<p><a href=\"https://www.dienmayxanh.com/may-hut-bui/panasonic-mc-cl305bn46?itm_source=knh&amp;itm_medium=shortcode&amp;itm_content=productlist\"><img alt=\"Máy hút bụi dạng hộp Panasonic MC-CL305BN46\" src=\"https://img.tgdd.vn/imgt/f_webp,fit_outside,quality_100,s_300x300/https://cdn.tgdd.vn/Products/Images/1990/118574/panasonic-mc-cl305bn46-220922-053952-600x600.jpg\" style=\"height:300px; width:300px\" /></a></p>\r\n\r\n	<h3><a href=\"https://www.dienmayxanh.com/may-hut-bui/panasonic-mc-cl305bn46?itm_source=knh&amp;itm_medium=shortcode&amp;itm_content=productlist\">M&aacute;y h&uacute;t bụi dạng hộp Panasonic MC-CL305BN46</a></h3>\r\n\r\n	<p><a href=\"https://www.dienmayxanh.com/may-hut-bui/panasonic-mc-cl305bn46?itm_source=knh&amp;itm_medium=shortcode&amp;itm_content=productlist\">2.800.000₫</a></p>\r\n	</li>\r\n</ul>\r\n\r\n<ul>\r\n	<li>\r\n	<p><a href=\"https://www.dienmayxanh.com/may-hut-bui/philips-fc9350?utm_flashsale=1?itm_source=knh&amp;itm_medium=shortcode&amp;itm_content=productlist\">Trả góp 0%<img alt=\"Máy hút bụi dạng hộp Philips FC9350\" src=\"https://img.tgdd.vn/imgt/f_webp,fit_outside,quality_100,s_300x300/https://cdn.tgdd.vn/Products/Images/1990/141629/philips-fc9350-dd-1-300x300.jpg\" style=\"height:300px; width:300px\" /></a></p>\r\n\r\n	<p><a href=\"https://www.dienmayxanh.com/may-hut-bui/philips-fc9350?utm_flashsale=1?itm_source=knh&amp;itm_medium=shortcode&amp;itm_content=productlist\"><img alt=\"sale vô đối\" src=\"https://img.tgdd.vn/imgt/f_webp,fit_outside,quality_100/https://cdn.tgdd.vn/2024/05/content/logo-100x100.png\" style=\"height:20px; width:20px\" />SALE V&Ocirc; ĐỐI</a></p>\r\n\r\n	<h3><a href=\"https://www.dienmayxanh.com/may-hut-bui/philips-fc9350?utm_flashsale=1?itm_source=knh&amp;itm_medium=shortcode&amp;itm_content=productlist\">M&aacute;y h&uacute;t bụi dạng hộp Philips FC9350</a></h3>\r\n\r\n	<p><a href=\"https://www.dienmayxanh.com/may-hut-bui/philips-fc9350?utm_flashsale=1?itm_source=knh&amp;itm_medium=shortcode&amp;itm_content=productlist\">2.150.000₫</a></p>\r\n\r\n	<p><a href=\"https://www.dienmayxanh.com/may-hut-bui/philips-fc9350?utm_flashsale=1?itm_source=knh&amp;itm_medium=shortcode&amp;itm_content=productlist\">3.309.000₫</a></p>\r\n	<a href=\"https://www.dienmayxanh.com/may-hut-bui/philips-fc9350?utm_flashsale=1?itm_source=knh&amp;itm_medium=shortcode&amp;itm_content=productlist\">&nbsp;35%</a></li>\r\n</ul>\r\n\r\n<ul>\r\n	<li>\r\n	<p><a href=\"https://www.dienmayxanh.com/may-hut-bui/samsung-vc18m21m0vn-sv-n?itm_source=knh&amp;itm_medium=shortcode&amp;itm_content=productlist\">Trả góp 0%<img alt=\"Máy hút bụi dạng hộp Samsung VC18M21M0VN/SV-N\" src=\"https://img.tgdd.vn/imgt/f_webp,fit_outside,quality_100,s_300x300/https://cdn.tgdd.vn/Products/Images/1990/157525/samsung-vc18m21m0vn-sv-n-300x300.jpg\" style=\"height:300px; width:300px\" /></a></p>\r\n\r\n	<p><a href=\"https://www.dienmayxanh.com/may-hut-bui/samsung-vc18m21m0vn-sv-n?itm_source=knh&amp;itm_medium=shortcode&amp;itm_content=productlist\"><img alt=\"Giá rẻ quá\" src=\"https://img.tgdd.vn/imgt/f_webp,fit_outside,quality_100/https://cdn.tgdd.vn/2023/08/campaign/icon-50x50-label-giarequa-min-50x50.png\" style=\"height:20px; width:20px\" />GI&Aacute; RẺ QU&Aacute;</a></p>\r\n\r\n	<h3><a href=\"https://www.dienmayxanh.com/may-hut-bui/samsung-vc18m21m0vn-sv-n?itm_source=knh&amp;itm_medium=shortcode&amp;itm_content=productlist\">M&aacute;y h&uacute;t bụi dạng hộp Samsung VC18M21M0VN/SV-N</a></h3>\r\n\r\n	<p><a href=\"https://www.dienmayxanh.com/may-hut-bui/samsung-vc18m21m0vn-sv-n?itm_source=knh&amp;itm_medium=shortcode&amp;itm_content=productlist\">1.390.000₫</a></p>\r\n\r\n	<p><a href=\"https://www.dienmayxanh.com/may-hut-bui/samsung-vc18m21m0vn-sv-n?itm_source=knh&amp;itm_medium=shortcode&amp;itm_content=productlist\">2.290.000₫</a></p>\r\n	<a href=\"https://www.dienmayxanh.com/may-hut-bui/samsung-vc18m21m0vn-sv-n?itm_source=knh&amp;itm_medium=shortcode&amp;itm_content=productlist\">&nbsp;39%</a></li>\r\n</ul>\r\n\r\n<ul>\r\n	<li>\r\n	<p><a href=\"https://www.dienmayxanh.com/may-hut-bui/electrolux-z1231?utm_flashsale=1?itm_source=knh&amp;itm_medium=shortcode&amp;itm_content=productlist\"><img alt=\"Máy hút bụi dạng hộp Electrolux Z1231\" src=\"https://img.tgdd.vn/imgt/f_webp,fit_outside,quality_100,s_300x300/https://cdn.tgdd.vn/Products/Images/1990/162048/electrolux-z1231-daidien-300x300.jpg\" style=\"height:300px; width:300px\" /></a></p>\r\n\r\n	<p><a href=\"https://www.dienmayxanh.com/may-hut-bui/electrolux-z1231?utm_flashsale=1?itm_source=knh&amp;itm_medium=shortcode&amp;itm_content=productlist\"><img alt=\"sale vô đối\" src=\"https://img.tgdd.vn/imgt/f_webp,fit_outside,quality_100/https://cdn.tgdd.vn/2024/05/content/logo-100x100.png\" style=\"height:20px; width:20px\" />SALE V&Ocirc; ĐỐI</a></p>\r\n\r\n	<h3><a href=\"https://www.dienmayxanh.com/may-hut-bui/electrolux-z1231?utm_flashsale=1?itm_source=knh&amp;itm_medium=shortcode&amp;itm_content=productlist\">M&aacute;y h&uacute;t bụi dạng hộp Electrolux Z1231</a></h3>\r\n\r\n	<p><a href=\"https://www.dienmayxanh.com/may-hut-bui/electrolux-z1231?utm_flashsale=1?itm_source=knh&amp;itm_medium=shortcode&amp;itm_content=productlist\">1.290.000₫</a></p>\r\n\r\n	<p><a href=\"https://www.dienmayxanh.com/may-hut-bui/electrolux-z1231?utm_flashsale=1?itm_source=knh&amp;itm_medium=shortcode&amp;itm_content=productlist\">1.990.000₫</a></p>\r\n	<a href=\"https://www.dienmayxanh.com/may-hut-bui/electrolux-z1231?utm_flashsale=1?itm_source=knh&amp;itm_medium=shortcode&amp;itm_content=productlist\">&nbsp;35%</a></li>\r\n</ul>\r\n\r\n<ul>\r\n	<li>\r\n	<p><a href=\"https://www.dienmayxanh.com/may-hut-bui/hitachi-cv-sf20v-24cv-bre?itm_source=knh&amp;itm_medium=shortcode&amp;itm_content=productlist\"><img alt=\"Máy hút bụi dạng hộp Hitachi CV-SF20V 24CV\" src=\"https://img.tgdd.vn/imgt/f_webp,fit_outside,quality_100,s_300x300/https://cdn.tgdd.vn/Products/Images/1990/197819/may-hut-bui-hitachi-cv-sf20v-24cv-bre-300x300.jpg\" style=\"height:300px; width:300px\" /></a></p>\r\n\r\n	<h3><a href=\"https://www.dienmayxanh.com/may-hut-bui/hitachi-cv-sf20v-24cv-bre?itm_source=knh&amp;itm_medium=shortcode&amp;itm_content=productlist\">M&aacute;y h&uacute;t bụi dạng hộp Hitachi CV-SF20V 24CV</a></h3>\r\n\r\n	<p><a href=\"https://www.dienmayxanh.com/may-hut-bui/hitachi-cv-sf20v-24cv-bre?itm_source=knh&amp;itm_medium=shortcode&amp;itm_content=productlist\">Online giá rẻ qu&aacute;</a></p>\r\n\r\n	<p><a href=\"https://www.dienmayxanh.com/may-hut-bui/hitachi-cv-sf20v-24cv-bre?itm_source=knh&amp;itm_medium=shortcode&amp;itm_content=productlist\">2.890.000₫</a></p>\r\n\r\n	<p><a href=\"https://www.dienmayxanh.com/may-hut-bui/hitachi-cv-sf20v-24cv-bre?itm_source=knh&amp;itm_medium=shortcode&amp;itm_content=productlist\">3.390.000₫</a></p>\r\n	<a href=\"https://www.dienmayxanh.com/may-hut-bui/hitachi-cv-sf20v-24cv-bre?itm_source=knh&amp;itm_medium=shortcode&amp;itm_content=productlist\">&nbsp;14%</a></li>\r\n</ul>\r\n\r\n<ul>\r\n	<li>\r\n	<p><a href=\"https://www.dienmayxanh.com/may-hut-bui/may-hut-bui-electrolux-ec31-2bb?utm_flashsale=1?itm_source=knh&amp;itm_medium=shortcode&amp;itm_content=productlist\"><img alt=\"Máy hút bụi dạng hộp Electrolux EC31-2BB\" src=\"https://img.tgdd.vn/imgt/f_webp,fit_outside,quality_100,s_300x300/https://cdn.tgdd.vn/Products/Images/1990/201284/may-hut-bui-electrolux-ec31-2bb-13-300x300.JPG\" style=\"height:300px; width:300px\" /></a></p>\r\n\r\n	<p><a href=\"https://www.dienmayxanh.com/may-hut-bui/may-hut-bui-electrolux-ec31-2bb?utm_flashsale=1?itm_source=knh&amp;itm_medium=shortcode&amp;itm_content=productlist\"><img alt=\"sale vô đối\" src=\"https://img.tgdd.vn/imgt/f_webp,fit_outside,quality_100/https://cdn.tgdd.vn/2024/05/content/logo-100x100.png\" style=\"height:20px; width:20px\" />SALE V&Ocirc; ĐỐI</a></p>\r\n\r\n	<h3><a href=\"https://www.dienmayxanh.com/may-hut-bui/may-hut-bui-electrolux-ec31-2bb?utm_flashsale=1?itm_source=knh&amp;itm_medium=shortcode&amp;itm_content=productlist\">M&aacute;y h&uacute;t bụi dạng hộp Electrolux EC31-2BB</a></h3>\r\n\r\n	<p><a href=\"https://www.dienmayxanh.com/may-hut-bui/may-hut-bui-electrolux-ec31-2bb?utm_flashsale=1?itm_source=knh&amp;itm_medium=shortcode&amp;itm_content=productlist\">2.180.000₫</a></p>\r\n\r\n	<p><a href=\"https://www.dienmayxanh.com/may-hut-bui/may-hut-bui-electrolux-ec31-2bb?utm_flashsale=1?itm_source=knh&amp;itm_medium=shortcode&amp;itm_content=productlist\">2.790.000₫</a></p>\r\n	<a href=\"https://www.dienmayxanh.com/may-hut-bui/may-hut-bui-electrolux-ec31-2bb?utm_flashsale=1?itm_source=knh&amp;itm_medium=shortcode&amp;itm_content=productlist\">&nbsp;21%</a></li>\r\n</ul>\r\n\r\n<ul>\r\n	<li>\r\n	<p><a href=\"https://www.dienmayxanh.com/may-hut-bui/may-hut-bui-electrolux-ec41-2db?utm_flashsale=1?itm_source=knh&amp;itm_medium=shortcode&amp;itm_content=productlist\">Trả góp 0%<img alt=\"Máy hút bụi dạng hộp Electrolux EC41-2DB\" src=\"https://img.tgdd.vn/imgt/f_webp,fit_outside,quality_100,s_300x300/https://cdn.tgdd.vn/Products/Images/1990/201288/may-hut-bui-electrolux-ec41-2db-2-300x300.jpg\" style=\"height:300px; width:300px\" /></a></p>\r\n\r\n	<p><a href=\"https://www.dienmayxanh.com/may-hut-bui/may-hut-bui-electrolux-ec41-2db?utm_flashsale=1?itm_source=knh&amp;itm_medium=shortcode&amp;itm_content=productlist\"><img alt=\"sale vô đối\" src=\"https://img.tgdd.vn/imgt/f_webp,fit_outside,quality_100/https://cdn.tgdd.vn/2024/05/content/logo-100x100.png\" style=\"height:20px; width:20px\" />SALE V&Ocirc; ĐỐI</a></p>\r\n\r\n	<h3><a href=\"https://www.dienmayxanh.com/may-hut-bui/may-hut-bui-electrolux-ec41-2db?utm_flashsale=1?itm_source=knh&amp;itm_medium=shortcode&amp;itm_content=productlist\">M&aacute;y h&uacute;t bụi dạng hộp Electrolux EC41-2DB</a></h3>\r\n\r\n	<p><a href=\"https://www.dienmayxanh.com/may-hut-bui/may-hut-bui-electrolux-ec41-2db?utm_flashsale=1?itm_source=knh&amp;itm_medium=shortcode&amp;itm_content=productlist\">2.740.000₫</a></p>\r\n\r\n	<p><a href=\"https://www.dienmayxanh.com/may-hut-bui/may-hut-bui-electrolux-ec41-2db?utm_flashsale=1?itm_source=knh&amp;itm_medium=shortcode&amp;itm_content=productlist\">3.290.000₫</a></p>\r\n	<a href=\"https://www.dienmayxanh.com/may-hut-bui/may-hut-bui-electrolux-ec41-2db?utm_flashsale=1?itm_source=knh&amp;itm_medium=shortcode&amp;itm_content=productlist\">&nbsp;16%</a></li>\r\n</ul>\r\n\r\n<ul>\r\n	<li>\r\n	<p><a href=\"https://www.dienmayxanh.com/may-hut-bui/may-hut-bui-electrolux-ec41-6cr?itm_source=knh&amp;itm_medium=shortcode&amp;itm_content=productlist\">Trả góp 0%<img alt=\"Máy hút bụi dạng hộp Electrolux EC41-6CR\" src=\"https://img.tgdd.vn/imgt/f_webp,fit_outside,quality_100,s_300x300/https://cdn.tgdd.vn/Products/Images/1990/201289/may-hut-bui-electrolux-ec41-6cr-1-300x300.jpg\" style=\"height:300px; width:300px\" /></a></p>\r\n\r\n	<h3><a href=\"https://www.dienmayxanh.com/may-hut-bui/may-hut-bui-electrolux-ec41-6cr?itm_source=knh&amp;itm_medium=shortcode&amp;itm_content=productlist\">M&aacute;y h&uacute;t bụi dạng hộp Electrolux EC41-6CR</a></h3>\r\n\r\n	<p><a href=\"https://www.dienmayxanh.com/may-hut-bui/may-hut-bui-electrolux-ec41-6cr?itm_source=knh&amp;itm_medium=shortcode&amp;itm_content=productlist\">3.240.000₫</a></p>\r\n\r\n	<p><a href=\"https://www.dienmayxanh.com/may-hut-bui/may-hut-bui-electrolux-ec41-6cr?itm_source=knh&amp;itm_medium=shortcode&amp;itm_content=productlist\">3.890.000₫</a></p>\r\n	<a href=\"https://www.dienmayxanh.com/may-hut-bui/may-hut-bui-electrolux-ec41-6cr?itm_source=knh&amp;itm_medium=shortcode&amp;itm_content=productlist\">&nbsp;16%</a></li>\r\n</ul>\r\n\r\n<ul>\r\n	<li>\r\n	<p><a href=\"https://www.dienmayxanh.com/may-hut-bui/samsung-vcc8835v37-xsv?itm_source=knh&amp;itm_medium=shortcode&amp;itm_content=productlist\">Trả góp 0%</a></p>\r\n\r\n	<p><a href=\"https://www.dienmayxanh.com/may-hut-bui/samsung-vcc8835v37-xsv?itm_source=knh&amp;itm_medium=shortcode&amp;itm_content=productlist\">GI&Aacute; RẺ QU&Aacute;</a></p>\r\n\r\n	<h3><a href=\"https://www.dienmayxanh.com/may-hut-bui/samsung-vcc8835v37-xsv?itm_source=knh&amp;itm_medium=shortcode&amp;itm_content=productlist\">M&aacute;y h&uacute;t bụi dạng hộp Samsung VCC8835V37/XSV</a></h3>\r\n\r\n	<p><a href=\"https://www.dienmayxanh.com/may-hut-bui/samsung-vcc8835v37-xsv?itm_source=knh&amp;itm_medium=shortcode&amp;itm_content=productlist\">2.490.000₫</a></p>\r\n\r\n	<p><a href=\"https://www.dienmayxanh.com/may-hut-bui/samsung-vcc8835v37-xsv?itm_source=knh&amp;itm_medium=shortcode&amp;itm_content=productlist\">3.290.000₫</a></p>\r\n	<a href=\"https://www.dienmayxanh.com/may-hut-bui/samsung-vcc8835v37-xsv?itm_source=knh&amp;itm_medium=shortcode&amp;itm_content=productlist\">&nbsp;24%</a></li>\r\n</ul>\r\n\r\n<ul>\r\n	<li>\r\n	<p>&nbsp;</p>\r\n\r\n	<p><a href=\"https://www.dienmayxanh.com/may-hut-bui/panasonic-mc-cl573an49?utm_flashsale=1?itm_source=knh&amp;itm_medium=shortcode&amp;itm_content=productlist\">SALE V&Ocirc; ĐỐI</a></p>\r\n\r\n	<h3><a href=\"https://www.dienmayxanh.com/may-hut-bui/panasonic-mc-cl573an49?utm_flashsale=1?itm_source=knh&amp;itm_medium=shortcode&amp;itm_content=productlist\">M&aacute;y h&uacute;t bụi dạng hộp Panasonic MC-CL573AN49</a></h3>\r\n\r\n	<p><a href=\"https://www.dienmayxanh.com/may-hut-bui/panasonic-mc-cl573an49?utm_flashsale=1?itm_source=knh&amp;itm_medium=shortcode&amp;itm_content=productlist\">2.790.000₫</a></p>\r\n	</li>\r\n</ul>\r\n\r\n<p>&nbsp;</p>\r\n\r\n<ul>\r\n</ul>\r\n\r\n<p><a href=\"https://www.dienmayxanh.com/may-hut-bui?itm_source=knh&amp;itm_medium=shortcode&amp;itm_content=productlist\" target=\"_blank\">Xem th&ecirc;m sản phẩm M&aacute;y h&uacute;t bụi</a></p>\r\n\r\n<p>Khoang chứa bụi bằng t&uacute;i</p>\r\n\r\n<p>M&aacute;y h&uacute;t bụi với khoang chứa bụi bằng t&uacute;i vải hoặc t&uacute;i nilon lớn, hạn chế gi&aacute;n đoạn khi h&uacute;t. Một t&uacute;i chứa bụi c&oacute; thể&nbsp;<strong>t&aacute;i chế từ 3 - 4 lần</strong>, sau đ&oacute; bạn phải mua v&agrave; thay thế một t&uacute;i kh&aacute;c để đảm bảo hiệu suất l&agrave;m việc cho m&aacute;y. M&aacute;y đi k&egrave;m với c&aacute;c loại đầu h&uacute;t, hỗ trợ vệ sinh mọi ng&oacute;c ng&aacute;ch nh&agrave; cửa.</p>\r\n\r\n<p><img alt=\"Khoang chứa bụi bằng túi chứa\" src=\"https://cdn.tgdd.vn/Files/2014/04/15/542183/chon-mua-may-hut-bui-phu-hop-voi-nhu-cau-19.jpg\" /></p>\r\n\r\n<p>&nbsp;</p>\r\n\r\n<p><a href=\"https://www.dienmayxanh.com/may-hut-bui/electrolux-z1220?src=osp\" target=\"_blank\">M&aacute;y h&uacute;t bụi Electrolux Z1220</a></p>\r\n\r\n<p><strong>Ưu điểm</strong></p>\r\n\r\n<ul>\r\n	<li>Khi sử dụng xong bạn chỉ cần&nbsp;<a href=\"https://www.dienmayxanh.com/kinh-nghiem-hay/ve-sinh-may-hut-bui-tai-nha-nhanh-chong-hieu-qua-826777\" target=\"_blank\">th&aacute;o t&uacute;i bụi v&agrave; thay mới</a>.</li>\r\n	<li>Một số m&aacute;y c&oacute;&nbsp;<strong>nắp bụi tự động</strong>&nbsp;đ&oacute;ng khi th&aacute;o khỏi m&aacute;y để ngăn ngừa bụi tho&aacute;t ra ngo&agrave;i, tr&aacute;nh t&igrave;nh trạng &ocirc; nhiễm v&agrave; dị ứng.</li>\r\n	<li>B&ecirc;n cạnh đ&oacute;, m&aacute;y h&uacute;t bụi c&oacute; t&uacute;i đựng bụi c&ograve;n gi&uacute;p tăng hiệu quả của bộ lọc cho m&aacute;y bằng c&aacute;ch giảm bụi hay ngăn c&aacute;c mảnh vỡ rơi v&agrave;o m&aacute;y.</li>\r\n	<li>Gi&aacute; th&agrave;nh rẻ hơn so với m&aacute;y h&uacute;t bụi dạng hộp, chi ph&iacute; bảo tr&igrave; thấp, ph&ugrave; hợp với t&agrave;i ch&iacute;nh của nhiều gia đ&igrave;nh.</li>\r\n</ul>\r\n\r\n<p><strong>Nhược điểm</strong></p>\r\n\r\n<ul>\r\n	<li>Phải mất một khoản chi ph&iacute; thay thế t&uacute;i đựng bụi.</li>\r\n	<li>Kh&ocirc;ng được h&uacute;t những vật sắc nếu kh&ocirc;ng t&uacute;i sẽ bị thủng.</li>\r\n	<li>Người d&ugrave;ng kh&oacute; nhận biết khi t&uacute;i đựng bụi đ&atilde; đầy.</li>\r\n</ul>\r\n\r\n<p>&nbsp;</p>\r\n\r\n<p><strong>Tham khảo m&aacute;y h&uacute;t bụi d&ugrave;ng t&uacute;i chứa bụi đang kinh doanh tại Điện m&aacute;y XANH:</strong></p>\r\n\r\n<ul>\r\n	<li>\r\n	<p><a href=\"https://www.dienmayxanh.com/may-hut-bui/panasonic-mc-cg371an46?itm_source=knh&amp;itm_medium=shortcode&amp;itm_content=productlist\"><img alt=\"Máy hút bụi dạng hộp Panasonic MC-CG371AN46\" src=\"https://img.tgdd.vn/imgt/f_webp,fit_outside,quality_100,s_300x300/https://cdn.tgdd.vn/Products/Images/1990/109324/panasonic-mc-cg371an46-daidien-300x300.jpg\" style=\"height:300px; width:300px\" /></a></p>\r\n\r\n	<h3><a href=\"https://www.dienmayxanh.com/may-hut-bui/panasonic-mc-cg371an46?itm_source=knh&amp;itm_medium=shortcode&amp;itm_content=productlist\">M&aacute;y h&uacute;t bụi dạng hộp Panasonic MC-CG371AN46</a></h3>\r\n\r\n	<p><a href=\"https://www.dienmayxanh.com/may-hut-bui/panasonic-mc-cg371an46?itm_source=knh&amp;itm_medium=shortcode&amp;itm_content=productlist\">2.080.000₫</a></p>\r\n	</li>\r\n</ul>\r\n\r\n<ul>\r\n	<li>\r\n	<p><a href=\"https://www.dienmayxanh.com/may-hut-bui/electrolux-zsp4303af?itm_source=knh&amp;itm_medium=shortcode&amp;itm_content=productlist\"><img alt=\"Máy hút bụi dạng hộp Electrolux ZSP4303AF\" src=\"https://img.tgdd.vn/imgt/f_webp,fit_outside,quality_100,s_300x300/https://cdn.tgdd.vn/Products/Images/1990/113340/electrolux-zsp4303af-300x300.png\" style=\"height:300px; width:300px\" /></a></p>\r\n\r\n	<h3><a href=\"https://www.dienmayxanh.com/may-hut-bui/electrolux-zsp4303af?itm_source=knh&amp;itm_medium=shortcode&amp;itm_content=productlist\">M&aacute;y h&uacute;t bụi dạng hộp Electrolux ZSP4303AF</a></h3>\r\n\r\n	<p><a href=\"https://www.dienmayxanh.com/may-hut-bui/electrolux-zsp4303af?itm_source=knh&amp;itm_medium=shortcode&amp;itm_content=productlist\">3.890.000₫</a></p>\r\n	</li>\r\n</ul>\r\n\r\n<ul>\r\n	<li>\r\n	<p><a href=\"https://www.dienmayxanh.com/may-hut-bui/panasonic-mc-cl305bn46?itm_source=knh&amp;itm_medium=shortcode&amp;itm_content=productlist\"><img alt=\"Máy hút bụi dạng hộp Panasonic MC-CL305BN46\" src=\"https://img.tgdd.vn/imgt/f_webp,fit_outside,quality_100,s_300x300/https://cdn.tgdd.vn/Products/Images/1990/118574/panasonic-mc-cl305bn46-220922-053952-600x600.jpg\" style=\"height:300px; width:300px\" /></a></p>\r\n\r\n	<h3><a href=\"https://www.dienmayxanh.com/may-hut-bui/panasonic-mc-cl305bn46?itm_source=knh&amp;itm_medium=shortcode&amp;itm_content=productlist\">M&aacute;y h&uacute;t bụi dạng hộp Panasonic MC-CL305BN46</a></h3>\r\n\r\n	<p><a href=\"https://www.dienmayxanh.com/may-hut-bui/panasonic-mc-cl305bn46?itm_source=knh&amp;itm_medium=shortcode&amp;itm_content=productlist\">2.800.000₫</a></p>\r\n	</li>\r\n</ul>\r\n\r\n<ul>\r\n	<li>\r\n	<p><a href=\"https://www.dienmayxanh.com/may-hut-bui/philips-fc9350?utm_flashsale=1?itm_source=knh&amp;itm_medium=shortcode&amp;itm_content=productlist\">Trả góp 0%<img alt=\"Máy hút bụi dạng hộp Philips FC9350\" src=\"https://img.tgdd.vn/imgt/f_webp,fit_outside,quality_100,s_300x300/https://cdn.tgdd.vn/Products/Images/1990/141629/philips-fc9350-dd-1-300x300.jpg\" style=\"height:300px; width:300px\" /></a></p>\r\n\r\n	<p><a href=\"https://www.dienmayxanh.com/may-hut-bui/philips-fc9350?utm_flashsale=1?itm_source=knh&amp;itm_medium=shortcode&amp;itm_content=productlist\"><img alt=\"sale vô đối\" src=\"https://img.tgdd.vn/imgt/f_webp,fit_outside,quality_100/https://cdn.tgdd.vn/2024/05/content/logo-100x100.png\" style=\"height:20px; width:20px\" />SALE V&Ocirc; ĐỐI</a></p>\r\n\r\n	<h3><a href=\"https://www.dienmayxanh.com/may-hut-bui/philips-fc9350?utm_flashsale=1?itm_source=knh&amp;itm_medium=shortcode&amp;itm_content=productlist\">M&aacute;y h&uacute;t bụi dạng hộp Philips FC9350</a></h3>\r\n\r\n	<p><a href=\"https://www.dienmayxanh.com/may-hut-bui/philips-fc9350?utm_flashsale=1?itm_source=knh&amp;itm_medium=shortcode&amp;itm_content=productlist\">2.150.000₫</a></p>\r\n\r\n	<p><a href=\"https://www.dienmayxanh.com/may-hut-bui/philips-fc9350?utm_flashsale=1?itm_source=knh&amp;itm_medium=shortcode&amp;itm_content=productlist\">3.309.000₫</a></p>\r\n	<a href=\"https://www.dienmayxanh.com/may-hut-bui/philips-fc9350?utm_flashsale=1?itm_source=knh&amp;itm_medium=shortcode&amp;itm_content=productlist\">&nbsp;35%</a></li>\r\n</ul>\r\n\r\n<ul>\r\n	<li>\r\n	<p><a href=\"https://www.dienmayxanh.com/may-hut-bui/samsung-vc18m21m0vn-sv-n?itm_source=knh&amp;itm_medium=shortcode&amp;itm_content=productlist\">Trả góp 0%<img alt=\"Máy hút bụi dạng hộp Samsung VC18M21M0VN/SV-N\" src=\"https://img.tgdd.vn/imgt/f_webp,fit_outside,quality_100,s_300x300/https://cdn.tgdd.vn/Products/Images/1990/157525/samsung-vc18m21m0vn-sv-n-300x300.jpg\" style=\"height:300px; width:300px\" /></a></p>\r\n\r\n	<p><a href=\"https://www.dienmayxanh.com/may-hut-bui/samsung-vc18m21m0vn-sv-n?itm_source=knh&amp;itm_medium=shortcode&amp;itm_content=productlist\"><img alt=\"Giá rẻ quá\" src=\"https://img.tgdd.vn/imgt/f_webp,fit_outside,quality_100/https://cdn.tgdd.vn/2023/08/campaign/icon-50x50-label-giarequa-min-50x50.png\" style=\"height:20px; width:20px\" />GI&Aacute; RẺ QU&Aacute;</a></p>\r\n\r\n	<h3><a href=\"https://www.dienmayxanh.com/may-hut-bui/samsung-vc18m21m0vn-sv-n?itm_source=knh&amp;itm_medium=shortcode&amp;itm_content=productlist\">M&aacute;y h&uacute;t bụi dạng hộp Samsung VC18M21M0VN/SV-N</a></h3>\r\n\r\n	<p><a href=\"https://www.dienmayxanh.com/may-hut-bui/samsung-vc18m21m0vn-sv-n?itm_source=knh&amp;itm_medium=shortcode&amp;itm_content=productlist\">1.390.000₫</a></p>\r\n\r\n	<p><a href=\"https://www.dienmayxanh.com/may-hut-bui/samsung-vc18m21m0vn-sv-n?itm_source=knh&amp;itm_medium=shortcode&amp;itm_content=productlist\">2.290.000₫</a></p>\r\n	<a href=\"https://www.dienmayxanh.com/may-hut-bui/samsung-vc18m21m0vn-sv-n?itm_source=knh&amp;itm_medium=shortcode&amp;itm_content=productlist\">&nbsp;39%</a></li>\r\n</ul>\r\n\r\n<ul>\r\n	<li>\r\n	<p><a href=\"https://www.dienmayxanh.com/may-hut-bui/electrolux-z1231?utm_flashsale=1?itm_source=knh&amp;itm_medium=shortcode&amp;itm_content=productlist\"><img alt=\"Máy hút bụi dạng hộp Electrolux Z1231\" src=\"https://img.tgdd.vn/imgt/f_webp,fit_outside,quality_100,s_300x300/https://cdn.tgdd.vn/Products/Images/1990/162048/electrolux-z1231-daidien-300x300.jpg\" style=\"height:300px; width:300px\" /></a></p>\r\n\r\n	<p><a href=\"https://www.dienmayxanh.com/may-hut-bui/electrolux-z1231?utm_flashsale=1?itm_source=knh&amp;itm_medium=shortcode&amp;itm_content=productlist\"><img alt=\"sale vô đối\" src=\"https://img.tgdd.vn/imgt/f_webp,fit_outside,quality_100/https://cdn.tgdd.vn/2024/05/content/logo-100x100.png\" style=\"height:20px; width:20px\" />SALE V&Ocirc; ĐỐI</a></p>\r\n\r\n	<h3><a href=\"https://www.dienmayxanh.com/may-hut-bui/electrolux-z1231?utm_flashsale=1?itm_source=knh&amp;itm_medium=shortcode&amp;itm_content=productlist\">M&aacute;y h&uacute;t bụi dạng hộp Electrolux Z1231</a></h3>\r\n\r\n	<p><a href=\"https://www.dienmayxanh.com/may-hut-bui/electrolux-z1231?utm_flashsale=1?itm_source=knh&amp;itm_medium=shortcode&amp;itm_content=productlist\">1.290.000₫</a></p>\r\n\r\n	<p><a href=\"https://www.dienmayxanh.com/may-hut-bui/electrolux-z1231?utm_flashsale=1?itm_source=knh&amp;itm_medium=shortcode&amp;itm_content=productlist\">1.990.000₫</a></p>\r\n	<a href=\"https://www.dienmayxanh.com/may-hut-bui/electrolux-z1231?utm_flashsale=1?itm_source=knh&amp;itm_medium=shortcode&amp;itm_content=productlist\">&nbsp;35%</a></li>\r\n</ul>\r\n\r\n<ul>\r\n	<li>\r\n	<p><a href=\"https://www.dienmayxanh.com/may-hut-bui/electrolux-zb3314ak?itm_source=knh&amp;itm_medium=shortcode&amp;itm_content=productlist\">Trả góp 0%<img alt=\"Máy hút bụi không dây Electrolux ZB3314AK\" src=\"https://img.tgdd.vn/imgt/f_webp,fit_outside,quality_100,s_300x300/https://cdn.tgdd.vn/Products/Images/1990/164542/electrolux-zb3314ak-030622-022251-600x600.jpg\" style=\"height:300px; width:300px\" /></a></p>\r\n\r\n	<h3><a href=\"https://www.dienmayxanh.com/may-hut-bui/electrolux-zb3314ak?itm_source=knh&amp;itm_medium=shortcode&amp;itm_content=productlist\">M&aacute;y h&uacute;t bụi kh&ocirc;ng d&acirc;y Electrolux ZB3314AK</a></h3>\r\n\r\n	<p><a href=\"https://www.dienmayxanh.com/may-hut-bui/electrolux-zb3314ak?itm_source=knh&amp;itm_medium=shortcode&amp;itm_content=productlist\">4.990.000₫</a></p>\r\n	</li>\r\n</ul>\r\n\r\n<ul>\r\n	<li>\r\n	<p><a href=\"https://www.dienmayxanh.com/may-hut-bui/midea-mvc-sc861b?utm_flashsale=1?itm_source=knh&amp;itm_medium=shortcode&amp;itm_content=productlist\"><img alt=\"Máy hút bụi cầm tay Midea MVC-SC861B\" src=\"https://img.tgdd.vn/imgt/f_webp,fit_outside,quality_100,s_300x300/https://cdn.tgdd.vn/Products/Images/1990/168600/midea-mvc-sc861b-191122-120607-600x600.jpg\" style=\"height:300px; width:300px\" /></a></p>\r\n\r\n	<p><a href=\"https://www.dienmayxanh.com/may-hut-bui/midea-mvc-sc861b?utm_flashsale=1?itm_source=knh&amp;itm_medium=shortcode&amp;itm_content=productlist\"><img alt=\"sale vô đối\" src=\"https://img.tgdd.vn/imgt/f_webp,fit_outside,quality_100/https://cdn.tgdd.vn/2024/05/content/logo-100x100.png\" style=\"height:20px; width:20px\" />SALE V&Ocirc; ĐỐI</a></p>\r\n\r\n	<h3><a href=\"https://www.dienmayxanh.com/may-hut-bui/midea-mvc-sc861b?utm_flashsale=1?itm_source=knh&amp;itm_medium=shortcode&amp;itm_content=productlist\">M&aacute;y h&uacute;t bụi cầm tay Midea MVC-SC861B</a></h3>\r\n\r\n	<p><a href=\"https://www.dienmayxanh.com/may-hut-bui/midea-mvc-sc861b?utm_flashsale=1?itm_source=knh&amp;itm_medium=shortcode&amp;itm_content=productlist\">925.000₫</a></p>\r\n\r\n	<p><a href=\"https://www.dienmayxanh.com/may-hut-bui/midea-mvc-sc861b?utm_flashsale=1?itm_source=knh&amp;itm_medium=shortcode&amp;itm_content=productlist\">1.090.000₫</a></p>\r\n	<a href=\"https://www.dienmayxanh.com/may-hut-bui/midea-mvc-sc861b?utm_flashsale=1?itm_source=knh&amp;itm_medium=shortcode&amp;itm_content=productlist\">&nbsp;15%</a></li>\r\n</ul>\r\n\r\n<ul>\r\n	<li>\r\n	<p><a href=\"https://www.dienmayxanh.com/may-hut-bui/hitachi-cv-sf20v-24cv-bre?itm_source=knh&amp;itm_medium=shortcode&amp;itm_content=productlist\"><img alt=\"Máy hút bụi dạng hộp Hitachi CV-SF20V 24CV\" src=\"https://img.tgdd.vn/imgt/f_webp,fit_outside,quality_100,s_300x300/https://cdn.tgdd.vn/Products/Images/1990/197819/may-hut-bui-hitachi-cv-sf20v-24cv-bre-300x300.jpg\" style=\"height:300px; width:300px\" /></a></p>\r\n\r\n	<h3><a href=\"https://www.dienmayxanh.com/may-hut-bui/hitachi-cv-sf20v-24cv-bre?itm_source=knh&amp;itm_medium=shortcode&amp;itm_content=productlist\">M&aacute;y h&uacute;t bụi dạng hộp Hitachi CV-SF20V 24CV</a></h3>\r\n\r\n	<p><a href=\"https://www.dienmayxanh.com/may-hut-bui/hitachi-cv-sf20v-24cv-bre?itm_source=knh&amp;itm_medium=shortcode&amp;itm_content=productlist\">Online giá rẻ qu&aacute;</a></p>\r\n\r\n	<p><a href=\"https://www.dienmayxanh.com/may-hut-bui/hitachi-cv-sf20v-24cv-bre?itm_source=knh&amp;itm_medium=shortcode&amp;itm_content=productlist\">2.890.000₫</a></p>\r\n\r\n	<p><a href=\"https://www.dienmayxanh.com/may-hut-bui/hitachi-cv-sf20v-24cv-bre?itm_source=knh&amp;itm_medium=shortcode&amp;itm_content=productlist\">3.390.000₫</a></p>\r\n	<a href=\"https://www.dienmayxanh.com/may-hut-bui/hitachi-cv-sf20v-24cv-bre?itm_source=knh&amp;itm_medium=shortcode&amp;itm_content=productlist\">&nbsp;14%</a></li>\r\n</ul>\r\n\r\n<ul>\r\n	<li>\r\n	<p><a href=\"https://www.dienmayxanh.com/may-hut-bui/may-hut-bui-electrolux-ec31-2bb?utm_flashsale=1?itm_source=knh&amp;itm_medium=shortcode&amp;itm_content=productlist\"><img alt=\"Máy hút bụi dạng hộp Electrolux EC31-2BB\" src=\"https://img.tgdd.vn/imgt/f_webp,fit_outside,quality_100,s_300x300/https://cdn.tgdd.vn/Products/Images/1990/201284/may-hut-bui-electrolux-ec31-2bb-13-300x300.JPG\" style=\"height:300px; width:300px\" /></a></p>\r\n\r\n	<p><a href=\"https://www.dienmayxanh.com/may-hut-bui/may-hut-bui-electrolux-ec31-2bb?utm_flashsale=1?itm_source=knh&amp;itm_medium=shortcode&amp;itm_content=productlist\"><img alt=\"sale vô đối\" src=\"https://img.tgdd.vn/imgt/f_webp,fit_outside,quality_100/https://cdn.tgdd.vn/2024/05/content/logo-100x100.png\" style=\"height:20px; width:20px\" />SALE V&Ocirc; ĐỐI</a></p>\r\n\r\n	<h3><a href=\"https://www.dienmayxanh.com/may-hut-bui/may-hut-bui-electrolux-ec31-2bb?utm_flashsale=1?itm_source=knh&amp;itm_medium=shortcode&amp;itm_content=productlist\">M&aacute;y h&uacute;t bụi dạng hộp Electrolux EC31-2BB</a></h3>\r\n\r\n	<p><a href=\"https://www.dienmayxanh.com/may-hut-bui/may-hut-bui-electrolux-ec31-2bb?utm_flashsale=1?itm_source=knh&amp;itm_medium=shortcode&amp;itm_content=productlist\">2.180.000₫</a></p>\r\n\r\n	<p><a href=\"https://www.dienmayxanh.com/may-hut-bui/may-hut-bui-electrolux-ec31-2bb?utm_flashsale=1?itm_source=knh&amp;itm_medium=shortcode&amp;itm_content=productlist\">2.790.000₫</a></p>\r\n	<a href=\"https://www.dienmayxanh.com/may-hut-bui/may-hut-bui-electrolux-ec31-2bb?utm_flashsale=1?itm_source=knh&amp;itm_medium=shortcode&amp;itm_content=productlist\">&nbsp;21%</a></li>\r\n</ul>\r\n\r\n<ul>\r\n	<li>\r\n	<p><a href=\"https://www.dienmayxanh.com/may-hut-bui/may-hut-bui-electrolux-ec41-2db?utm_flashsale=1?itm_source=knh&amp;itm_medium=shortcode&amp;itm_content=productlist\">Trả góp 0%</a></p>\r\n\r\n	<p><a href=\"https://www.dienmayxanh.com/may-hut-bui/may-hut-bui-electrolux-ec41-2db?utm_flashsale=1?itm_source=knh&amp;itm_medium=shortcode&amp;itm_content=productlist\">SALE V&Ocirc; ĐỐI</a></p>\r\n\r\n	<h3><a href=\"https://www.dienmayxanh.com/may-hut-bui/may-hut-bui-electrolux-ec41-2db?utm_flashsale=1?itm_source=knh&amp;itm_medium=shortcode&amp;itm_content=productlist\">M&aacute;y h&uacute;t bụi dạng hộp Electrolux EC41-2DB</a></h3>\r\n\r\n	<p><a href=\"https://www.dienmayxanh.com/may-hut-bui/may-hut-bui-electrolux-ec41-2db?utm_flashsale=1?itm_source=knh&amp;itm_medium=shortcode&amp;itm_content=productlist\">2.740.000₫</a></p>\r\n\r\n	<p><a href=\"https://www.dienmayxanh.com/may-hut-bui/may-hut-bui-electrolux-ec41-2db?utm_flashsale=1?itm_source=knh&amp;itm_medium=shortcode&amp;itm_content=productlist\">3.290.000₫</a></p>\r\n	<a href=\"https://www.dienmayxanh.com/may-hut-bui/may-hut-bui-electrolux-ec41-2db?utm_flashsale=1?itm_source=knh&amp;itm_medium=shortcode&amp;itm_content=productlist\">&nbsp;16%</a></li>\r\n</ul>\r\n\r\n<ul>\r\n	<li>\r\n	<p><a href=\"https://www.dienmayxanh.com/may-hut-bui/may-hut-bui-electrolux-ec41-6cr?itm_source=knh&amp;itm_medium=shortcode&amp;itm_content=productlist\">Trả góp 0%</a></p>\r\n\r\n	<h3><a href=\"https://www.dienmayxanh.com/may-hut-bui/may-hut-bui-electrolux-ec41-6cr?itm_source=knh&amp;itm_medium=shortcode&amp;itm_content=productlist\">M&aacute;y h&uacute;t bụi dạng hộp Electrolux EC41-6CR</a></h3>\r\n\r\n	<p><a href=\"https://www.dienmayxanh.com/may-hut-bui/may-hut-bui-electrolux-ec41-6cr?itm_source=knh&amp;itm_medium=shortcode&amp;itm_content=productlist\">3.240.000₫</a></p>\r\n\r\n	<p><a href=\"https://www.dienmayxanh.com/may-hut-bui/may-hut-bui-electrolux-ec41-6cr?itm_source=knh&amp;itm_medium=shortcode&amp;itm_content=productlist\">3.890.000₫</a></p>\r\n	<a href=\"https://www.dienmayxanh.com/may-hut-bui/may-hut-bui-electrolux-ec41-6cr?itm_source=knh&amp;itm_medium=shortcode&amp;itm_content=productlist\">&nbsp;16%</a></li>\r\n</ul>\r\n\r\n<p>&nbsp;</p>\r\n\r\n<ul>\r\n</ul>\r\n\r\n<p><a href=\"https://www.dienmayxanh.com/may-hut-bui?itm_source=knh&amp;itm_medium=shortcode&amp;itm_content=productlist\" target=\"_blank\">Xem th&ecirc;m sản phẩm M&aacute;y h&uacute;t bụi</a></p>\r\n\r\n<h3>3C&aacute;c loại bộ lọc của m&aacute;y h&uacute;t bụi</h3>\r\n\r\n<p><strong>Bộ lọc thường</strong></p>\r\n\r\n<p>C&oacute; khả năng&nbsp;<strong>loại bỏ tới 99,5% c&aacute;c hạt bụi&nbsp;</strong>c&oacute; k&iacute;ch thước&nbsp;<strong>1 - 1.5 micromet</strong>, được trang bị trong c&aacute;c&nbsp;<a href=\"https://www.dienmayxanh.com/may-hut-bui?g=may-hut-bui-khong-day-mini\" target=\"_blank\">m&aacute;y h&uacute;t bụi mini</a>&nbsp;hay m&aacute;y h&uacute;t bụi cầm tay đơn giản, dễ th&aacute;o rời để thay thế hay l&agrave;m sạch. Bộ lọc thường sẽ th&iacute;ch hợp khi người d&ugrave;ng kh&ocirc;ng c&oacute; nhu cầu h&uacute;t bụi nhiều v&agrave; h&uacute;t kh&ocirc;ng gian rộng.</p>\r\n\r\n<p><img alt=\"bộ lọc thường máy hút bụi\" src=\"https://cdn.tgdd.vn/Files/2014/04/15/542183/chon-mua-may-hut-bui-phu-hop-voi-nhu-cau-29.jpg\" /></p>\r\n\r\n<p><strong>Bộ lọc HEPA</strong></p>\r\n\r\n<p>L&agrave; một trong những bộ lọc c&oacute;&nbsp;<strong>cấp độ lọc tinh nhất</strong>, c&oacute; thể&nbsp;<strong>loại bỏ tới 99,7% c&aacute;c hạt bụi</strong>&nbsp;c&oacute; k&iacute;ch thước&nbsp;<strong>0.05 micromet</strong>.</p>\r\n\r\n<p>Ngo&agrave;i ra, n&oacute; c&ograve;n c&oacute;&nbsp;<strong>t&iacute;nh năng kh&aacute;ng khuẩn</strong>, chuy&ecirc;n để lọc bụi ở những khu vực &ocirc; nhiễm cao,&nbsp;<strong>th&iacute;ch hợp cho những người bị dị ứng</strong>,&nbsp;<strong>hen suyễn</strong>. V&igrave; thế, c&aacute;c m&aacute;y h&uacute;t bụi sử dụng&nbsp;<a href=\"https://www.dienmayxanh.com/kinh-nghiem-hay/tim-hieu-bo-loc-hepa-trong-may-hut-bui-802190\" target=\"_blank\">bộ lọc HEPA</a>&nbsp;cũng thường l&agrave; m&aacute;y c&oacute; t&uacute;i chứa bụi.</p>\r\n\r\n<p>&nbsp;</p>\r\n\r\n<p><strong>Tham khảo m&aacute;y h&uacute;t bụi c&oacute; bộ lọc HEPA đang kinh doanh tại Điện m&aacute;y XANH:</strong></p>\r\n\r\n<ul>\r\n	<li>\r\n	<p><a href=\"https://www.dienmayxanh.com/may-hut-bui/panasonic-mc-cg371an46?itm_source=knh&amp;itm_medium=shortcode&amp;itm_content=productlist\"><img alt=\"Máy hút bụi dạng hộp Panasonic MC-CG371AN46\" src=\"https://img.tgdd.vn/imgt/f_webp,fit_outside,quality_100,s_300x300/https://cdn.tgdd.vn/Products/Images/1990/109324/panasonic-mc-cg371an46-daidien-300x300.jpg\" style=\"height:300px; width:300px\" /></a></p>\r\n\r\n	<h3><a href=\"https://www.dienmayxanh.com/may-hut-bui/panasonic-mc-cg371an46?itm_source=knh&amp;itm_medium=shortcode&amp;itm_content=productlist\">M&aacute;y h&uacute;t bụi dạng hộp Panasonic MC-CG371AN46</a></h3>\r\n\r\n	<p><a href=\"https://www.dienmayxanh.com/may-hut-bui/panasonic-mc-cg371an46?itm_source=knh&amp;itm_medium=shortcode&amp;itm_content=productlist\">2.080.000₫</a></p>\r\n	</li>\r\n</ul>\r\n\r\n<ul>\r\n	<li>\r\n	<p><a href=\"https://www.dienmayxanh.com/may-hut-bui/electrolux-zsp4303af?itm_source=knh&amp;itm_medium=shortcode&amp;itm_content=productlist\"><img alt=\"Máy hút bụi dạng hộp Electrolux ZSP4303AF\" src=\"https://img.tgdd.vn/imgt/f_webp,fit_outside,quality_100,s_300x300/https://cdn.tgdd.vn/Products/Images/1990/113340/electrolux-zsp4303af-300x300.png\" style=\"height:300px; width:300px\" /></a></p>\r\n\r\n	<h3><a href=\"https://www.dienmayxanh.com/may-hut-bui/electrolux-zsp4303af?itm_source=knh&amp;itm_medium=shortcode&amp;itm_content=productlist\">M&aacute;y h&uacute;t bụi dạng hộp Electrolux ZSP4303AF</a></h3>\r\n\r\n	<p><a href=\"https://www.dienmayxanh.com/may-hut-bui/electrolux-zsp4303af?itm_source=knh&amp;itm_medium=shortcode&amp;itm_content=productlist\">3.890.000₫</a></p>\r\n	</li>\r\n</ul>\r\n\r\n<ul>\r\n	<li>\r\n	<p><a href=\"https://www.dienmayxanh.com/may-hut-bui/panasonic-mc-cl305bn46?itm_source=knh&amp;itm_medium=shortcode&amp;itm_content=productlist\"><img alt=\"Máy hút bụi dạng hộp Panasonic MC-CL305BN46\" src=\"https://img.tgdd.vn/imgt/f_webp,fit_outside,quality_100,s_300x300/https://cdn.tgdd.vn/Products/Images/1990/118574/panasonic-mc-cl305bn46-220922-053952-600x600.jpg\" style=\"height:300px; width:300px\" /></a></p>\r\n\r\n	<h3><a href=\"https://www.dienmayxanh.com/may-hut-bui/panasonic-mc-cl305bn46?itm_source=knh&amp;itm_medium=shortcode&amp;itm_content=productlist\">M&aacute;y h&uacute;t bụi dạng hộp Panasonic MC-CL305BN46</a></h3>\r\n\r\n	<p><a href=\"https://www.dienmayxanh.com/may-hut-bui/panasonic-mc-cl305bn46?itm_source=knh&amp;itm_medium=shortcode&amp;itm_content=productlist\">2.800.000₫</a></p>\r\n	</li>\r\n</ul>\r\n\r\n<ul>\r\n	<li>\r\n	<p><a href=\"https://www.dienmayxanh.com/may-hut-bui/philips-fc9350?utm_flashsale=1?itm_source=knh&amp;itm_medium=shortcode&amp;itm_content=productlist\">Trả góp 0%<img alt=\"Máy hút bụi dạng hộp Philips FC9350\" src=\"https://img.tgdd.vn/imgt/f_webp,fit_outside,quality_100,s_300x300/https://cdn.tgdd.vn/Products/Images/1990/141629/philips-fc9350-dd-1-300x300.jpg\" style=\"height:300px; width:300px\" /></a></p>\r\n\r\n	<p><a href=\"https://www.dienmayxanh.com/may-hut-bui/philips-fc9350?utm_flashsale=1?itm_source=knh&amp;itm_medium=shortcode&amp;itm_content=productlist\"><img alt=\"sale vô đối\" src=\"https://img.tgdd.vn/imgt/f_webp,fit_outside,quality_100/https://cdn.tgdd.vn/2024/05/content/logo-100x100.png\" style=\"height:20px; width:20px\" />SALE V&Ocirc; ĐỐI</a></p>\r\n\r\n	<h3><a href=\"https://www.dienmayxanh.com/may-hut-bui/philips-fc9350?utm_flashsale=1?itm_source=knh&amp;itm_medium=shortcode&amp;itm_content=productlist\">M&aacute;y h&uacute;t bụi dạng hộp Philips FC9350</a></h3>\r\n\r\n	<p><a href=\"https://www.dienmayxanh.com/may-hut-bui/philips-fc9350?utm_flashsale=1?itm_source=knh&amp;itm_medium=shortcode&amp;itm_content=productlist\">2.150.000₫</a></p>\r\n\r\n	<p><a href=\"https://www.dienmayxanh.com/may-hut-bui/philips-fc9350?utm_flashsale=1?itm_source=knh&amp;itm_medium=shortcode&amp;itm_content=productlist\">3.309.000₫</a></p>\r\n	<a href=\"https://www.dienmayxanh.com/may-hut-bui/philips-fc9350?utm_flashsale=1?itm_source=knh&amp;itm_medium=shortcode&amp;itm_content=productlist\">&nbsp;35%</a></li>\r\n</ul>\r\n\r\n<ul>\r\n	<li>\r\n	<p><a href=\"https://www.dienmayxanh.com/may-hut-bui/samsung-vc18m21m0vn-sv-n?itm_source=knh&amp;itm_medium=shortcode&amp;itm_content=productlist\">Trả góp 0%<img alt=\"Máy hút bụi dạng hộp Samsung VC18M21M0VN/SV-N\" src=\"https://img.tgdd.vn/imgt/f_webp,fit_outside,quality_100,s_300x300/https://cdn.tgdd.vn/Products/Images/1990/157525/samsung-vc18m21m0vn-sv-n-300x300.jpg\" style=\"height:300px; width:300px\" /></a></p>\r\n\r\n	<p><a href=\"https://www.dienmayxanh.com/may-hut-bui/samsung-vc18m21m0vn-sv-n?itm_source=knh&amp;itm_medium=shortcode&amp;itm_content=productlist\"><img alt=\"Giá rẻ quá\" src=\"https://img.tgdd.vn/imgt/f_webp,fit_outside,quality_100/https://cdn.tgdd.vn/2023/08/campaign/icon-50x50-label-giarequa-min-50x50.png\" style=\"height:20px; width:20px\" />GI&Aacute; RẺ QU&Aacute;</a></p>\r\n\r\n	<h3><a href=\"https://www.dienmayxanh.com/may-hut-bui/samsung-vc18m21m0vn-sv-n?itm_source=knh&amp;itm_medium=shortcode&amp;itm_content=productlist\">M&aacute;y h&uacute;t bụi dạng hộp Samsung VC18M21M0VN/SV-N</a></h3>\r\n\r\n	<p><a href=\"https://www.dienmayxanh.com/may-hut-bui/samsung-vc18m21m0vn-sv-n?itm_source=knh&amp;itm_medium=shortcode&amp;itm_content=productlist\">1.390.000₫</a></p>\r\n\r\n	<p><a href=\"https://www.dienmayxanh.com/may-hut-bui/samsung-vc18m21m0vn-sv-n?itm_source=knh&amp;itm_medium=shortcode&amp;itm_content=productlist\">2.290.000₫</a></p>\r\n	<a href=\"https://www.dienmayxanh.com/may-hut-bui/samsung-vc18m21m0vn-sv-n?itm_source=knh&amp;itm_medium=shortcode&amp;itm_content=productlist\">&nbsp;39%</a></li>\r\n</ul>\r\n\r\n<ul>\r\n	<li>\r\n	<p><a href=\"https://www.dienmayxanh.com/may-hut-bui/electrolux-z1231?utm_flashsale=1?itm_source=knh&amp;itm_medium=shortcode&amp;itm_content=productlist\"><img alt=\"Máy hút bụi dạng hộp Electrolux Z1231\" src=\"https://img.tgdd.vn/imgt/f_webp,fit_outside,quality_100,s_300x300/https://cdn.tgdd.vn/Products/Images/1990/162048/electrolux-z1231-daidien-300x300.jpg\" style=\"height:300px; width:300px\" /></a></p>\r\n\r\n	<p><a href=\"https://www.dienmayxanh.com/may-hut-bui/electrolux-z1231?utm_flashsale=1?itm_source=knh&amp;itm_medium=shortcode&amp;itm_content=productlist\"><img alt=\"sale vô đối\" src=\"https://img.tgdd.vn/imgt/f_webp,fit_outside,quality_100/https://cdn.tgdd.vn/2024/05/content/logo-100x100.png\" style=\"height:20px; width:20px\" />SALE V&Ocirc; ĐỐI</a></p>\r\n\r\n	<h3><a href=\"https://www.dienmayxanh.com/may-hut-bui/electrolux-z1231?utm_flashsale=1?itm_source=knh&amp;itm_medium=shortcode&amp;itm_content=productlist\">M&aacute;y h&uacute;t bụi dạng hộp Electrolux Z1231</a></h3>\r\n\r\n	<p><a href=\"https://www.dienmayxanh.com/may-hut-bui/electrolux-z1231?utm_flashsale=1?itm_source=knh&amp;itm_medium=shortcode&amp;itm_content=productlist\">1.290.000₫</a></p>\r\n\r\n	<p><a href=\"https://www.dienmayxanh.com/may-hut-bui/electrolux-z1231?utm_flashsale=1?itm_source=knh&amp;itm_medium=shortcode&amp;itm_content=productlist\">1.990.000₫</a></p>\r\n	<a href=\"https://www.dienmayxanh.com/may-hut-bui/electrolux-z1231?utm_flashsale=1?itm_source=knh&amp;itm_medium=shortcode&amp;itm_content=productlist\">&nbsp;35%</a></li>\r\n</ul>\r\n\r\n<ul>\r\n	<li>\r\n	<p><a href=\"https://www.dienmayxanh.com/may-hut-bui/electrolux-zb3314ak?itm_source=knh&amp;itm_medium=shortcode&amp;itm_content=productlist\">Trả góp 0%<img alt=\"Máy hút bụi không dây Electrolux ZB3314AK\" src=\"https://img.tgdd.vn/imgt/f_webp,fit_outside,quality_100,s_300x300/https://cdn.tgdd.vn/Products/Images/1990/164542/electrolux-zb3314ak-030622-022251-600x600.jpg\" style=\"height:300px; width:300px\" /></a></p>\r\n\r\n	<h3><a href=\"https://www.dienmayxanh.com/may-hut-bui/electrolux-zb3314ak?itm_source=knh&amp;itm_medium=shortcode&amp;itm_content=productlist\">M&aacute;y h&uacute;t bụi kh&ocirc;ng d&acirc;y Electrolux ZB3314AK</a></h3>\r\n\r\n	<p><a href=\"https://www.dienmayxanh.com/may-hut-bui/electrolux-zb3314ak?itm_source=knh&amp;itm_medium=shortcode&amp;itm_content=productlist\">4.990.000₫</a></p>\r\n	</li>\r\n</ul>\r\n\r\n<ul>\r\n	<li>\r\n	<p><a href=\"https://www.dienmayxanh.com/may-hut-bui/midea-mvc-sc861b?utm_flashsale=1?itm_source=knh&amp;itm_medium=shortcode&amp;itm_content=productlist\"><img alt=\"Máy hút bụi cầm tay Midea MVC-SC861B\" src=\"https://img.tgdd.vn/imgt/f_webp,fit_outside,quality_100,s_300x300/https://cdn.tgdd.vn/Products/Images/1990/168600/midea-mvc-sc861b-191122-120607-600x600.jpg\" style=\"height:300px; width:300px\" /></a></p>\r\n\r\n	<p><a href=\"https://www.dienmayxanh.com/may-hut-bui/midea-mvc-sc861b?utm_flashsale=1?itm_source=knh&amp;itm_medium=shortcode&amp;itm_content=productlist\"><img alt=\"sale vô đối\" src=\"https://img.tgdd.vn/imgt/f_webp,fit_outside,quality_100/https://cdn.tgdd.vn/2024/05/content/logo-100x100.png\" style=\"height:20px; width:20px\" />SALE V&Ocirc; ĐỐI</a></p>\r\n\r\n	<h3><a href=\"https://www.dienmayxanh.com/may-hut-bui/midea-mvc-sc861b?utm_flashsale=1?itm_source=knh&amp;itm_medium=shortcode&amp;itm_content=productlist\">M&aacute;y h&uacute;t bụi cầm tay Midea MVC-SC861B</a></h3>\r\n\r\n	<p><a href=\"https://www.dienmayxanh.com/may-hut-bui/midea-mvc-sc861b?utm_flashsale=1?itm_source=knh&amp;itm_medium=shortcode&amp;itm_content=productlist\">925.000₫</a></p>\r\n\r\n	<p><a href=\"https://www.dienmayxanh.com/may-hut-bui/midea-mvc-sc861b?utm_flashsale=1?itm_source=knh&amp;itm_medium=shortcode&amp;itm_content=productlist\">1.090.000₫</a></p>\r\n	<a href=\"https://www.dienmayxanh.com/may-hut-bui/midea-mvc-sc861b?utm_flashsale=1?itm_source=knh&amp;itm_medium=shortcode&amp;itm_content=productlist\">&nbsp;15%</a></li>\r\n</ul>\r\n\r\n<ul>\r\n	<li>\r\n	<p><a href=\"https://www.dienmayxanh.com/may-hut-bui/hitachi-cv-sf20v-24cv-bre?itm_source=knh&amp;itm_medium=shortcode&amp;itm_content=productlist\"><img alt=\"Máy hút bụi dạng hộp Hitachi CV-SF20V 24CV\" src=\"https://img.tgdd.vn/imgt/f_webp,fit_outside,quality_100,s_300x300/https://cdn.tgdd.vn/Products/Images/1990/197819/may-hut-bui-hitachi-cv-sf20v-24cv-bre-300x300.jpg\" style=\"height:300px; width:300px\" /></a></p>\r\n\r\n	<h3><a href=\"https://www.dienmayxanh.com/may-hut-bui/hitachi-cv-sf20v-24cv-bre?itm_source=knh&amp;itm_medium=shortcode&amp;itm_content=productlist\">M&aacute;y h&uacute;t bụi dạng hộp Hitachi CV-SF20V 24CV</a></h3>\r\n\r\n	<p><a href=\"https://www.dienmayxanh.com/may-hut-bui/hitachi-cv-sf20v-24cv-bre?itm_source=knh&amp;itm_medium=shortcode&amp;itm_content=productlist\">Online giá rẻ qu&aacute;</a></p>\r\n\r\n	<p><a href=\"https://www.dienmayxanh.com/may-hut-bui/hitachi-cv-sf20v-24cv-bre?itm_source=knh&amp;itm_medium=shortcode&amp;itm_content=productlist\">2.890.000₫</a></p>\r\n\r\n	<p><a href=\"https://www.dienmayxanh.com/may-hut-bui/hitachi-cv-sf20v-24cv-bre?itm_source=knh&amp;itm_medium=shortcode&amp;itm_content=productlist\">3.390.000₫</a></p>\r\n	<a href=\"https://www.dienmayxanh.com/may-hut-bui/hitachi-cv-sf20v-24cv-bre?itm_source=knh&amp;itm_medium=shortcode&amp;itm_content=productlist\">&nbsp;14%</a></li>\r\n</ul>\r\n\r\n<ul>\r\n	<li>\r\n	<p><a href=\"https://www.dienmayxanh.com/may-hut-bui/may-hut-bui-electrolux-ec31-2bb?utm_flashsale=1?itm_source=knh&amp;itm_medium=shortcode&amp;itm_content=productlist\"><img alt=\"Máy hút bụi dạng hộp Electrolux EC31-2BB\" src=\"https://img.tgdd.vn/imgt/f_webp,fit_outside,quality_100,s_300x300/https://cdn.tgdd.vn/Products/Images/1990/201284/may-hut-bui-electrolux-ec31-2bb-13-300x300.JPG\" style=\"height:300px; width:300px\" /></a></p>\r\n\r\n	<p><a href=\"https://www.dienmayxanh.com/may-hut-bui/may-hut-bui-electrolux-ec31-2bb?utm_flashsale=1?itm_source=knh&amp;itm_medium=shortcode&amp;itm_content=productlist\"><img alt=\"sale vô đối\" src=\"https://img.tgdd.vn/imgt/f_webp,fit_outside,quality_100/https://cdn.tgdd.vn/2024/05/content/logo-100x100.png\" style=\"height:20px; width:20px\" />SALE V&Ocirc; ĐỐI</a></p>\r\n\r\n	<h3><a href=\"https://www.dienmayxanh.com/may-hut-bui/may-hut-bui-electrolux-ec31-2bb?utm_flashsale=1?itm_source=knh&amp;itm_medium=shortcode&amp;itm_content=productlist\">M&aacute;y h&uacute;t bụi dạng hộp Electrolux EC31-2BB</a></h3>\r\n\r\n	<p><a href=\"https://www.dienmayxanh.com/may-hut-bui/may-hut-bui-electrolux-ec31-2bb?utm_flashsale=1?itm_source=knh&amp;itm_medium=shortcode&amp;itm_content=productlist\">2.180.000₫</a></p>\r\n\r\n	<p><a href=\"https://www.dienmayxanh.com/may-hut-bui/may-hut-bui-electrolux-ec31-2bb?utm_flashsale=1?itm_source=knh&amp;itm_medium=shortcode&amp;itm_content=productlist\">2.790.000₫</a></p>\r\n	<a href=\"https://www.dienmayxanh.com/may-hut-bui/may-hut-bui-electrolux-ec31-2bb?utm_flashsale=1?itm_source=knh&amp;itm_medium=shortcode&amp;itm_content=productlist\">&nbsp;21%</a></li>\r\n</ul>\r\n\r\n<ul>\r\n	<li>\r\n	<p><a href=\"https://www.dienmayxanh.com/may-hut-bui/may-hut-bui-electrolux-ec41-2db?utm_flashsale=1?itm_source=knh&amp;itm_medium=shortcode&amp;itm_content=productlist\">Trả góp 0%</a></p>\r\n\r\n	<p><a href=\"https://www.dienmayxanh.com/may-hut-bui/may-hut-bui-electrolux-ec41-2db?utm_flashsale=1?itm_source=knh&amp;itm_medium=shortcode&amp;itm_content=productlist\">SALE V&Ocirc; ĐỐI</a></p>\r\n\r\n	<h3><a href=\"https://www.dienmayxanh.com/may-hut-bui/may-hut-bui-electrolux-ec41-2db?utm_flashsale=1?itm_source=knh&amp;itm_medium=shortcode&amp;itm_content=productlist\">M&aacute;y h&uacute;t bụi dạng hộp Electrolux EC41-2DB</a></h3>\r\n\r\n	<p><a href=\"https://www.dienmayxanh.com/may-hut-bui/may-hut-bui-electrolux-ec41-2db?utm_flashsale=1?itm_source=knh&amp;itm_medium=shortcode&amp;itm_content=productlist\">2.740.000₫</a></p>\r\n\r\n	<p><a href=\"https://www.dienmayxanh.com/may-hut-bui/may-hut-bui-electrolux-ec41-2db?utm_flashsale=1?itm_source=knh&amp;itm_medium=shortcode&amp;itm_content=productlist\">3.290.000₫</a></p>\r\n	<a href=\"https://www.dienmayxanh.com/may-hut-bui/may-hut-bui-electrolux-ec41-2db?utm_flashsale=1?itm_source=knh&amp;itm_medium=shortcode&amp;itm_content=productlist\">&nbsp;16%</a></li>\r\n</ul>\r\n\r\n<ul>\r\n	<li>\r\n	<p><a href=\"https://www.dienmayxanh.com/may-hut-bui/may-hut-bui-electrolux-ec41-6cr?itm_source=knh&amp;itm_medium=shortcode&amp;itm_content=productlist\">Trả góp 0%</a></p>\r\n\r\n	<h3><a href=\"https://www.dienmayxanh.com/may-hut-bui/may-hut-bui-electrolux-ec41-6cr?itm_source=knh&amp;itm_medium=shortcode&amp;itm_content=productlist\">M&aacute;y h&uacute;t bụi dạng hộp Electrolux EC41-6CR</a></h3>\r\n\r\n	<p><a href=\"https://www.dienmayxanh.com/may-hut-bui/may-hut-bui-electrolux-ec41-6cr?itm_source=knh&amp;itm_medium=shortcode&amp;itm_content=productlist\">3.240.000₫</a></p>\r\n\r\n	<p><a href=\"https://www.dienmayxanh.com/may-hut-bui/may-hut-bui-electrolux-ec41-6cr?itm_source=knh&amp;itm_medium=shortcode&amp;itm_content=productlist\">3.890.000₫</a></p>\r\n	<a href=\"https://www.dienmayxanh.com/may-hut-bui/may-hut-bui-electrolux-ec41-6cr?itm_source=knh&amp;itm_medium=shortcode&amp;itm_content=productlist\">&nbsp;16%</a></li>\r\n</ul>\r\n\r\n<p>&nbsp;</p>\r\n\r\n<ul>\r\n</ul>\r\n\r\n<p><a href=\"https://www.dienmayxanh.com/may-hut-bui?itm_source=knh&amp;itm_medium=shortcode&amp;itm_content=productlist\" target=\"_blank\">Xem th&ecirc;m sản phẩm M&aacute;y h&uacute;t bụi</a></p>\r\n\r\n<p><img alt=\"Bộ lọc HEPA kháng khuẩn\" src=\"https://cdn.tgdd.vn/Files/2014/04/15/542183/chon-mua-may-hut-bui-phu-hop-voi-nhu-cau-31.jpg\" /></p>\r\n\r\n<p><strong>Bộ lọc Nano</strong></p>\r\n\r\n<p>Bộ lọc Nano Titanium sử dụng<strong>&nbsp;chất x&uacute;c t&aacute;c Tio2</strong>&nbsp;c&oacute; t&aacute;c dụng&nbsp;<strong>khử m&ugrave;i&nbsp;</strong>v&agrave;&nbsp;<strong>kh&aacute;ng khuẩn</strong>.</p>\r\n\r\n<p>Ph&acirc;n tử Nano Titanium c&oacute; đường k&iacute;nh chỉ 5 nm (nanometer) c&oacute; thể bắt được c&aacute;c hạt bụi bẩn, vi khuẩn, t&aacute;c nh&acirc;n g&acirc;y dị ứng c&oacute; k&iacute;ch thước lớn hơn trong kh&ocirc;ng kh&iacute;.</p>\r\n\r\n<p><img alt=\"Bộ lọc Nano Titanium khử mùi\" src=\"https://cdn.tgdd.vn/Files/2014/04/15/542183/chon-mua-may-hut-bui-phu-hop-voi-nhu-cau-30.jpg\" /></p>\r\n\r\n<p><strong>Bộ lọc kết hợp</strong></p>\r\n\r\n<p>Bộ lọc ti&ecirc;n tiến nhất hiện nay ch&iacute;nh l&agrave;&nbsp;<strong>sự kết hợp của HEPA diệt khuẩn</strong>&nbsp;v&agrave;&nbsp;<strong>Nano Titanium khử m&ugrave;i</strong>, mang lại hiệu quả lọc sạch kh&ocirc;ng kh&iacute;&nbsp;<strong>l&ecirc;n đến 99%</strong>, tạo m&ocirc;i trường trong l&agrave;nh, an to&agrave;n cho cả nh&agrave;.</p>\r\n\r\n<p><strong>Xem th&ecirc;m</strong>:&nbsp;<a href=\"https://www.dienmayxanh.com/kinh-nghiem-hay/so-sanh-cac-bo-loc-cua-may-hut-bui-836091\" target=\"_blank\">So s&aacute;nh c&aacute;c bộ lọc của m&aacute;y h&uacute;t bụi</a></p>\r\n\r\n<p><img alt=\"Bộ lọc kết hợp\" src=\"https://cdn.tgdd.vn/Files/2014/04/15/542183/chon-mua-may-hut-bui-phu-hop-voi-nhu-cau-21.jpg\" /></p>\r\n\r\n<h3>4Chọn m&aacute;y c&oacute; c&ocirc;ng suất điện năng thấp, c&ocirc;ng suất h&uacute;t cao</h3>\r\n\r\n<p>C&oacute; nhiều loại m&aacute;y c&ocirc;ng suất điện năng ti&ecirc;u thụ cao nhưng c&ocirc;ng suất h&uacute;t lại rất yếu, như thế sẽ g&acirc;y l&atilde;ng ph&iacute; điện năng. Vậy n&ecirc;n khi mua h&agrave;ng, bạn n&ecirc;n chọn c&aacute;c d&ograve;ng m&aacute;y c&oacute;&nbsp;<strong>c&ocirc;ng suất h&uacute;t bụi cao</strong>&nbsp;nhưng&nbsp;<strong>c&ocirc;ng suất điện thấp</strong>.</p>\r\n\r\n<p>N&ecirc;n chọn m&aacute;y c&oacute;&nbsp;<strong>c&ocirc;ng suất h&uacute;t cao từ 200 - 400W</strong>, gi&uacute;p bạn h&uacute;t bụi mạnh hơn v&agrave; vệ sinh nh&agrave; cửa sạch, nhanh ch&oacute;ng hơn.</p>\r\n\r\n<p><img alt=\"Chọn máy có công suất điện năng thấp, công suất hút cao\" src=\"https://cdn.tgdd.vn/Files/2014/04/15/542183/chon-mua-may-hut-bui-phu-hop-voi-nhu-cau-32.jpg\" /></p>\r\n\r\n<p>&nbsp;</p>\r\n\r\n<p><a href=\"https://www.dienmayxanh.com/may-hut-bui/may-hut-bui-electrolux-ec41-6cr?src=osp#top-article\" target=\"_blank\">M&aacute;y h&uacute;t bụi Electrolux EC41-6CR 2000W</a></p>\r\n\r\n<h3>5C&aacute;c tiện &iacute;ch kh&aacute;c</h3>\r\n\r\n<ul>\r\n	<li><strong><a href=\"https://www.dienmayxanh.com/kinh-nghiem-hay/cac-chuc-nang-dac-biet-cua-may-hut-bui-830902#hmenuid1\" target=\"_blank\">Đ&egrave;n b&aacute;o bụi</a></strong>: Đ&egrave;n sẽ s&aacute;ng li&ecirc;n tục khi bụi đ&atilde; đầy t&uacute;i chứa gi&uacute;p bạn kiểm so&aacute;t được qu&aacute; tr&igrave;nh hoạt động của m&aacute;y, tiện cho việc đổ bụi l&agrave;m tăng độ bền cho m&aacute;y.</li>\r\n</ul>\r\n\r\n<p><img alt=\"Chức năng đèn báo bụi\" src=\"https://cdn.tgdd.vn/Files/2014/04/15/542183/chon-mua-may-hut-bui-phu-hop-voi-nhu-cau-25.jpg\" /></p>\r\n\r\n<p>&nbsp;</p>\r\n\r\n<p><a href=\"https://www.dienmayxanh.com/may-hut-bui/may-hut-bui-bosch-hmhbgl72294\" target=\"_blank\">M&aacute;y h&uacute;t bụi Bosch HMH.BGL72294 2200W</a></p>\r\n\r\n<ul>\r\n	<li><strong><a href=\"https://www.dienmayxanh.com/may-hut-bui?g=co-chuc-nang-thoi-bui\" target=\"_blank\">Chức năng thổi</a></strong>: Kh&ocirc;ng chỉ c&oacute; chức năng h&uacute;t v&agrave;o như m&aacute;y h&uacute;t bụi th&ocirc;ng thường kh&aacute;c, chức năng n&agrave;y gi&uacute;p m&aacute;y c&oacute; thể&nbsp;<strong>thổi bay c&aacute;c chướng ngại</strong>&nbsp;ph&iacute;a trước như l&aacute; c&acirc;y, bụi s&acirc;n vườn,...</li>\r\n</ul>\r\n\r\n<p>M&aacute;y h&uacute;t bụi c&oacute; t&iacute;ch hợp chức năng thổi ph&ugrave; hợp với những gia đ&igrave;nh c&oacute; nhu cầu dọn dẹp l&aacute; c&acirc;y, hay&nbsp;<strong>thổi kh&ocirc; bề mặt xe sau khi rửa</strong>.</p>\r\n\r\n<p><img alt=\"Chức năng thổi của máy hút bụi\" src=\"https://cdn.tgdd.vn/Files/2014/04/15/542183/chon-mua-may-hut-bui-phu-hop-voi-nhu-cau-24.jpg\" /></p>\r\n\r\n<p>&nbsp;</p>\r\n\r\n<p><a href=\"https://www.dienmayxanh.com/may-hut-bui/panasonic-mc-cl305bn46\" target=\"_blank\">M&aacute;y h&uacute;t bụi Panasonic MC-CL305BN46 1400 W</a>&nbsp;trang bị chức năng thổi bụi đẩy sạch bụi b&aacute;m</p>\r\n\r\n<ul>\r\n	<li><strong><a href=\"https://www.dienmayxanh.com/kinh-nghiem-hay/cac-chuc-nang-dac-biet-cua-may-hut-bui-830902#hmenuid6\" target=\"_blank\">Đầu h&uacute;t xoay</a></strong>: C&aacute;c loại m&aacute;y h&uacute;t bụi c&oacute; đầu h&uacute;t xoay sẽ ph&ugrave; hợp để l&agrave;m sạch nhiều vị tr&iacute; như gầm giường, gầm xe hơi, hay&nbsp;<strong>dễ d&agrave;ng chuyển hướng</strong>&nbsp;ở c&aacute;c kh&ocirc;ng gian hẹp.</li>\r\n</ul>\r\n\r\n<p><img alt=\"Chức năng đầu hút xoay\" src=\"https://cdn.tgdd.vn/Files/2014/04/15/542183/chon-mua-may-hut-bui-phu-hop-voi-nhu-cau-27.jpg\" /></p>\r\n\r\n<p>&nbsp;</p>\r\n\r\n<p><a href=\"https://www.dienmayxanh.com/may-hut-bui/may-hut-bui-philips-fc6723#2-gia\" target=\"_blank\">M&aacute;y h&uacute;t bụi cầm tay Philips FC6723</a></p>\r\n\r\n<ul>\r\n	<li><strong>Chức năng h&uacute;t nước</strong>: Đối với những m&aacute;y h&uacute;t bụi c&ocirc;ng nghiệp c&oacute; c&ocirc;ng suất lớn th&igrave; ngo&agrave;i chức năng h&uacute;t chất bẩn kh&ocirc;, c&aacute;c nh&agrave; sản xuất c&ograve;n t&iacute;ch hợp chức năng h&uacute;t nước rất tiện dụng cho những nơi đ&ocirc;ng người như c&ocirc;ng ty, trường học, nh&agrave; m&aacute;y,...</li>\r\n	<li><strong>Thay đổi chiều cao</strong>: M&aacute;y h&uacute;t bụi c&oacute; thể thay đổi chiều cao tay cầm, gi&uacute;p dễ d&agrave;ng&nbsp;<strong>h&uacute;t sạch ở những khu vực kh&oacute; với tay tới</strong>&nbsp;như cầu thang, cửa sổ, m&agrave;n cửa,&hellip; m&agrave; vẫn đảm bảo kh&ocirc;ng qu&aacute; cồng kềnh hay bị vướng khi sử dụng.</li>\r\n</ul>\r\n\r\n<p><strong>Xem th&ecirc;m</strong>:&nbsp;<a href=\"https://www.dienmayxanh.com/kinh-nghiem-hay/ngoai-chuc-nang-hut-bui-may-hut-bui-con-lam-duoc-n-983252\" target=\"_blank\">Ngo&agrave;i chức năng h&uacute;t bụi, m&aacute;y h&uacute;t bụi c&ograve;n l&agrave;m được những</a></p>', 1, '/storage/photos/product/chon-mua-may-hut-bui-phu-hop-voi-nhu-cau-36.jpg', '2024-05-03 01:46:23', '2024-05-04 01:04:38');
INSERT INTO `article` (`id`, `a_name`, `a_slug`, `a_description`, `a_content`, `a_active`, `a_avatar`, `created_at`, `updated_at`) VALUES
(6, 'Nên mua máy lạnh hay quạt hơi nước, loại nào tiết kiệm và hiệu quả hơn?', 'nen-mua-may-lanh-hay-quat-hoi-nuoc-loai-nao-tiet-kiem-va-hieu-qua-hon', '<p>N&ecirc;n mua m&aacute;y lạnh hay quạt hơi nước, loại n&agrave;o tiết kiệm v&agrave; hiệu quả hơn?</p>', '<h3>1T&igrave;m hiểu về quạt hơi nước</h3>\r\n\r\n<p>Quạt hơi nước l&agrave; g&igrave;?</p>\r\n\r\n<p>Quạt hơi nước sử dụng cơ chế l&agrave;m m&aacute;t bằng hơi nước để l&agrave;m giảm nhiệt độ của kh&ocirc;ng kh&iacute;, đem đến cho người d&ugrave;ng bầu kh&ocirc;ng gian dễ chịu v&agrave; thoải m&aacute;i. Tuy nhi&ecirc;n, quạt chỉ th&iacute;ch hợp để l&agrave;m m&aacute;t cho kh&ocirc;ng gian nhỏ.</p>\r\n\r\n<p><img alt=\"Quạt hơi nước giúp làm giảm nhiệt độ của không khí nhanh chóng, đem đến cho người dùng cảm giác thư giãn\" src=\"https://cdn.tgdd.vn//News/803242//3-730x342.jpg\" /></p>\r\n\r\n<p>Quạt hơi nước ph&ugrave; hợp cho ph&ograve;ng diện t&iacute;ch nhỏ</p>\r\n\r\n<p>Nguy&ecirc;n l&yacute; hoạt động</p>\r\n\r\n<p>Quạt hơi nước c&oacute; chức năng ch&iacute;nh l&agrave; tạo ra hơi nước để cung cấp độ ẩm, bằng c&aacute;ch sử dụng c&ocirc;ng nghệ m&agrave;ng thấm v&agrave; trục cuốn.</p>\r\n\r\n<p>Nước được thấm từ những miếng vải bằng chất liệu đặc biệt hoặc được trục cuốn đưa phần vải thấm nước l&ecirc;n để quạt thổi hơi nước ra m&ocirc;i trường. Hơi ẩm n&agrave;y c&oacute; t&aacute;c dụng hạ nhiệt độ của m&ocirc;i trường xung quanh.</p>\r\n\r\n<p><img alt=\"Quạt hơi nước hoạt động nhờ công nghệ màng thấm và trục cuốn để tạo ra hơi nước làm dịu bầu không gian\" src=\"https://cdn.tgdd.vn//News/803242//4-730x498.jpg\" /></p>\r\n\r\n<p>Nguy&ecirc;n l&yacute; hoạt động của quạt hơi nước</p>\r\n\r\n<p><strong>Ưu điểm:</strong></p>\r\n\r\n<ul>\r\n	<li>Gi&aacute; th&agrave;nh thấp, dao động từ 2 - 7 triệu đồng (cập nhật đến th&aacute;ng 04/2024).</li>\r\n	<li>Kiểu d&aacute;ng nhỏ gọn, c&oacute; b&aacute;nh xe đi k&egrave;m, tiện di chuyển đến mọi vị tr&iacute; m&agrave; bạn muốn.</li>\r\n	<li>Được t&iacute;ch hợp nhiều chức năng hiện đại như: phun sương, tạo ẩm, tạo ion, lọc khuẩn,&hellip;</li>\r\n	<li>Gi&oacute; c&oacute; hơi ẩm n&ecirc;n kh&ocirc;ng g&acirc;y kh&ocirc; da.</li>\r\n</ul>\r\n\r\n<p><img alt=\"Quạt hơi nước có kiểu dáng nhỏ gọn với bánh xe đi kèm, giúp bạn di chuyển đến mọi vị trí thật dễ dàng\" src=\"https://cdn.tgdd.vn//News/803242//4-730x487.jpg\" /></p>\r\n\r\n<p>Quạt hơi nước c&oacute; kiểu d&aacute;ng nhỏ gọn dễ di chuyển</p>\r\n\r\n<p><strong>Nhược điểm:</strong></p>\r\n\r\n<ul>\r\n	<li>Chỉ c&oacute; thể l&agrave;m m&aacute;t trong phạm vi 15 - 40m2, kh&ocirc;ng thể l&agrave;m m&aacute;t cả ph&ograve;ng.</li>\r\n	<li>L&agrave;m m&aacute;t chậm hơn so với m&aacute;y lạnh.</li>\r\n	<li>Trong tiết trời n&oacute;ng ẩm th&igrave; quạt chỉ tạo được hơi m&aacute;t l&uacute;c đầu, sau đ&oacute; do độ ẩm trong kh&ocirc;ng kh&iacute; tăng l&ecirc;n, nhưng nhiệt độ ph&ograve;ng kh&ocirc;ng được hạ xuống, g&acirc;y kh&oacute; chịu cho người d&ugrave;ng.</li>\r\n	<li>Khi d&ugrave;ng trong ph&ograve;ng, c&oacute; thể dẫn tới t&igrave;nh trạng độ ẩm tăng cao, dễ g&acirc;y hư hại cho c&aacute;c thiết bị điện tử kh&aacute;c.</li>\r\n</ul>\r\n\r\n<p><img alt=\"Quạt hơi nước có khả năng  làm mát trong phạm vi 15 - 40m2, không thích hợp làm mát không gian rộng\" src=\"https://cdn.tgdd.vn//News/803242//3-730x519.jpg\" /></p>\r\n\r\n<p>Quạt hơi nước c&oacute; khả năng l&agrave;m m&aacute;t trong phạm vi 15 - 40m2</p>\r\n\r\n<p><strong>Xem th&ecirc;m</strong>:&nbsp;<a href=\"https://www.dienmayxanh.com/kinh-nghiem-hay/co-nen-su-dung-quat-hoi-nuoc-khong-795311\" target=\"_blank\">Quạt hơi nước c&oacute; tốt kh&ocirc;ng? C&oacute; n&ecirc;n sử dụng quạt hơi nước?</a></p>\r\n\r\n<h3>2T&igrave;m hiểu về m&aacute;y lạnh</h3>\r\n\r\n<p>M&aacute;y lạnh l&agrave; g&igrave;?</p>\r\n\r\n<p>M&aacute;y lạnh l&agrave; thiết bị sử dụng điện năng để thay đổi nhiệt độ trong căn ph&ograve;ng theo nhu cầu sử dụng của người d&ugrave;ng, tạo ra cảm gi&aacute;c thoải m&aacute;i v&agrave; dễ chịu tức th&igrave;. Thiết bị c&oacute; thể l&agrave;m m&aacute;t trong ph&ograve;ng c&oacute; diện t&iacute;ch từ nhỏ đến lớn.</p>\r\n\r\n<p><img alt=\"Máy lạnh Comfee Inverter 1 HP CFS-10VDGF-V sở hữu gam màu trắng chủ đạo, tôn vinh nét sang trọng cho không gian sử dụng\" src=\"https://cdn.tgdd.vn//News/803242//4-730x408.jpg\" /></p>\r\n\r\n<p><a href=\"https://www.dienmayxanh.com/may-lanh/may-lanh-comfee-cfs-10vdgf-v\" target=\"_blank\">M&aacute;y lạnh Comfee Inverter 1 HP CFS-10VDGF-V</a>&nbsp;sở hữu gam m&agrave;u trắng chủ đạo, t&ocirc;n vinh n&eacute;t sang trọng cho kh&ocirc;ng gian sử dụng</p>\r\n\r\n<p><strong>Nguy&ecirc;n l&yacute; hoạt động</strong></p>\r\n\r\n<p>M&aacute;y lạnh hoạt động cơ chế truyền nhiệt từ nơi c&oacute; nhiệt độ thấp đến nơi c&oacute; nhiệt độ cao (ngược lại với sự truyền nhiệt của tự nhi&ecirc;n).</p>\r\n\r\n<p>Cụ thể m&aacute;y lạnh hoạt động theo nguy&ecirc;n l&yacute; sau:</p>\r\n\r\n<ul>\r\n	<li><strong>Bước 1:&nbsp;</strong>Sau khi qua van tiết lưu, gas (m&ocirc;i chất l&agrave;m lạnh) sẽ c&oacute; &aacute;p suất thấp, nhiệt độ thấp.</li>\r\n	<li><strong>Bước 2:</strong>&nbsp;M&ocirc;i chất l&agrave;m lạnh đi qua d&agrave;n lạnh sẽ hấp thụ nhiệt từ m&ocirc;i trường xung quanh. Quạt gi&oacute; trong cục lạnh h&uacute;t kh&ocirc;ng kh&iacute; trong ph&ograve;ng, đẩy qua d&agrave;n lạnh để l&agrave;m lạnh rồi đưa trở lại ph&ograve;ng.</li>\r\n	<li><strong>Bước 3:&nbsp;</strong>M&ocirc;i chất mang nhiệt sẽ được đưa đến m&aacute;y n&eacute;n. Tại đ&acirc;y, gas sẽ được n&eacute;n tới &aacute;p suất cao hơn.</li>\r\n	<li><strong>Bước 4:&nbsp;</strong>Gas c&oacute; nhiệt nhiệt độ cao, &aacute;p suất cao được đưa qua d&agrave;n n&oacute;ng để l&agrave;m m&aacute;t nhờ quạt v&agrave; d&agrave;n l&aacute; nh&ocirc;m tản nhiệt. Khi đi qua d&agrave;n n&oacute;ng, m&ocirc;i chất sẽ c&oacute; nhiệt độ thấp hơn.</li>\r\n	<li><strong>Bước 5:</strong>&nbsp;Gas tiếp tục được đưa đến van tiết lưu để giảm &aacute;p suất, giảm nhiệt v&agrave; bắt đầu một chu tr&igrave;nh mới.</li>\r\n</ul>\r\n\r\n<p><img alt=\"Máy lạnh Daikin Inverter 1 HP ATKB25YVMV\" src=\"https://cdn.tgdd.vn/News/803242/1-1020x570-845x472.jpg\" /></p>\r\n\r\n<p><a href=\"https://www.dienmayxanh.com/may-lanh/daikin-inverter-1-hp-atkb25yvmv\" target=\"_blank\">M&aacute;y lạnh Daikin Inverter 1 HP ATKB25YVMV</a></p>\r\n\r\n<p><strong>Ưu điểm:</strong></p>\r\n\r\n<ul>\r\n	<li>L&agrave;m m&aacute;t nhanh ch&oacute;ng v&agrave; đồng đều cho kh&ocirc;ng gian rộng.</li>\r\n	<li>Thiết kế sang trọng, treo tường gọn g&agrave;ng, kh&ocirc;ng tốn nhiều diện t&iacute;ch.</li>\r\n	<li>C&aacute;c d&ograve;ng&nbsp;<a href=\"https://www.dienmayxanh.com/may-lanh?g=may-lanh-inverter\" target=\"_blank\">m&aacute;y lạnh Inverter</a>&nbsp;c&oacute; khả năng tiết kiệm điện hiệu quả.</li>\r\n	<li>Một số sản phẩm c&ograve;n được t&iacute;ch hợp t&iacute;nh năng kh&aacute;ng khuẩn, khử m&ugrave;i, gi&uacute;p bảo vệ sức khỏe cho gia đ&igrave;nh.</li>\r\n	<li>Khả năng l&agrave;m lạnh kh&ocirc;ng bị ảnh hưởng bởi m&ocirc;i trường.</li>\r\n	<li>C&oacute; nhiều chế độ độc đ&aacute;o:&nbsp;<a href=\"https://www.dienmayxanh.com/may-lanh-tao-ion-loc-khong-khi\" target=\"_blank\">tạo ion lọc kh&ocirc;ng kh&iacute;</a>,&nbsp;<a href=\"https://www.dienmayxanh.com/kinh-nghiem-hay/che-do-hen-gio-va-tu-khoi-dong-khi-co-dien-lai-co-588231#hmenuid1\" target=\"_blank\">hẹn giờ bật tắt</a>,&nbsp;<a href=\"https://www.dienmayxanh.com/kinh-nghiem-hay/cac-che-do-thuong-thay-tren-may-lanh-795107#hmenuid7\" target=\"_blank\">thổi gi&oacute; dễ chịu</a>,&nbsp;<a href=\"https://www.dienmayxanh.com/kinh-nghiem-hay/che-do-ngu-dem-tren-may-lanh-la-gi-631348\" target=\"_blank\">chế độ ngủ đ&ecirc;m</a>,&nbsp;<a href=\"https://www.dienmayxanh.com/kinh-nghiem-hay/cac-che-do-thuong-thay-tren-may-lanh-795107#hmenuid9\" target=\"_blank\">chế độ hoạt động si&ecirc;u &ecirc;m</a>,...</li>\r\n	<li>Kh&ocirc;ng l&agrave;m ảnh hưởng đến thiết bị điện tử kh&aacute;c.</li>\r\n</ul>\r\n\r\n<p><img alt=\"Máy lạnh Panasonic Inverter 1 HP CU/CS-PU9AKH-8 mới 2024 tích hợp nhiều công nghệ hiện đại\" src=\"https://cdn.tgdd.vn/News/803242/panasonic-inverter-1-hp-cu-cs-pu9akh-8-200224-045533-845x472.jpg\" /></p>\r\n\r\n<p><a href=\"https://www.dienmayxanh.com/may-lanh/panasonic-inverter-1-hp-cu-cs-pu9akh-8\" target=\"_blank\">M&aacute;y lạnh Panasonic Inverter 1 HP CU/CS-PU9AKH-8</a>&nbsp;mới 2024 t&iacute;ch hợp nhiều c&ocirc;ng nghệ hiện đại</p>\r\n\r\n<p><strong>Nhược điểm:</strong></p>\r\n\r\n<ul>\r\n	<li>Cần sử dụng trong ph&ograve;ng k&iacute;n để m&aacute;y lạnh chạy tốt v&agrave; tiết kiệm.</li>\r\n	<li>Gi&aacute; th&agrave;nh cao hơn so với quạt hơi nước, dao động từ 5 - 40 triệu đồng (cập nhật đến th&aacute;ng 04/2024).</li>\r\n	<li>M&aacute;y lạnh chỉ sử dụng được ở vị tr&iacute; cố định.</li>\r\n</ul>\r\n\r\n<p><img alt=\"Máy lạnh LG Inverter 1 HP V10WIN1 có thể điều khiển từ xa qua điện thoại\" src=\"https://cdn.tgdd.vn/News/803242/lg-inverter-1-hp-v10win1638454075142674552-845x473.jpg\" /></p>\r\n\r\n<p><a href=\"https://www.dienmayxanh.com/may-lanh/lg-inverter-1-hp-v10win1\" target=\"_blank\">M&aacute;y lạnh LG Inverter 1 HP V10WIN1</a>&nbsp;c&oacute; thể điều khiển từ xa qua&nbsp;<a href=\"https://www.dienmayxanh.com/dien-thoai\" target=\"_blank\">điện thoại</a></p>\r\n\r\n<p><strong>Xem th&ecirc;m:</strong>&nbsp;<a href=\"https://www.dienmayxanh.com/kinh-nghiem-hay/cau-tao-va-nguyen-ly-hoat-dong-cua-may-lanh-1243365\" target=\"_blank\">Cấu tạo v&agrave; nguy&ecirc;n l&yacute; hoạt động của m&aacute;y lạnh</a></p>\r\n\r\n<h3>3So s&aacute;nh quạt hơi nước v&agrave; m&aacute;y lạnh</h3>\r\n\r\n<table align=\"left\" border=\"1\" cellpadding=\"0\" cellspacing=\"1\">\r\n	<thead>\r\n		<tr>\r\n			<th scope=\"col\">\r\n			<p><strong>Ti&ecirc;u ch&iacute; so s&aacute;nh</strong></p>\r\n			</th>\r\n			<th scope=\"col\">\r\n			<p><strong>Quạt hơi nước</strong></p>\r\n			</th>\r\n			<th scope=\"col\">\r\n			<p><strong>M&aacute;y lạnh</strong></p>\r\n			</th>\r\n		</tr>\r\n	</thead>\r\n	<tbody>\r\n		<tr>\r\n			<td>\r\n			<p><strong>Phạm vi l&agrave;m m&aacute;t</strong></p>\r\n			</td>\r\n			<td>\r\n			<p>Nhỏ, từ 15 - 40m2</p>\r\n			</td>\r\n			<td>\r\n			<p>L&agrave;m lạnh được kh&ocirc;ng gian từ 15 - tr&ecirc;n 40m2</p>\r\n			</td>\r\n		</tr>\r\n		<tr>\r\n			<td>\r\n			<p><strong>Giảm nhiệt độ so với th&ocirc;ng thường</strong></p>\r\n			</td>\r\n			<td>\r\n			<p>Từ 3 - 5 độ C</p>\r\n			</td>\r\n			<td>\r\n			<p>Từ 4 - 15 độ C</p>\r\n			</td>\r\n		</tr>\r\n		<tr>\r\n			<td>\r\n			<p><strong>Ảnh hưởng đến đồ điện tử</strong></p>\r\n			</td>\r\n			<td>\r\n			<p>C&oacute; thể ảnh hưởng (do c&oacute; hơi ẩm)</p>\r\n			</td>\r\n			<td>\r\n			<p>Kh&ocirc;ng ảnh hưởng</p>\r\n			</td>\r\n		</tr>\r\n		<tr>\r\n			<td><strong>T&iacute;nh năng đuổi muỗi</strong></td>\r\n			<td>Kh&ocirc;ng</td>\r\n			<td>C&oacute;</td>\r\n		</tr>\r\n		<tr>\r\n			<td><strong>L&agrave;m ẩm kh&ocirc;ng kh&iacute;</strong></td>\r\n			<td>C&oacute;</td>\r\n			<td>Kh&ocirc;ng</td>\r\n		</tr>\r\n		<tr>\r\n			<td>\r\n			<p><strong>Ưu điểm</strong></p>\r\n			</td>\r\n			<td>\r\n			<ul>\r\n				<li>Thiết kế an to&agrave;n, c&oacute; ch&acirc;n để di chuyển đến nơi m&agrave; bạn muốn.</li>\r\n				<li>Gi&oacute; c&oacute; hơi ẩm n&ecirc;n kh&ocirc;ng g&acirc;y kh&ocirc; da.</li>\r\n			</ul>\r\n			</td>\r\n			<td>\r\n			<ul>\r\n				<li>Khả năng l&agrave;m lạnh kh&ocirc;ng bị ảnh hưởng bởi m&ocirc;i trường.</li>\r\n				<li>C&oacute; nhiều chế độ độc đ&aacute;o: xua muỗi, cung cấp độ ẩm cho da, thổi gi&oacute; dễ chịu chế độ ngủ đ&ecirc;m, chế độ im lặng,&hellip;</li>\r\n			</ul>\r\n			</td>\r\n		</tr>\r\n		<tr>\r\n			<td>\r\n			<p><strong>Nhược điểm</strong></p>\r\n			</td>\r\n			<td>\r\n			<ul>\r\n				<li>L&agrave;m m&aacute;t chậm hơn.</li>\r\n				<li>Trong tiết trời n&oacute;ng ẩm, sử dụng quạt trong thời gian d&agrave;i sẽ tạo cảm gi&aacute;c n&oacute;ng, kh&oacute; chịu.</li>\r\n				<li>L&agrave;m hỏng đồ điện, sử dụng ảnh hưởng sức khỏe.</li>\r\n			</ul>\r\n			</td>\r\n			<td>\r\n			<ul>\r\n				<li>Chỉ sử dụng được cố định.</li>\r\n				<li>Chi ph&iacute; lắp đặt v&agrave; điện năng ti&ecirc;u thụ cao</li>\r\n			</ul>\r\n			</td>\r\n		</tr>\r\n		<tr>\r\n			<td><strong>Gi&aacute; th&agrave;nh</strong></td>\r\n			<td>Thấp, từ 2 - 7 triệu đồng</td>\r\n			<td>Cao hơn, từ 5 - 40 triệu đồng</td>\r\n		</tr>\r\n	</tbody>\r\n</table>\r\n\r\n<h3>4N&ecirc;n mua m&aacute;y lạnh hay quạt hơi nước?</h3>\r\n\r\n<p>Mỗi sản phẩm đều c&oacute; ưu v&agrave; nhược điểm ri&ecirc;ng, v&igrave; vậy việc chọn mua m&aacute;y lạnh hay quạt hơi nước c&ograve;n phụ thuộc v&agrave;o nhu cầu sử dụng, khả năng t&agrave;i ch&iacute;nh v&agrave; kh&ocirc;ng gian sử dụng:</p>\r\n\r\n<ul>\r\n	<li><strong>N&ecirc;n mua quạt hơi nước khi</strong>: Diện t&iacute;ch ph&ograve;ng nhỏ, tho&aacute;ng đ&atilde;ng hoặc bạn muốn sử dụng nhiều nơi linh hoạt, cũng như tiết kiệm điện hơn.</li>\r\n	<li><strong>N&ecirc;n mua m&aacute;y lạnh khi:</strong>&nbsp;Nếu bạn muốn c&oacute; kh&ocirc;ng gian m&aacute;t lạnh, trong l&agrave;nh, sử dụng trong ph&ograve;ng k&iacute;n, cố định cũng như muốn trải nghiệm nhiều tiện &iacute;ch kh&aacute;c m&agrave; vẫn đảm bảo sức khỏe trong thời gian d&agrave;i v&agrave; bảo quản đồ điện tử tốt nhất.</li>\r\n</ul>\r\n\r\n<p><img alt=\"Bạn nên mua quạt hơi nước khi diện tích phòng nhỏ và muốn di chuyển linh hoạt đến nhiều vị trí\" src=\"https://cdn.tgdd.vn//News/803242//4-730x487-1.jpg\" /></p>\r\n\r\n<p>Bạn n&ecirc;n mua quạt hơi nước khi diện t&iacute;ch ph&ograve;ng nhỏ v&agrave; muốn di chuyển linh hoạt đến nhiều vị tr&iacute;</p>', 1, '/storage/photos/product/4-730x498.jpg', '2024-05-03 07:30:09', '2024-05-03 07:30:09');

-- --------------------------------------------------------

--
-- Cấu trúc bảng cho bảng `banner`
--

CREATE TABLE `banner` (
  `id` bigint(20) UNSIGNED NOT NULL,
  `b_name` varchar(255) COLLATE utf8mb4_unicode_ci DEFAULT NULL,
  `b_image` varchar(255) COLLATE utf8mb4_unicode_ci DEFAULT NULL,
  `b_discount` varchar(255) COLLATE utf8mb4_unicode_ci DEFAULT NULL,
  `b_active` tinyint(4) NOT NULL DEFAULT 1,
  `b_sale` int(11) NOT NULL DEFAULT 0,
  `created_at` timestamp NULL DEFAULT NULL,
  `updated_at` timestamp NULL DEFAULT NULL
) ENGINE=InnoDB DEFAULT CHARSET=utf8mb4 COLLATE=utf8mb4_unicode_ci;

--
-- Đang đổ dữ liệu cho bảng `banner`
--

INSERT INTO `banner` (`id`, `b_name`, `b_image`, `b_discount`, `b_active`, `b_sale`, `created_at`, `updated_at`) VALUES
(1, 'banner 1', '/storage/photos/Banner/slide_3_img.webp', NULL, 1, 0, '2024-04-17 08:19:45', '2024-05-04 00:53:42'),
(2, 'banner 2', '/storage/photos/Banner/slide_7_img.webp', '15', 1, 1, '2024-04-17 08:19:58', '2024-05-06 19:00:07'),
(3, 'banner 3', '/storage/photos/Banner/slide_1_img.webp', '10', 1, 1, '2024-04-17 08:20:12', '2024-05-04 01:00:20'),
(4, 'banner 4', '/storage/photos/Banner/collection_banner1.webp', NULL, 1, 0, '2024-04-27 20:35:11', '2024-05-04 00:50:51'),
(5, 'banner 6', '/storage/photos/Banner/collection_banner5.webp', '5', 1, 1, '2024-05-06 18:59:59', '2024-05-18 09:24:09');

-- --------------------------------------------------------

--
-- Cấu trúc bảng cho bảng `carts`
--

CREATE TABLE `carts` (
  `id` int(10) UNSIGNED NOT NULL,
  `pro_id` varchar(255) COLLATE utf8mb4_unicode_ci DEFAULT NULL,
  `price` longtext COLLATE utf8mb4_unicode_ci DEFAULT NULL,
  `quantity` int(11) NOT NULL DEFAULT 0,
  `created_at` timestamp NULL DEFAULT NULL,
  `updated_at` timestamp NULL DEFAULT NULL,
  `name` varchar(255) COLLATE utf8mb4_unicode_ci NOT NULL DEFAULT '0',
  `image` varchar(255) COLLATE utf8mb4_unicode_ci DEFAULT NULL,
  `user_id` varchar(255) COLLATE utf8mb4_unicode_ci NOT NULL
) ENGINE=InnoDB DEFAULT CHARSET=utf8mb4 COLLATE=utf8mb4_unicode_ci;

--
-- Đang đổ dữ liệu cho bảng `carts`
--

INSERT INTO `carts` (`id`, `pro_id`, `price`, `quantity`, `created_at`, `updated_at`, `name`, `image`, `user_id`) VALUES
(109, '27', '30000000', 1, NULL, NULL, 'Điện thoại iPhone 15 Pro Max 256GB', '/storage/photos/iphone-15-pro-max-black-1-1.jpg', '7');

-- --------------------------------------------------------

--
-- Cấu trúc bảng cho bảng `category`
--

CREATE TABLE `category` (
  `id` int(10) UNSIGNED NOT NULL,
  `c_name` varchar(255) COLLATE utf8mb4_unicode_ci NOT NULL,
  `c_slug` varchar(255) COLLATE utf8mb4_unicode_ci NOT NULL,
  `c_active` tinyint(4) NOT NULL DEFAULT 1,
  `created_at` timestamp NULL DEFAULT NULL,
  `updated_at` timestamp NULL DEFAULT NULL,
  `c_parent` int(11) NOT NULL DEFAULT 0
) ENGINE=InnoDB DEFAULT CHARSET=utf8mb4 COLLATE=utf8mb4_unicode_ci;

--
-- Đang đổ dữ liệu cho bảng `category`
--

INSERT INTO `category` (`id`, `c_name`, `c_slug`, `c_active`, `created_at`, `updated_at`, `c_parent`) VALUES
(17, 'LAPTOP', 'laptop', 1, '2024-04-27 09:16:48', '2024-04-27 09:16:48', 0),
(18, 'ĐIỆN THOẠI', 'dien-thoai', 1, '2024-04-27 09:17:04', '2024-04-27 09:17:04', 0),
(19, 'GIA DỤNG', 'gia-dung', 1, '2024-04-27 09:17:22', '2024-04-27 09:17:22', 0),
(20, 'TIVI', 'tivi', 1, '2024-04-27 09:17:56', '2024-04-27 09:17:56', 0),
(21, 'PHỤ KIỆN', 'phu-kien', 1, '2024-04-27 09:18:11', '2024-04-27 09:18:11', 0),
(22, 'DELL', 'dell', 1, '2024-04-27 09:18:28', '2024-04-27 09:18:28', 17),
(24, 'ACER', 'acer', 1, '2024-04-27 09:19:24', '2024-04-27 09:19:24', 17),
(25, 'IPHONE', 'iphone', 1, '2024-04-27 09:19:46', '2024-05-05 08:56:41', 18),
(26, 'SAM SUNG', 'sam-sung', 1, '2024-04-27 09:20:04', '2024-05-05 08:55:54', 18),
(27, 'XIAOMI', 'xiaomi', 1, '2024-04-27 09:20:30', '2024-04-27 09:20:30', 18),
(28, 'LG', 'lg', 1, '2024-04-27 09:20:50', '2024-04-27 09:20:50', 20),
(29, 'SONY', 'sony', 1, '2024-04-27 09:21:10', '2024-04-27 09:21:10', 20),
(30, 'TỦ LẠNH', 'tu-lanh', 1, '2024-04-27 09:21:24', '2024-04-27 09:21:24', 19),
(31, 'ĐIỀU HOÀ', 'dieu-hoa', 1, '2024-04-27 09:21:59', '2024-04-27 09:21:59', 19),
(32, 'SẠC NHANH', 'sac-nhanh', 1, '2024-04-27 09:22:23', '2024-04-27 09:22:23', 21),
(33, 'ASUS', 'asus', 1, '2024-04-27 09:22:44', '2024-04-27 09:22:44', 17),
(45, 'Sạc dự phòng', 'sac-du-phong', 1, '2024-05-18 09:23:36', '2024-05-18 09:23:36', 21);

-- --------------------------------------------------------

--
-- Cấu trúc bảng cho bảng `contacts`
--

CREATE TABLE `contacts` (
  `id` int(10) UNSIGNED NOT NULL,
  `con_name` varchar(255) COLLATE utf8mb4_unicode_ci DEFAULT NULL,
  `con_phone` varchar(255) COLLATE utf8mb4_unicode_ci DEFAULT NULL,
  `con_email` varchar(255) COLLATE utf8mb4_unicode_ci DEFAULT NULL,
  `con_title` varchar(255) COLLATE utf8mb4_unicode_ci DEFAULT NULL,
  `con_message` text COLLATE utf8mb4_unicode_ci DEFAULT NULL,
  `con_status` tinyint(4) NOT NULL DEFAULT 0,
  `created_at` timestamp NULL DEFAULT NULL,
  `updated_at` timestamp NULL DEFAULT NULL
) ENGINE=InnoDB DEFAULT CHARSET=utf8mb4 COLLATE=utf8mb4_unicode_ci;

--
-- Đang đổ dữ liệu cho bảng `contacts`
--

INSERT INTO `contacts` (`id`, `con_name`, `con_phone`, `con_email`, `con_title`, `con_message`, `con_status`, `created_at`, `updated_at`) VALUES
(1, 'loi chu', '0987324324', 'l@gmail.com', 'dfdfgdf', '3e', 0, NULL, NULL),
(2, 'ggg', '67467', 'lv@gmail.com', 'yutyutu', 'sdddđ', 0, '2024-04-18 10:11:23', '2024-04-18 10:11:23'),
(3, 'e32e', '3e2e', '23e2', 'e23e32', 'e23e', 0, '2024-04-20 20:06:43', '2024-04-20 20:06:43');

-- --------------------------------------------------------

--
-- Cấu trúc bảng cho bảng `failed_jobs`
--

CREATE TABLE `failed_jobs` (
  `id` bigint(20) UNSIGNED NOT NULL,
  `uuid` varchar(255) COLLATE utf8mb4_unicode_ci NOT NULL,
  `connection` text COLLATE utf8mb4_unicode_ci NOT NULL,
  `queue` text COLLATE utf8mb4_unicode_ci NOT NULL,
  `payload` longtext COLLATE utf8mb4_unicode_ci NOT NULL,
  `exception` longtext COLLATE utf8mb4_unicode_ci NOT NULL,
  `failed_at` timestamp NOT NULL DEFAULT current_timestamp()
) ENGINE=InnoDB DEFAULT CHARSET=utf8mb4 COLLATE=utf8mb4_unicode_ci;

-- --------------------------------------------------------

--
-- Cấu trúc bảng cho bảng `import_goods`
--

CREATE TABLE `import_goods` (
  `id` int(10) UNSIGNED NOT NULL,
  `product_id` int(11) NOT NULL,
  `supplier_id` int(11) NOT NULL,
  `quantity` int(11) NOT NULL,
  `price` int(11) NOT NULL,
  `created_at` timestamp NULL DEFAULT NULL,
  `updated_at` timestamp NULL DEFAULT NULL
) ENGINE=InnoDB DEFAULT CHARSET=utf8mb4 COLLATE=utf8mb4_unicode_ci;

--
-- Đang đổ dữ liệu cho bảng `import_goods`
--

INSERT INTO `import_goods` (`id`, `product_id`, `supplier_id`, `quantity`, `price`, `created_at`, `updated_at`) VALUES
(2, 26, 3, 3, 1000000, '2024-05-14 03:17:25', '2024-05-14 03:17:25'),
(6, 16, 8, 5, 12000000, '2024-05-14 03:32:59', '2024-05-14 03:32:59'),
(7, 27, 9, 4, 20000000, '2024-05-14 08:38:10', '2024-05-14 08:38:10'),
(8, 15, 3, 10, 10000000, '2024-05-14 09:33:39', '2024-05-14 09:33:39'),
(9, 35, 3, 3, 12000000, '2024-05-17 09:34:48', '2024-05-17 09:34:48'),
(10, 25, 3, 5, 16000000, '2024-05-17 18:14:26', '2024-05-17 18:14:26'),
(11, 28, 10, 4, 21000000, '2024-05-18 09:11:42', '2024-05-18 09:11:42'),
(12, 31, 3, 2, 5000000, '2024-05-18 09:39:31', '2024-05-18 09:39:31');

-- --------------------------------------------------------

--
-- Cấu trúc bảng cho bảng `migrations`
--

CREATE TABLE `migrations` (
  `id` int(10) UNSIGNED NOT NULL,
  `migration` varchar(255) COLLATE utf8mb4_unicode_ci NOT NULL,
  `batch` int(11) NOT NULL
) ENGINE=InnoDB DEFAULT CHARSET=utf8mb4 COLLATE=utf8mb4_unicode_ci;

--
-- Đang đổ dữ liệu cho bảng `migrations`
--

INSERT INTO `migrations` (`id`, `migration`, `batch`) VALUES
(1, '2014_10_12_100000_create_password_reset_tokens_table', 1),
(2, '2014_10_12_100000_create_password_resets_table', 1),
(3, '2019_08_19_000000_create_failed_jobs_table', 1),
(4, '2019_12_14_000001_create_personal_access_tokens_table', 1),
(5, '2024_03_12_161756_create_category_table', 1),
(6, '2024_03_14_144043_create_products_table', 1),
(7, '2024_03_21_141004_create_article_table', 1),
(8, '2024_04_10_143146_create_banner_table', 1),
(9, '2024_04_15_043541_create_users_table', 1),
(10, '2024_04_17_032956_add_column_to_table_name', 1),
(11, '2024_04_17_033704_create_carts_table', 1),
(12, '2024_04_18_163511_create_contact_table', 2),
(13, '2024_04_18_170722_create_contact_table', 3),
(14, '2024_04_19_144228_create_transactions_tbale', 4),
(15, '2024_04_19_144318_create_oders_table', 4),
(16, '2024_04_19_150301_add_column_to_table_name', 5),
(17, '2024_04_19_155716_create_transaction_table', 6),
(18, '2024_04_20_025234_create_rating_table', 7),
(19, '2024_04_20_030238_add_column_to_table_name', 8),
(20, '2024_04_22_175804_alter_column_total_pay_in_table_users', 9),
(21, '2024_04_24_151325_add_column_to_table_name', 10),
(22, '2024_04_24_162551_create_admin_table', 11),
(23, '2024_04_26_024017_add_column_to_table_name', 12),
(24, '2024_04_26_042656_add_column_to_table_name', 13),
(25, '2024_04_26_172116_create_product_images_table', 14),
(26, '2024_04_26_172502_create_product_images_table', 15),
(27, '2024_04_27_030213_create_product_image_table', 16),
(28, '2024_04_27_032458_create_product_image_table', 17),
(29, '2024_04_27_153639_add_to_table_name', 18),
(30, '2024_05_14_082611_create_supplier_table', 19),
(31, '2024_05_14_090837_create_import_goods_table', 20),
(32, '2024_05_14_092516_create_import_goods_table', 21);

-- --------------------------------------------------------

--
-- Cấu trúc bảng cho bảng `oders`
--

CREATE TABLE `oders` (
  `id` bigint(20) UNSIGNED NOT NULL,
  `od_transaction_id` int(11) NOT NULL DEFAULT 0,
  `od_product_id` int(11) NOT NULL DEFAULT 0,
  `od_quantity` tinyint(4) NOT NULL DEFAULT 0,
  `od_price` int(11) NOT NULL DEFAULT 0,
  `od_sale` tinyint(4) NOT NULL DEFAULT 0,
  `created_at` timestamp NULL DEFAULT NULL,
  `updated_at` timestamp NULL DEFAULT NULL,
  `od_cart_id` int(11) NOT NULL DEFAULT 0
) ENGINE=InnoDB DEFAULT CHARSET=utf8mb4 COLLATE=utf8mb4_unicode_ci;

--
-- Đang đổ dữ liệu cho bảng `oders`
--

INSERT INTO `oders` (`id`, `od_transaction_id`, `od_product_id`, `od_quantity`, `od_price`, `od_sale`, `created_at`, `updated_at`, `od_cart_id`) VALUES
(51, 30, 26, 1, 90, 0, '2024-04-23 02:14:58', '2024-04-23 02:14:58', 0),
(52, 31, 24, 2, 1, 0, '2024-04-23 02:29:35', '2024-04-23 02:29:35', 0),
(53, 31, 25, 3, 100000, 0, '2024-04-23 02:29:35', '2024-04-23 02:29:35', 0),
(54, 31, 26, 1, 90, 0, '2024-04-23 02:29:35', '2024-04-23 02:29:35', 0),
(55, 32, 27, 1, 1, 0, '2024-04-23 21:30:30', '2024-04-23 21:30:30', 0),
(56, 33, 28, 2, 100000, 0, '2024-04-23 21:50:32', '2024-04-23 21:50:32', 0),
(57, 34, 29, 1, 100000, 0, '2024-04-25 19:02:14', '2024-04-25 19:02:14', 0),
(58, 35, 31, 1, 100000, 0, '2024-04-25 20:05:52', '2024-04-25 20:05:52', 0),
(59, 35, 32, 1, 1, 0, '2024-04-25 20:05:52', '2024-04-25 20:05:52', 0),
(60, 36, 33, 1, 1, 0, '2024-04-25 20:10:59', '2024-04-25 20:10:59', 0),
(61, 37, 34, 1, 1, 0, '2024-04-25 21:04:49', '2024-04-25 21:04:49', 0),
(62, 38, 0, 1, 342, 0, '2024-04-25 21:30:48', '2024-04-25 21:30:48', 35),
(63, 40, 1, 1, 1, 0, '2024-04-25 21:35:12', '2024-04-25 21:35:12', 36),
(64, 41, 1, 1, 1, 0, '2024-04-25 21:36:31', '2024-04-25 21:36:31', 37),
(65, 42, 1, 1, 1, 0, '2024-04-25 21:43:17', '2024-04-25 21:43:17', 38),
(66, 43, 1, 1, 1, 0, '2024-04-26 00:45:48', '2024-04-26 00:45:48', 39),
(67, 43, 2, 4, 100000, 0, '2024-04-26 00:45:48', '2024-04-26 00:45:48', 40),
(68, 43, 7, 5, 123, 0, '2024-04-26 00:45:48', '2024-04-26 00:45:48', 41),
(69, 44, 7, 1, 123, 0, '2024-04-26 00:50:51', '2024-04-26 00:50:51', 42),
(70, 45, 25, 2, 19000000, 0, '2024-05-04 01:58:11', '2024-05-04 01:58:11', 43),
(71, 46, 24, 1, 24900000, 0, '2024-05-04 02:06:34', '2024-05-04 02:06:34', 44),
(72, 47, 24, 2, 24900000, 0, '2024-05-04 02:16:37', '2024-05-04 02:16:37', 45),
(73, 48, 31, 4, 6490000, 0, '2024-05-04 02:18:46', '2024-05-04 02:18:46', 46),
(74, 49, 25, 1, 19000000, 0, '2024-05-04 03:04:40', '2024-05-04 03:04:40', 47),
(75, 50, 24, 3, 24900000, 0, '2024-05-04 09:35:59', '2024-05-04 09:35:59', 48),
(76, 50, 31, 2, 6490000, 0, '2024-05-04 09:35:59', '2024-05-04 09:35:59', 49),
(77, 50, 27, 4, 30000000, 0, '2024-05-04 09:35:59', '2024-05-04 09:35:59', 50),
(78, 51, 25, 1, 19000000, 0, '2024-05-05 09:41:24', '2024-05-05 09:41:24', 51),
(79, 51, 35, 4, 13600000, 0, '2024-05-05 09:41:24', '2024-05-05 09:41:24', 52),
(80, 51, 30, 4, 10000000, 0, '2024-05-05 09:41:24', '2024-05-05 09:41:24', 53),
(81, 52, 33, 1, 14900000, 0, '2024-05-05 20:24:18', '2024-05-05 20:24:18', 54),
(82, 53, 27, 1, 30000000, 0, '2024-05-06 21:42:33', '2024-05-06 21:42:33', 55),
(83, 53, 30, 3, 10000000, 0, '2024-05-06 21:42:33', '2024-05-06 21:42:33', 56),
(84, 54, 28, 1, 22990000, 0, '2024-05-06 21:45:07', '2024-05-06 21:45:07', 57),
(85, 55, 32, 3, 6100000, 0, '2024-05-06 21:48:26', '2024-05-06 21:48:26', 58),
(86, 55, 34, 2, 17900000, 0, '2024-05-06 21:48:26', '2024-05-06 21:48:26', 59),
(87, 56, 31, 2, 6490000, 0, '2024-05-07 01:41:28', '2024-05-07 01:41:28', 60),
(88, 57, 15, 6, 10900000, 0, '2024-05-08 08:14:49', '2024-05-08 08:14:49', 61),
(89, 57, 30, 3, 10000000, 0, '2024-05-08 08:14:49', '2024-05-08 08:14:49', 64),
(90, 57, 36, 1, 11990000, 0, '2024-05-08 08:14:49', '2024-05-08 08:14:49', 65),
(91, 57, 33, 3, 14900000, 0, '2024-05-08 08:14:49', '2024-05-08 08:14:49', 66),
(92, 58, 15, 1, 10900000, 0, '2024-05-13 08:20:20', '2024-05-13 08:20:20', 67),
(93, 58, 30, 1, 10000000, 0, '2024-05-13 08:20:20', '2024-05-13 08:20:20', 68),
(94, 58, 36, 2, 11990000, 0, '2024-05-13 08:20:20', '2024-05-13 08:20:20', 70),
(95, 59, 34, 1, 17900000, 0, '2024-05-13 09:22:35', '2024-05-13 09:22:35', 71),
(96, 60, 34, 1, 17900000, 0, '2024-05-13 09:24:43', '2024-05-13 09:24:43', 72),
(97, 61, 16, 1, 1190000, 0, '2024-05-13 19:38:48', '2024-05-13 19:38:48', 73),
(98, 61, 27, 5, 30000000, 0, '2024-05-13 19:38:48', '2024-05-13 19:38:48', 74),
(99, 61, 29, 1, 19000000, 0, '2024-05-13 19:38:48', '2024-05-13 19:38:48', 75),
(100, 62, 15, 1, 10900000, 0, '2024-05-14 07:42:32', '2024-05-14 07:42:32', 78),
(101, 63, 15, 1, 10900000, 0, '2024-05-14 07:44:38', '2024-05-14 07:44:38', 79),
(102, 64, 15, 2, 10900000, 0, '2024-05-14 08:10:45', '2024-05-14 08:10:45', 80),
(103, 64, 26, 2, 19900000, 0, '2024-05-14 08:10:45', '2024-05-14 08:10:45', 81),
(104, 65, 15, 1, 10900000, 0, '2024-05-14 08:20:40', '2024-05-14 08:20:40', 82),
(105, 66, 15, 1, 10900000, 0, '2024-05-14 08:22:05', '2024-05-14 08:22:05', 83),
(106, 67, 15, 1, 10900000, 0, '2024-05-14 08:23:27', '2024-05-14 08:23:27', 84),
(107, 68, 15, 1, 10900000, 0, '2024-05-14 08:24:32', '2024-05-14 08:24:32', 85),
(108, 69, 27, 1, 30000000, 0, '2024-05-14 08:38:47', '2024-05-14 08:38:47', 86),
(109, 70, 27, 2, 30000000, 0, '2024-05-14 08:40:29', '2024-05-14 08:40:29', 87),
(110, 71, 15, 1, 10900000, 0, '2024-05-14 08:41:32', '2024-05-14 08:41:32', 88),
(111, 72, 27, 1, 30000000, 0, '2024-05-14 08:43:23', '2024-05-14 08:43:23', 89),
(112, 73, 15, 1, 10900000, 0, '2024-05-14 09:03:06', '2024-05-14 09:03:06', 90),
(113, 74, 27, 1, 30000000, 0, '2024-05-14 09:04:51', '2024-05-14 09:04:51', 91),
(114, 75, 15, 1, 10900000, 0, '2024-05-17 08:39:56', '2024-05-17 08:39:56', 92),
(115, 76, 15, 1, 10900000, 0, '2024-05-17 08:58:33', '2024-05-17 08:58:33', 93),
(116, 77, 15, 1, 10900000, 0, '2024-05-17 09:05:28', '2024-05-17 09:05:28', 94),
(117, 78, 27, 1, 30000000, 0, '2024-05-17 09:29:00', '2024-05-17 09:29:00', 96),
(118, 79, 15, 1, 10900000, 0, '2024-05-17 09:32:15', '2024-05-17 09:32:15', 97),
(119, 80, 27, 1, 30000000, 0, '2024-05-17 09:32:47', '2024-05-17 09:32:47', 98),
(120, 81, 35, 1, 13600000, 0, '2024-05-17 09:35:28', '2024-05-17 09:35:28', 99),
(121, 82, 25, 1, 19000000, 0, '2024-05-17 18:14:56', '2024-05-17 18:14:56', 101),
(122, 83, 29, 1, 19000000, 0, '2024-05-17 18:30:50', '2024-05-17 18:30:50', 102),
(123, 84, 29, 1, 19000000, 0, '2024-05-17 18:32:13', '2024-05-17 18:32:13', 103),
(124, 85, 27, 1, 30000000, 0, '2024-05-18 07:55:11', '2024-05-18 07:55:11', 104),
(125, 86, 27, 1, 30000000, 0, '2024-05-18 19:59:24', '2024-05-18 19:59:24', 105),
(126, 86, 25, 3, 19000000, 0, '2024-05-18 19:59:24', '2024-05-18 19:59:24', 106),
(127, 86, 29, 1, 19000000, 0, '2024-05-18 19:59:24', '2024-05-18 19:59:24', 107);

-- --------------------------------------------------------

--
-- Cấu trúc bảng cho bảng `password_resets`
--

CREATE TABLE `password_resets` (
  `email` varchar(255) COLLATE utf8mb4_unicode_ci NOT NULL,
  `token` varchar(255) COLLATE utf8mb4_unicode_ci NOT NULL,
  `created_at` timestamp NULL DEFAULT NULL
) ENGINE=InnoDB DEFAULT CHARSET=utf8mb4 COLLATE=utf8mb4_unicode_ci;

-- --------------------------------------------------------

--
-- Cấu trúc bảng cho bảng `password_reset_tokens`
--

CREATE TABLE `password_reset_tokens` (
  `email` varchar(255) COLLATE utf8mb4_unicode_ci NOT NULL,
  `token` varchar(255) COLLATE utf8mb4_unicode_ci NOT NULL,
  `created_at` timestamp NULL DEFAULT NULL
) ENGINE=InnoDB DEFAULT CHARSET=utf8mb4 COLLATE=utf8mb4_unicode_ci;

-- --------------------------------------------------------

--
-- Cấu trúc bảng cho bảng `personal_access_tokens`
--

CREATE TABLE `personal_access_tokens` (
  `id` bigint(20) UNSIGNED NOT NULL,
  `tokenable_type` varchar(255) COLLATE utf8mb4_unicode_ci NOT NULL,
  `tokenable_id` bigint(20) UNSIGNED NOT NULL,
  `name` varchar(255) COLLATE utf8mb4_unicode_ci NOT NULL,
  `token` varchar(64) COLLATE utf8mb4_unicode_ci NOT NULL,
  `abilities` text COLLATE utf8mb4_unicode_ci DEFAULT NULL,
  `last_used_at` timestamp NULL DEFAULT NULL,
  `expires_at` timestamp NULL DEFAULT NULL,
  `created_at` timestamp NULL DEFAULT NULL,
  `updated_at` timestamp NULL DEFAULT NULL
) ENGINE=InnoDB DEFAULT CHARSET=utf8mb4 COLLATE=utf8mb4_unicode_ci;

-- --------------------------------------------------------

--
-- Cấu trúc bảng cho bảng `products`
--

CREATE TABLE `products` (
  `id` int(10) UNSIGNED NOT NULL,
  `pro_name` varchar(255) COLLATE utf8mb4_unicode_ci DEFAULT NULL,
  `pro_slug` varchar(255) COLLATE utf8mb4_unicode_ci NOT NULL,
  `pro_content` text COLLATE utf8mb4_unicode_ci DEFAULT NULL,
  `pro_category_id` int(11) NOT NULL DEFAULT 0,
  `pro_price` int(11) NOT NULL DEFAULT 0,
  `pro_sale` int(11) NOT NULL DEFAULT 0,
  `pro_active` tinyint(4) NOT NULL DEFAULT 1,
  `pro_hot` tinyint(4) NOT NULL DEFAULT 0,
  `pro_description` text COLLATE utf8mb4_unicode_ci NOT NULL DEFAULT '0',
  `pro_image` varchar(255) COLLATE utf8mb4_unicode_ci DEFAULT NULL,
  `created_at` timestamp NULL DEFAULT NULL,
  `updated_at` timestamp NULL DEFAULT NULL,
  `quantity` varchar(255) COLLATE utf8mb4_unicode_ci DEFAULT NULL,
  `pro_pay` tinyint(4) NOT NULL DEFAULT 0,
  `pro_total` int(11) NOT NULL DEFAULT 0 COMMENT 'tổng số đánh giá',
  `pro_total_number` int(11) NOT NULL DEFAULT 0 COMMENT 'tổng số điểm đánh giá'
) ENGINE=InnoDB DEFAULT CHARSET=utf8mb4 COLLATE=utf8mb4_unicode_ci;

--
-- Đang đổ dữ liệu cho bảng `products`
--

INSERT INTO `products` (`id`, `pro_name`, `pro_slug`, `pro_content`, `pro_category_id`, `pro_price`, `pro_sale`, `pro_active`, `pro_hot`, `pro_description`, `pro_image`, `created_at`, `updated_at`, `quantity`, `pro_pay`, `pro_total`, `pro_total_number`) VALUES
(15, 'Laptop Dell Vostro 15 3520 i3 1215U', 'laptop-dell-vostro-15-3520-i3-1215u', '<h3><a href=\"https://www.thegioididong.com/laptop/dell-vostro-3520-i3-v5i3614w1\" target=\"_blank\">Laptop Dell Vostro 15 3520 i3 1215U (V5I3614W1)</a>&nbsp;l&agrave; một lựa chọn tuyệt vời cho những bạn đang cần t&igrave;m một chiếc&nbsp;<a href=\"https://www.thegioididong.com/laptop?g=hoc-tap-van-phong\" target=\"_blank\">laptop học tập - văn ph&ograve;ng</a>&nbsp;sở hữu cấu h&igrave;nh ổn định, c&oacute; khả năng vận h&agrave;nh trơn tru mọi t&aacute;c vụ thường ng&agrave;y.</h3>\r\n\r\n<h3>Hiệu năng đầy đủ cho đa c&ocirc;ng việc&nbsp;</h3>\r\n\r\n<p><a href=\"https://www.thegioididong.com/laptop-dell\" target=\"_blank\">Laptop Dell</a>&nbsp;được t&iacute;ch hợp bộ vi xử l&yacute;&nbsp;<strong>Intel Core i3 1215U</strong>&nbsp;kh&ocirc;ng qu&aacute; mới mẻ nhưng vẫn kh&aacute; đủ d&ugrave;ng cho mọi t&aacute;c vụ m&agrave; m&igrave;nh cần từ học tập, l&agrave;m việc cơ bản đến n&acirc;ng cao tr&ecirc;n những ứng dụng của nh&agrave; Microsoft Office, Google như Word, Excel, Google Drive,... m&aacute;y c&ograve;n c&oacute; khả năng giải quyết nhanh gọn c&aacute;c nhiệm vụ li&ecirc;n quan đến đồ họa, m&igrave;nh tạo file thiết kế, chỉnh sửa h&igrave;nh ảnh cơ bản tr&ecirc;n ứng dụng thuộc hệ sinh th&aacute;i Adobe đều trơn tru v&agrave; nhịp nh&agrave;ng nhờ card t&iacute;ch hợp<strong>&nbsp;Intel UHD Graphics</strong>.</p>\r\n\r\n<p>Bộ nhớ&nbsp;<strong>RAM 8 GB</strong>&nbsp;của m&aacute;y cho khả năng đa nhiệm tốt, m&igrave;nh vừa mở Photoshop để chỉnh sửa h&igrave;nh ảnh trong l&uacute;c chờ chọn tướng trong Li&ecirc;n Minh Huyền Thoại, cũng như mở th&ecirc;m cửa sổ Chrome, bật YouTube để nghe nhạc m&agrave; m&aacute;y vẫn hoạt động ổn định. Trong qu&aacute; tr&igrave;nh sử dụng xuy&ecirc;n suốt đ&acirc;u đ&oacute; tầm 2 tuần, m&igrave;nh nhận thấy việc mở từ 8 đến 10 tabs Chrome c&ugrave;ng l&uacute;c đều kh&ocirc;ng gặp c&aacute;c hiện tượng giật lag, gi&aacute;n đoạn. Với một sinh vi&ecirc;n như m&igrave;nh th&igrave; chắc cũng kh&ocirc;ng cần phải sử dụng đến tối đa khả năng n&acirc;ng cấp&nbsp;<strong>16 GB</strong>&nbsp;của m&aacute;y đ&acirc;u.</p>\r\n\r\n<p>M&aacute;y cũng đủ kh&ocirc;ng gian cho m&igrave;nh lưu trữ c&aacute;c t&agrave;i liệu học tập hay những tựa game cỡ nặng với ổ cứng<strong>&nbsp;SSD 256 GB NVMe PCIe</strong>, đồng thời chuẩn SSD cũng hỗ trợ khởi động m&aacute;y hay mở ứng dụng nhanh chỉ trong v&agrave;i gi&acirc;y.</p>\r\n\r\n<p>Dell Vostro 15 3520 sở hữu vi&ecirc;n pin&nbsp;<strong>41 Wh</strong>&nbsp;đối với c&aacute;c t&aacute;c vụ văn ph&ograve;ng cơ bản m&aacute;y trụ được&nbsp;<strong>khoảng 3 giờ</strong>, một con số kh&ocirc;ng cao nhưng ho&agrave;n to&agrave;n c&oacute; thể chấp nhận được v&agrave; tr&ecirc;n thực tế m&igrave;nh cũng thường sử dụng m&aacute;y l&agrave;m việc trong văn ph&ograve;ng, lu&ocirc;n cắm sạc để tối ưu hiệu năng.</p>\r\n\r\n<h3>M&agrave;n h&igrave;nh to r&otilde;, hiển thị ch&acirc;n thực</h3>\r\n\r\n<p>M&agrave;n h&igrave;nh chiếc&nbsp;<a href=\"https://www.thegioididong.com/laptop-dell-vostro\" target=\"_blank\">laptop Dell Vostro</a>&nbsp;c&oacute; k&iacute;ch thước&nbsp;<strong>15.6 inch</strong>&nbsp;với khả năng hiển thị sắc n&eacute;t nhờ độ ph&acirc;n giải<strong>&nbsp;Full HD (1920 x 1080)</strong>, c&ocirc;ng nghệ&nbsp;<strong>LED Backlit</strong>&nbsp;gi&uacute;p tiết kiệm điện năng đi c&ugrave;ng c&ocirc;ng nghệ&nbsp;<strong>Anti Glare</strong>&nbsp;hạn chế t&igrave;nh trạng b&oacute;ng gương, b&oacute;ng lo&aacute;. Viền hai b&ecirc;n m&agrave;n h&igrave;nh được Dell l&agrave;m tương đối mỏng, tạo cho m&igrave;nh một kh&ocirc;ng gian hiển thị lớn hơn về mặt thị gi&aacute;c. C&oacute; thể c&ocirc;ng dụng kh&ocirc;ng qu&aacute; nổi bật nhưng đều l&agrave; những th&ocirc;ng số m&agrave;n h&igrave;nh c&acirc;n bằng đủ để cung cấp được những phần nh&igrave;n tốt nhất cho người d&ugrave;ng trong tầm gi&aacute;.</p>\r\n\r\n<p>B&ecirc;n cạnh trải nghiệm về h&igrave;nh ảnh, chất lượng &acirc;m thanh laptop cũng ho&agrave;n to&agrave;n đ&aacute;p ứng tốt được nhu cầu của m&igrave;nh, chất &acirc;m được t&aacute;i tạo một c&aacute;ch ch&acirc;n thực, sống động nhờ c&ocirc;ng nghệ&nbsp;<strong>Realtek Audio</strong>. Khi l&agrave;m việc trong ph&ograve;ng ri&ecirc;ng m&igrave;nh chỉ cần mở &acirc;m lượng ở mức 50 - 60% l&agrave; đ&atilde; c&oacute; thể cảm nhận &acirc;m thanh thật đ&atilde; tai rồi.</p>\r\n\r\n<h3>Thiết kế đơn giản, kết cấu bền bỉ&nbsp;</h3>\r\n\r\n<p>M&igrave;nh đ&aacute;nh gi&aacute; kh&aacute; cao từ mẫu thiết kế đơn giản m&agrave; nh&agrave; Dell đặt tr&ecirc;n mẫu laptop n&agrave;y, vỏ ngo&agrave;i bằng<strong>&nbsp;nhựa</strong>&nbsp;mang t&ocirc;ng m&agrave;u&nbsp;<strong>x&aacute;m</strong>&nbsp;trung t&iacute;nh, được t&ocirc; điểm duy nhất bởi logo h&atilde;ng tr&ecirc;n phần mặt A của m&aacute;y. Kết cấu của laptop kh&aacute; bền bỉ, m&igrave;nh ho&agrave;n to&agrave;n kh&ocirc;ng thấy độ flex qu&aacute; nhiều như nhấn xuống phần mặt lưng, b&agrave;n ph&iacute;m hay mặt sau m&aacute;y.</p>\r\n\r\n<p>Th&ecirc;m nữa, khối lượng&nbsp;<strong>1.83 kg</strong>&nbsp;c&ugrave;ng độ d&agrave;y&nbsp;<strong>18.99 mm</strong>&nbsp;theo m&igrave;nh đ&aacute;nh gi&aacute;, cũng kh&ocirc;ng qu&aacute; nặng để c&oacute; thể bỏ gọn g&agrave;ng trong balo v&agrave; mang theo cả ng&agrave;y. Với những nhu cầu học tập, l&agrave;m việc hiện nay th&igrave; m&igrave;nh nghĩ chỉ cần một chiếc laptop vừa học tập, l&agrave;m việc l&agrave; thậm ch&iacute; đ&atilde; thay thế gần như ho&agrave;n to&agrave;n những cuốn s&aacute;ch cồng kềnh rồi.</p>\r\n\r\n<p>B&agrave;n ph&iacute;m&nbsp;<a href=\"https://www.thegioididong.com/laptop\" target=\"_blank\">laptop</a>&nbsp;to, được bố tr&iacute; th&ecirc;m một cụm ph&iacute;m số ở ph&iacute;a b&ecirc;n tay phải hỗ trợ rất nhiều mỗi lần m&igrave;nh l&agrave;m việc tr&ecirc;n bảng t&iacute;nh hay tiếp x&uacute;c với c&aacute;c con số. H&agrave;nh tr&igrave;nh ph&iacute;m tương đối s&acirc;u c&ugrave;ng c&aacute;ch sắp xếp hợp l&yacute; n&ecirc;n việc thao t&aacute;c trở n&ecirc;n dễ d&agrave;ng hơn rất nhiều, dễ d&agrave;ng nhận diện được mặt chữ v&agrave; &iacute;t khi bị vướng v&iacute;u.</p>\r\n\r\n<p>Bề mặt TouchPad kh&aacute; mịn cho cảm gi&aacute;c di vuốt hiệu quả cao, m&igrave;nh ho&agrave;n to&agrave;n c&oacute; thể l&agrave;m việc h&agrave;ng tiếng đồng hồ chỉ với bản di chuột m&agrave; thao t&aacute;c tay vẫn cực k&igrave; thoải m&aacute;i. Tuy nhi&ecirc;n, nếu bạn l&agrave; người c&oacute; size tay hơi lớn một ch&uacute;t hoặc chưa quen thuộc với kiểu mẫu l&agrave;m việc như vậy, việc sở hữu th&ecirc;m một con chuột rời b&ecirc;n ngo&agrave;i sẽ l&agrave; một lựa chọn kh&ocirc;ng tồi đ&acirc;u.</p>\r\n\r\n<p>Với thiết kế chuy&ecirc;n phục vụ cho c&ocirc;ng việc n&ecirc;n em m&aacute;y n&agrave;y c&oacute; đầy đủ c&aacute;c cổng kết nối th&ocirc;ng dụng từ: HDMI, USB 2.0, Jack tai nghe 3.5 mm, USB 3.2,... cho ph&eacute;p m&igrave;nh truyền xuất dữ liệu ra nhiều thiết bị ngoại vi như m&aacute;y in, m&agrave;n h&igrave;nh rời, chuột,...</p>\r\n\r\n<p>Tổng kết lại, trong ph&acirc;n kh&uacute;c gi&aacute; chỉ nhỉnh hơn 11 triệu một ch&uacute;t th&igrave; laptop Dell Vostro 15 3520 i3 1215U (V5I3614W1) ho&agrave;n to&agrave;n đ&aacute;p ứng được đầy đủ c&aacute;c tiện &iacute;ch học tập, l&agrave;m việc hay giải tr&iacute; m&agrave; một mẫu người d&ugrave;ng cơ bản cần, đ&acirc;y chắc chắn l&agrave; sự lựa chọn &quot;đ&aacute;ng đồng tiền b&aacute;t gạo&quot; cho mọi người d&ugrave;ng trong tầm gi&aacute;.</p>', 22, 12900000, 10900000, 1, 1, '<p>Bộ xử l&yacute;</p>\r\n\r\n<ul>\r\n	<li>\r\n	<p>C&ocirc;ng nghệ CPU:&nbsp;<a href=\"https://www.thegioididong.com/tin-tuc/chip-intel-the-he-12-la-gi-1400953\" target=\"_blank\">Intel Core i3 Alder Lake</a>&nbsp;-&nbsp;<a href=\"https://www.thegioididong.com/hoi-dap/tim-hieu-chip-intel-core-i3-1215u-chi-tiet-ve-1473649\" target=\"_blank\">1215U</a></p>\r\n	</li>\r\n	<li>\r\n	<p>Số nh&acirc;n: 6</p>\r\n	</li>\r\n	<li>\r\n	<p>Số luồng: 8</p>\r\n	</li>\r\n	<li>\r\n	<p>Tốc độ CPU: 1.20 GHz</p>\r\n	</li>\r\n	<li>\r\n	<p>Tốc độ tối đa:&nbsp;<a href=\"https://www.thegioididong.com/hoi-dap/turbo-boost-la-gi-cai-dat-turbo-boost-nhu-the-nao-884498\" target=\"_blank\">Turbo Boost 4.4 GHz</a></p>\r\n	</li>\r\n	<li>\r\n	<p>Bộ nhớ đệm:10 MB</p>\r\n	</li>\r\n</ul>', '/storage/photos/product/vi-vn-dell-vostro-3520-i3-v5i3614w1--(2).jpg', '2024-04-28 02:34:40', '2024-05-18 07:54:41', '0', 20, 4, 13),
(16, 'Laptop Dell Inspiron 15 3520 i3 1215U', 'laptop-dell-inspiron-15-3520-i3-1215u', '<h3>C&ograve;n g&igrave; hợp hơn nữa cho c&aacute;c bạn học sinh, sinh vi&ecirc;n hay nh&acirc;n vi&ecirc;n văn ph&ograve;ng trong tầm gi&aacute; 10 triệu hơn một x&iacute;u -&nbsp;<a href=\"https://www.thegioididong.com/laptop/dell-inspiron-3520-i3-71003264\" target=\"_blank\">Laptop Dell Inspiron 15 3520 i3 1215U (71003264)</a>&nbsp;với c&aacute;c ưu điểm như bền bỉ, bộ xử l&yacute; Intel thế hệ 12 đa năng v&agrave; m&agrave;n h&igrave;nh tần số qu&eacute;t 120 Hz sẽ &quot;level up&quot; trải nghiệm của bạn.&nbsp;</h3>\r\n\r\n<h3>Khung h&igrave;nh với tần số qu&eacute;t mượt m&agrave;, chất lượng</h3>\r\n\r\n<p>M&agrave;n h&igrave;nh sử dụng k&iacute;ch thước&nbsp;<strong>15.6 inch</strong>&nbsp;khiến m&igrave;nh cảm thấy rất ư l&agrave; thuận tiện v&igrave; khi m&igrave;nh cần chia đ&ocirc;i m&agrave;n h&igrave;nh để c&oacute; thể tra cứu th&ocirc;ng tin v&agrave; học tập th&igrave; vẫn c&oacute; thể nh&igrave;n thấy một c&aacute;ch r&otilde; r&agrave;ng vừa vặn, gi&uacute;p m&igrave;nh c&oacute; thể l&agrave;m việc được đa nhiệm, tiện lợi hơn.</p>\r\n\r\n<p>Kh&ocirc;ng những thế, độ ph&acirc;n giải<strong>&nbsp;Full HD (1920 x 1080)&nbsp;</strong>của chiếc&nbsp;<a href=\"https://www.thegioididong.com/laptop\" target=\"_blank\">laptop</a>&nbsp;n&agrave;y&nbsp;đưa đến cảm gi&aacute;c kh&ocirc;ng phải l&agrave; qu&aacute; đặc sắc nhưng chất lượng h&igrave;nh ảnh vẫn rất l&agrave; sắc n&eacute;t v&agrave; chi tiết v&agrave; nhi&ecirc;u đ&oacute; th&ocirc;i cũng đủ để đ&aacute;p ứng nhu cầu sử dụng của học sinh, sinh vi&ecirc;n hay nh&acirc;n vi&ecirc;n văn ph&ograve;ng thi&ecirc;n về c&aacute;c ng&agrave;nh kinh tế.</p>\r\n\r\n<p>Tần số qu&eacute;t&nbsp;<strong>120 Hz</strong>, c&oacute; thể n&oacute;i l&agrave; một trong những điểm cộng lớn đối với con&nbsp;<a href=\"https://www.thegioididong.com/laptop?g=hoc-tap-van-phong\" target=\"_blank\">laptop học tập - văn ph&ograve;ng</a>&nbsp;n&agrave;y v&igrave; trải nghiệm mượt m&agrave;, &iacute;t xảy ra những hiện tượng x&eacute; h&igrave;nh khi m&igrave;nh xem những thước phim chuyển động nhanh hay chơi c&aacute;c tựa game c&oacute; tốc độ FPS cao, điều n&agrave;y đem lại cho m&igrave;nh một cảm gi&aacute;c &quot;sướng&quot; khi sử dụng v&agrave; dường như c&ograve;n gi&uacute;p m&igrave;nh cảm thấy đỡ mỏi mắt hơn trong một ng&agrave;y d&agrave;i.</p>\r\n\r\n<p><a href=\"https://cdn.tgdd.vn/Products/44/309293/dell-inspiron-3520-i3-7100326-(2)-1020x570.jpg\" onclick=\"return false;\"><img alt=\"\" src=\"https://cdn.tgdd.vn/Products/44/309293/dell-inspiron-3520-i3-7100326-(2)-1020x570.jpg\" style=\"height:570px; width:1020px\" /></a></p>\r\n\r\n<p>Sở hữu tấm nền<strong>&nbsp;WVA</strong>&nbsp;gi&uacute;p m&agrave;n h&igrave;nh của&nbsp;<a href=\"https://www.thegioididong.com/laptop-dell\" target=\"_blank\">laptop Dell</a>&nbsp;c&oacute; khả năng hiển thị h&igrave;nh ảnh r&otilde; r&agrave;ng v&agrave; sống động, gi&uacute;p m&igrave;nh được tận hưởng những nội dung giải tr&iacute; từ c&aacute;c g&oacute;c nh&igrave;n kh&aacute;c nhau m&agrave; kh&ocirc;ng cảm thấy bị nh&ograve;e m&agrave;u sắc hay độ tương phản bị ch&ecirc;nh lệch. Tuy nhi&ecirc;n, theo m&igrave;nh đo được từ Spyder 5 Pro th&igrave; độ ch&iacute;nh x&aacute;c m&agrave;u sắc chỉ ở mức&nbsp;<strong>63% sRGB</strong>&nbsp;m&agrave; th&ocirc;i v&igrave; thế n&oacute; sẽ kh&ocirc;ng ph&ugrave; hợp để bạn c&oacute; thể l&agrave;m việc li&ecirc;n quan nhiều đến đồ họa hay đ&ograve;i hỏi một chiếc m&agrave;n h&igrave;nh c&oacute; m&agrave;u sắc chuẩn chỉ.</p>\r\n\r\n<p><a href=\"https://cdn.tgdd.vn/Products/44/309293/dell-inspiron-3520-i3-7100326-(3)-1020x570.jpg\" onclick=\"return false;\"><img alt=\"\" src=\"https://cdn.tgdd.vn/Products/44/309293/dell-inspiron-3520-i3-7100326-(3)-1020x570.jpg\" style=\"height:570px; width:1020px\" /></a></p>\r\n\r\n<p>Đối với m&igrave;nh, c&ocirc;ng nghệ<strong>&nbsp;Realtek High Definition</strong>&nbsp;đ&atilde; phần n&agrave;o hỗ trợ t&aacute;i tạo &acirc;m thanh khiến cảm gi&aacute;c nghe trở n&ecirc;n trung thực v&agrave; chi tiết, khi nghe nhạc v&agrave; xem phim đều rất ổn, cho ph&eacute;p m&igrave;nh tận hưởng chất &acirc;m đa chiều v&agrave; trọn vẹn c&aacute;c hiệu ứng đặc biệt từ bộ phim.</p>\r\n\r\n<h3>Thiết kế thanh lịch c&ugrave;ng &acirc;m thanh sống động&nbsp;</h3>\r\n\r\n<p>Kiểu d&aacute;ng thiết kế tối giản, t&ocirc; điểm bởi chiếc logo được đặt giữa nắp m&aacute;y nhưng khi nh&igrave;n m&igrave;nh cảm thấy rất ư l&agrave; tinh tế c&ugrave;ng khối lượng&nbsp;<strong>1.9 kg</strong>, đ&acirc;y kh&ocirc;ng phải một khối lượng đủ nhẹ để c&aacute;c bạn nữ c&oacute; thể cầm đi học, đi l&agrave;m thoải m&aacute;i, nhưng m&agrave; đối với c&aacute;c bạn nam th&igrave; lại rất hợp l&yacute;.<a href=\"https://cdn.tgdd.vn/Products/44/309293/dell-inspiron-3520-i3-7100326-(4)-1020x570.jpg\" onclick=\"return false;\"><img alt=\"\" src=\"https://cdn.tgdd.vn/Products/44/309293/dell-inspiron-3520-i3-7100326-(4)-1020x570.jpg\" style=\"height:570px; width:1020px\" /></a></p>\r\n\r\n<p>Chất liệu vỏ ngo&agrave;i được chế t&aacute;c từ&nbsp;<strong>nhựa</strong>&nbsp;theo&nbsp;m&igrave;nh cầm th&igrave; vẫn kh&aacute; chắc chắn, tổng thể b&ecirc;n ngo&agrave;i của m&aacute;y tr&ocirc;ng hiện đại. Nhưng cũng v&igrave; m&aacute;y sở hữu chất đen nh&aacute;m, n&ecirc;n việc b&aacute;m dấu v&acirc;n tay hay bụi l&agrave; điều kh&ocirc;ng tr&aacute;nh khỏi, ch&iacute;nh v&igrave; thế, m&igrave;nh nghĩ rằng nếu bạn mong muốn em m&aacute;y của m&igrave;nh l&uacute;c n&agrave;o cũng s&aacute;ng b&oacute;ng th&igrave; n&ecirc;n lau ch&ugrave;i thường xuy&ecirc;n nh&eacute;.</p>\r\n\r\n<p>Bản lề của chiếc m&aacute;y n&agrave;y c&oacute; thiết kế Ergolift gi&uacute;p một phần b&agrave;n ph&iacute;m được n&acirc;ng l&ecirc;n, theo m&igrave;nh thấy sẽ gi&uacute;p m&aacute;y được tản nhiệt tốt hơn lại c&ograve;n tạo điều kiện khi g&otilde; c&oacute; được cảm gi&aacute;c thoải m&aacute;i nhất.</p>\r\n\r\n<p><a href=\"https://cdn.tgdd.vn/Products/44/309293/dell-inspiron-3520-i3-7100326-(5)-1020x570.jpg\" onclick=\"return false;\"><img alt=\"\" src=\"https://cdn.tgdd.vn/Products/44/309293/dell-inspiron-3520-i3-7100326-(5)-1020x570.jpg\" style=\"height:570px; width:1020px\" /></a></p>\r\n\r\n<p>Phần b&agrave;n ph&iacute;m của mẫu laptop n&agrave;y c&oacute; nhiều ưu v&agrave; nhược điểm c&oacute; lẽ cũng sẽ khiến bạn v&ocirc; c&ugrave;ng băn khoăn. Đối với người mới sử dụng m&aacute;y t&iacute;nh v&agrave; kh&ocirc;ng qu&aacute; r&agrave;nh về m&aacute;y t&iacute;nh x&aacute;ch tay, việc sở hữu một layout&nbsp;<strong>b&agrave;n ph&iacute;m full-size</strong>&nbsp;c&oacute; cả c&aacute;c ph&iacute;m số, n&ecirc;n khi m&igrave;nh cần nhập liệu nhiều th&igrave; cực kỳ thuận tiện, cảm gi&aacute;c nhấn tốt, độ nảy hợp l&yacute;.</p>\r\n\r\n<p><a href=\"https://cdn.tgdd.vn/Products/44/309293/dell-inspiron-3520-i3-7100326-(10)-1020x570.jpg\" onclick=\"return false;\"><img alt=\"\" src=\"https://cdn.tgdd.vn/Products/44/309293/dell-inspiron-3520-i3-7100326-(10)-1020x570.jpg\" style=\"height:570px; width:1020px\" /></a></p>\r\n\r\n<p>Tuy nhi&ecirc;n, phần Touchpad của mẫu m&aacute;y n&agrave;y lại khiến m&igrave;nh kh&aacute; thất vọng v&igrave; em n&oacute; hơi lộc cộc, đ&ocirc;i khi vuốt c&ograve;n kh&aacute; r&iacute;t, nếu bạn c&oacute; nhu cầu di chuột nhiều th&igrave; bạn n&ecirc;n trang bị th&ecirc;m b&ecirc;n m&igrave;nh một con chuột để sử dunhj được thoải m&aacute;i hơn nh&eacute;.&nbsp;</p>\r\n\r\n<p>Laptop Dell c&ograve;n đi k&egrave;m với bộ&nbsp;<strong>Office Home &amp; Student</strong>&nbsp;vĩnh viễn, gi&uacute;p m&igrave;nh cảm thấy v&ocirc; c&ugrave;ng tiện dụng, v&igrave; đối với một sinh vi&ecirc;n như m&igrave;nh th&igrave; đ&acirc;y l&agrave; một trong những điều v&ocirc; c&ugrave;ng cần thiết để c&oacute; thể soạn thảo văn bản, l&agrave;m bản thuyết tr&igrave;nh hay lập bảng t&iacute;nh, đ&aacute;p ứng nhu cầu học tập, l&agrave;m việc văn ph&ograve;ng.&nbsp;</p>\r\n\r\n<p><a href=\"https://www.thegioididong.com/laptop-dell-inspiron\" target=\"_blank\">Laptop Dell Inspiron</a>&nbsp;cũng được t&iacute;ch hợp kh&aacute; nhiều cổng giao tiếp đa dạng như HDMI, USB 2.0, USB 3.2, Jack tai nghe 3.5 mm dễ d&agrave;ng kết nối với c&aacute;c thiết bị ngoại vi, phụ kiện kh&aacute;c nhau như m&aacute;y chiếu, chuột, b&agrave;n ph&iacute;m.</p>\r\n\r\n<p><a href=\"https://cdn.tgdd.vn/Products/44/309293/dell-inspiron-3520-i3-7100326-(6)-1020x570.jpg\" onclick=\"return false;\"><img alt=\"\" src=\"https://cdn.tgdd.vn/Products/44/309293/dell-inspiron-3520-i3-7100326-(6)-1020x570.jpg\" style=\"height:570px; width:1020px\" /></a></p>\r\n\r\n<h3>Hiệu năng mượt m&agrave;, ổn định</h3>\r\n\r\n<p>Bộ vi xử l&yacute;&nbsp;<strong>Intel Core i3 1215U</strong>&nbsp;c&oacute; thể n&oacute;i l&agrave; một phi&ecirc;n bản chip thế hệ kh&aacute; mới từ Intel. Tuy nhi&ecirc;n, khả năng giải quyết kh&aacute; mượt m&agrave;, ổn định gi&uacute;p xử l&yacute; c&ocirc;ng việc hiệu quả, đặc biệt l&agrave; trong những t&aacute;c vụ đa dạng từ c&ocirc;ng việc văn ph&ograve;ng đến giải tr&iacute; đa phương tiện v&igrave; đ&acirc;y l&agrave; một con chip d&ograve;ng U gi&uacute;p tiết kiệm điện. Nhưng cũng v&igrave; thế m&agrave; em n&oacute; kh&ocirc;ng thể g&aacute;nh những t&aacute;c vụ nặng hay chơi những tựa game y&ecirc;u cầu khả năng đồ họa hay ứng dụng nặng t&agrave;i nguy&ecirc;n được.</p>\r\n\r\n<p><a href=\"https://cdn.tgdd.vn/Products/44/309293/dell-inspiron-3520-i3-7100326-(7)-1020x570.jpg\" onclick=\"return false;\"><img alt=\"\" src=\"https://cdn.tgdd.vn/Products/44/309293/dell-inspiron-3520-i3-7100326-(7)-1020x570.jpg\" style=\"height:570px; width:1020px\" /></a></p>\r\n\r\n<p>B&ecirc;n cạnh đ&oacute;, card<strong>&nbsp;Intel UHD Graphics</strong>&nbsp;cũng được t&iacute;ch hợp sẵn tr&ecirc;n mẫu laptop, tuy kh&ocirc;ng qu&aacute; mạnh mẽ nhưng vẫn c&oacute; khả năng cung cấp hiệu suất đồ họa cơ bản, hỗ trợ m&igrave;nh c&oacute; thể chỉnh sửa h&igrave;nh ảnh, video nhẹ tr&ecirc;n Photoshop hay chơi c&aacute;c tựa game c&oacute; mức setting trung b&igrave;nh như Li&ecirc;n Minh Huyền Thoại, GTA V,...</p>\r\n\r\n<p>Trong mẫu n&agrave;y c&ograve;n sở hữu thanh&nbsp;<strong>RAM 8 GB</strong>, theo m&igrave;nh cảm nhận th&igrave; đủ để c&oacute; thể vừa nghe nhạc, lướt web hay sử dụng l&agrave;m Word, PowerPoint, Excel đều kh&aacute; trơn tru m&agrave; kh&ocirc;ng bị giật lag nhiều. Tuy nhi&ecirc;n, nếu c&oacute; thể th&igrave; bạn n&ecirc;n n&acirc;ng cấp l&ecirc;n mức tối đa&nbsp;<strong>16 GB</strong>&nbsp;để c&oacute; thể đ&aacute;p ứng được khả năng xử l&yacute; đa nhiệm linh hoạt v&agrave; l&agrave;m việc được hiệu suất hơn.</p>\r\n\r\n<p><a href=\"https://cdn.tgdd.vn/Products/44/309293/dell-inspiron-3520-i3-7100326-(8)-1020x570.jpg\" onclick=\"return false;\"><img alt=\"\" src=\"https://cdn.tgdd.vn/Products/44/309293/dell-inspiron-3520-i3-7100326-(8)-1020x570.jpg\" style=\"height:570px; width:1020px\" /></a></p>\r\n\r\n<p>Song song đ&oacute;, ổ cứng&nbsp;<strong>SSD NVMe PCIe&nbsp;</strong>dung lượng<strong>&nbsp;512 GB</strong>&nbsp;vừa gi&uacute;p khởi động m&aacute;y được nhanh ch&oacute;ng, tăng tốc độ truy cập dữ liệu lại vừa đem lại cho m&igrave;nh một kh&ocirc;ng gian lưu trữ dữ liệu c&aacute; nh&acirc;n lớn với c&aacute;c t&agrave;i liệu c&ocirc;ng việc, học tập hay những tập tin đa phương tiện.</p>\r\n\r\n<p>Sử dụng vi&ecirc;n pin&nbsp;<strong>41 Wh</strong>, theo m&igrave;nh sử dụng khi mở độ s&aacute;ng m&agrave;n h&igrave;nh tối đa v&agrave; dung lượng &acirc;m thanh ở mức 30% th&igrave; em m&aacute;y n&agrave;y c&oacute; thể trụ vững trong khoảng từ&nbsp;<strong>3 đến 4 tiếng</strong>, đ&acirc;y kh&ocirc;ng phải l&agrave; một khoảng thời gian d&agrave;i, v&igrave; thế nếu bạn c&oacute; nhu cầu sử dụng b&ecirc;n ngo&agrave;i như ra qu&aacute;n cafe hay đi học, l&agrave;m việc th&igrave; bạn n&ecirc;n đem theo cục sạc b&ecirc;n người để c&oacute; thể n&acirc;ng cao hiệu suất của m&aacute;y v&agrave; sử dụng được l&acirc;u hơn nh&eacute;!</p>\r\n\r\n<p><a href=\"https://cdn.tgdd.vn/Products/44/309293/dell-inspiron-3520-i3-7100326-(9)-1020x570.jpg\" onclick=\"return false;\"><img alt=\"\" src=\"https://cdn.tgdd.vn/Products/44/309293/dell-inspiron-3520-i3-7100326-(9)-1020x570.jpg\" style=\"height:570px; width:1020px\" /></a></p>\r\n\r\n<p>T&oacute;m lại, laptop Dell Inspiron 15 3520 i3 1215U (71003264)&nbsp;l&agrave; một trong những sự lựa chọn tốt đối với hầu hết học sinh, sinh vi&ecirc;n hay những bạn l&agrave;m nh&acirc;n vi&ecirc;n văn ph&ograve;ng khi sở hữu h&agrave;ng loạt c&aacute;c th&ocirc;ng số ấn tượng như hiệu suất ổn định, m&agrave;n h&igrave;nh sắc n&eacute;t, thiết kế tối giản,... H&atilde;y tham khảo ngay em m&aacute;y n&agrave;y tại Thế Giới Di Động nh&eacute;!&nbsp;</p>', 22, 13500000, 1190000, 1, 0, '<p>Khuyến m&atilde;i</p>\r\n\r\n<p><em>Gi&aacute; v&agrave; khuyến m&atilde;i dự kiến &aacute;p dụng đến 23:00 | 01/05</em></p>\r\n\r\n<p>Giảm th&ecirc;m 200.000đ cho Học sinh - Sinh vi&ecirc;n (cấp THPT trở l&ecirc;n)&nbsp;<a href=\"https://www.thegioididong.com/tin-tuc/hoc-sinh-sinh-vien-mua-laptop-tai-tgdd-duoc-giam-them-tu-200k-500k-1563638\" target=\"_blank\">Click xem chi tiết</a></p>\r\n\r\n<p>Nhập m&atilde; VNPAYTGDD2 giảm ngay 1% (tối đa 200.000đ) khi thanh to&aacute;n qua VNPAY-QR, &aacute;p dụng cho đơn h&agrave;ng từ 3 Triệu&nbsp;<a href=\"https://www.thegioididong.com/tin-tuc/nhap-ma-vnpaytgdd2-se-duoc-tang-toi-da-200k-khi-thanh-toan-qua-vnpay-1563666\" target=\"_blank\">(Xem chi tiết tại đ&acirc;y)</a></p>', '/storage/photos/product/vi-vn-dell-inspiron-3520-i3-71003264-slider-1.jpg', '2024-04-28 02:02:31', '2024-05-14 03:32:59', '8', 1, 0, 0),
(24, 'Laptop Dell Inspiron 15 3530 i7 1355U/', 'laptop-dell-inspiron-15-3530-i7-1355u', '<h3>Bạn l&agrave; sinh vi&ecirc;n hoặc nh&acirc;n vi&ecirc;n văn ph&ograve;ng muốn t&igrave;m mua một chiếc laptop ph&ugrave; hợp cho c&aacute;c t&aacute;c vụ nặng c&ocirc;ng việc - học tập,&nbsp;<a href=\"https://www.thegioididong.com/laptop/dell-inspiron-15-3530-i7-n3530i716w1\" target=\"_blank\">laptop Dell Inspiron 15 3530 i7 1355U&nbsp;(N3530I716W1)</a>&nbsp;với đường n&eacute;t sang trọng, th&ocirc;ng số vượt trội c&ugrave;ng đa t&iacute;nh năng hấp dẫn, l&agrave; sự lựa chọn m&agrave; bạn n&ecirc;n c&acirc;n nhắc.</h3>\r\n\r\n<p><img alt=\"Dell Inspiron 15 3530 i7 1355U/16GB/512GB/2GB MX550/OfficeHS/Win11 (N3530I716W1)\" src=\"https://cdn.tgdd.vn/Products/Images/44/314841/Kit/dell-inspiron-15-3530-i7-n3530i716w1-glr-note.jpg\" /></p>\r\n\r\n<p>&bull; Bộ vi xử l&yacute;&nbsp;<strong>Intel Core i7 1355U</strong>&nbsp;đảm bảo sức mạnh xử l&yacute; vượt trội, kh&ocirc;ng chỉ vận h&agrave;nh ho&agrave;n hảo mọi t&aacute;c vụ học tập, doanh nghiệp, giải tr&iacute; thường ng&agrave;y m&agrave; c&ograve;n đ&aacute;p ứng hiệu quả cho người d&ugrave;ng với c&aacute;c chương tr&igrave;nh học phức tạp, chạy code hoặc l&agrave;m việc đồ hoạ.</p>\r\n\r\n<p>&bull; Card rời&nbsp;<strong>NVIDIA GeForce MX550 2 GB</strong>&nbsp;cung cấp khả năng xử l&yacute; đồ hoạ tốt, gi&uacute;p bạn l&agrave;m việc thiết kế, s&aacute;ng tạo dễ d&agrave;ng tr&ecirc;n c&aacute;c nền tảng: Photoshop, AI, Figma,... hoặc chơi c&aacute;c game hot như: LOL, Valorant, CS:GO,...</p>\r\n\r\n<p>&bull; Với<strong>&nbsp;RAM 16 GB DDR4</strong>&nbsp;mang đến dung lượng ấn tượng để người d&ugrave;ng thao t&aacute;c c&ugrave;ng l&uacute;c hiệu quả tr&ecirc;n nhiều ứng dụng l&agrave;m việc, giải tr&iacute;, đồ hoạ, chuyển qua lại linh hoạt m&agrave; kh&ocirc;ng lo bị đơ hay lag.</p>\r\n\r\n<p>&bull; Ổ cứng&nbsp;<strong>SSD 512 GB</strong>&nbsp;tr&ecirc;n chiếc&nbsp;<a href=\"https://www.thegioididong.com/laptop?g=hoc-tap-van-phong\" target=\"_blank\">laptop học tập - văn ph&ograve;ng</a>&nbsp;n&agrave;y cho người d&ugrave;ng đủ kh&ocirc;ng gian để lưu trữ c&aacute;c tệp tin, dữ liệu, t&agrave;i liệu học tập v&agrave; c&ocirc;ng việc của m&igrave;nh, n&acirc;ng cấp dung lượng l&ecirc;n đến&nbsp;<strong>2 TB</strong>&nbsp;dễ d&agrave;ng bằng c&aacute;ch th&aacute;o lắp. Ngo&agrave;i ra, ổ SSD c&ograve;n cung cấp tốc độ đọc v&agrave; ghi nhanh hơn so với ổ đĩa cứng th&ocirc;ng thường, từ đ&oacute; cải thiện tốc độ truy cập v&agrave; lưu trữ dữ liệu.</p>\r\n\r\n<p>&bull; M&agrave;n h&igrave;nh&nbsp;<strong>15.6 inch&nbsp;</strong>độ ph&acirc;n giải&nbsp;<strong>Full HD (1920 x 1080)&nbsp;</strong>đi c&ugrave;ng c&ocirc;ng nghệ&nbsp;<strong>LED Backlit</strong>&nbsp;cung cấp m&agrave;u sắc ch&acirc;n thực, g&oacute;c nh&igrave;n rộng, gi&uacute;p người d&ugrave;ng c&oacute; trải nghiệm giải tr&iacute; tuyệt vời, m&agrave;n h&igrave;nh lớn đặc biệt ph&ugrave; hợp với c&aacute;c c&ocirc;ng việc b&agrave;n giấy hay đồ hoạ.&nbsp;</p>\r\n\r\n<p>&bull; Tần số qu&eacute;t cao&nbsp;<strong>120 Hz&nbsp;</strong>cho khả năng hiển thị chuyển động th&ecirc;m mượt m&agrave; v&agrave; ch&iacute;nh x&aacute;c, h&igrave;nh ảnh kh&ocirc;ng bị nho&egrave; mờ hay r&aacute;ch khi trải nghiệm c&aacute;c bộ phim h&agrave;nh động hoặc những tựa game đua xe c&oacute; tốc độ cao. C&ocirc;ng nghệ chống ch&oacute;i&nbsp;<strong>Anti Glare</strong>&nbsp;cũng khắc phục tối đa t&igrave;nh trạng hiển thị bị mờ khi c&oacute; nguồn s&aacute;ng cao chiếu trực tiếp v&agrave;o m&agrave;n h&igrave;nh.</p>\r\n\r\n<p>&bull; C&ocirc;ng nghệ&nbsp;<strong>Realtek Audio</strong>&nbsp;gi&uacute;p cải thiện chất lượng &acirc;m thanh tr&ecirc;n&nbsp;<a href=\"https://www.thegioididong.com/laptop\" target=\"_blank\">laptop</a>, cho người d&ugrave;ng trải nghiệm &acirc;m thanh tốt hơn khi xem phim, nghe nhạc hay gọi video.</p>\r\n\r\n<p>&bull;&nbsp;<strong>Vỏ nhựa&nbsp;</strong>kết hợp với t&ocirc;ng&nbsp;<strong>m&agrave;u bạc&nbsp;</strong>sang trọng c&ugrave;ng kiểu d&aacute;ng thời thượng mang lại cho&nbsp;<a href=\"https://www.thegioididong.com/laptop-dell-inspiron\" target=\"_blank\">laptop Dell Inspiron</a>&nbsp;vẻ ngo&agrave;i thu h&uacute;t, sử dụng chuy&ecirc;n nghiệp v&agrave; ph&ugrave; hợp ở bất cứ m&ocirc;i trường n&agrave;o. Nhẹ nh&agrave;ng v&agrave; thanh tho&aacute;t với khối lượng tổng thể&nbsp;<strong>1.65 kg</strong>, thuận tiện mang theo b&ecirc;n m&igrave;nh cả ng&agrave;y.</p>\r\n\r\n<p>&bull; Truy cập an to&agrave;n v&agrave; nhanh ch&oacute;ng chỉ với 1 chạm đơn giản với t&iacute;nh năng&nbsp;<strong>bảo mật v&acirc;n tay</strong>.&nbsp;<a href=\"https://www.thegioididong.com/laptop-dell\" target=\"_blank\">Laptop Dell</a>&nbsp;c&ograve;n được trang bị c&aacute;c cổng giao tiếp như: HDMI, USB Type-C, USB 3.2, USB 2.0,... cho ph&eacute;p người d&ugrave;ng kết nối với c&aacute;c thiết bị ngoại vi kh&aacute;c nhau.</p>', 22, 25390000, 24900000, 1, 0, '<p>Dung lượng ram 16GB<br />\r\nBộ nhớ SSD 512GB</p>\r\n\r\n<p>Vega MX550 2GB</p>', '/storage/photos/product/dell-inspiron-15-3530-i7-n3530i716w1-slider-fix-1-2040x1140.jpg', '2024-05-02 08:50:20', '2024-05-06 20:03:12', '0', 12, 1, 3),
(25, 'Laptop Dell Inspiron 15 3530 i5 1335U', 'laptop-dell-inspiron-15-3530-i5-1335u', '<h3><a href=\"https://www.thegioididong.com/laptop/dell-inspiron-15-3530-i5-71014840\" target=\"_blank\">Laptop Dell Inspiron 15 3530 i5 1335U&nbsp;(71014840)</a>&nbsp;sở hữu d&aacute;ng vẻ hiện đại đầy sang trọng, hiệu năng miễn ch&ecirc; với chip Intel thế hệ 13 ho&agrave;n to&agrave;n mới c&ugrave;ng card đồ hoạ rời. Chiếc&nbsp;<a href=\"https://www.thegioididong.com/laptop?g=hoc-tap-van-phong\" target=\"_blank\">laptop học tập - văn ph&ograve;ng</a>&nbsp;n&agrave;y chắc chắn l&agrave; sẽ sự lựa chọn tuyệt vời gi&uacute;p bạn đ&aacute;p ứng đầy đủ mọi nhu cầu.</h3>\r\n\r\n<p>&bull;&nbsp;<a href=\"https://www.thegioididong.com/laptop\" target=\"_blank\">Laptop</a>&nbsp;được trang bị bộ vi xử l&yacute;&nbsp;<strong>Intel Core i5 1335U</strong>&nbsp;thuộc thế hệ 13 c&oacute; tốc độ xung nhịp tối đa l&ecirc;n đến&nbsp;<strong>4.6 GHz&nbsp;</strong>nhờ c&ocirc;ng nghệ&nbsp;<strong>Turbo Boost</strong>, c&oacute; hiệu năng xử l&yacute; vượt trội, giải quyết nhẹ nh&agrave;ng cho bạn mọi t&aacute;c vụ học tập, l&agrave;m việc tr&ecirc;n Office, Google,... hoặc n&acirc;ng cao hơn như c&aacute;c phần mềm m&aacute;y học đơn giản, coding v&agrave; đồ hoạ.</p>\r\n\r\n<p>&bull; Card rời&nbsp;<strong>NVIDIA GeForce MX550 2 GB</strong>&nbsp;mang đến khả năng xử l&yacute; đồ họa vượt trội, đ&aacute;p ứng tốt c&aacute;c nhu cầu s&aacute;ng tạo của người d&ugrave;ng tr&ecirc;n c&aacute;c nền tảng như Photoshop, Figma, Lightroom, Illustrator,... hay chơi một số tựa game hot.</p>\r\n\r\n<p>&bull; Bộ nhớ&nbsp;<strong>RAM 8 GB&nbsp;</strong>c&oacute; tốc độ Bus tối đa&nbsp;<strong>3200 MHz</strong>&nbsp;cho khả năng đa nhiệm đ&aacute;ng kinh ngạc, bạn c&oacute; thể thoải m&aacute;i thao t&aacute;c tr&ecirc;n nhiều ứng dụng m&agrave; kh&ocirc;ng lo gặp hiện tượng giật lag hay gi&aacute;n đoạn.</p>\r\n\r\n<p>&bull; Ổ cứng&nbsp;<strong>SSD 512 GB</strong>&nbsp;mang đến một kh&ocirc;ng gian lưu trữ tương đối rộng lớn v&agrave; đầy đủ cho c&aacute;c ứng dụng, t&agrave;i liệu của bạn, đồng thời cũng cho ph&eacute;p khởi động c&aacute;c phần mềm ứng dụng nhanh ch&oacute;ng chỉ trong v&agrave;i gi&acirc;y.</p>\r\n\r\n<p>&bull; M&agrave;n h&igrave;nh&nbsp;<a href=\"https://www.thegioididong.com/laptop-dell\" target=\"_blank\">laptop Dell</a>&nbsp;c&oacute; k&iacute;ch thước&nbsp;<strong>15.6 inch</strong>, được trang bị c&ocirc;ng nghệ&nbsp;<strong>WVA</strong>&nbsp;v&agrave; độ ph&acirc;n giải<strong>&nbsp;Full HD (1920 x 1080)</strong>, gi&uacute;p bạn trải nghiệm kh&ocirc;ng gian hiển thị nội dung bao qu&aacute;t với g&oacute;c nh&igrave;n được mở rộng c&ugrave;ng chất lượng h&igrave;nh ảnh r&otilde; n&eacute;t, ch&acirc;n thực. Ngo&agrave;i ra, c&ocirc;ng nghệ chống ch&oacute;i&nbsp;<strong>Anti Glare&nbsp;</strong>c&ograve;n gi&uacute;p người d&ugrave;ng hạn chế được t&igrave;nh trạng b&oacute;ng gương khi d&ugrave;ng laptop ở nơi c&oacute; độ s&aacute;ng cao.</p>\r\n\r\n<p>&bull; Ngo&agrave;i ra, với tốc độ l&agrave;m tươi m&agrave;n h&igrave;nh&nbsp;<strong>120 Hz</strong>, bạn sẽ kh&ocirc;ng gặp phải c&aacute;c vấn đề như r&aacute;ch h&igrave;nh, b&oacute;ng mờ hoặc c&oacute; độ trễ h&igrave;nh ảnh khi trải nghiệm những bộ phim v&agrave; game tốc độ cao.</p>\r\n\r\n<p>&bull; Với c&ocirc;ng nghệ&nbsp;<strong>Realtek Audio</strong>, Dell Inspiron 3530 hứa hẹn cung cấp &acirc;m thanh sống động, r&otilde; r&agrave;ng v&agrave; mạnh mẽ để đem lại trải nghiệm tốt hơn khi xem phim, nghe nhạc.</p>\r\n\r\n<p>&bull;&nbsp;<a href=\"https://www.thegioididong.com/laptop-dell-inspiron\" target=\"_blank\">Laptop Dell Inspiron</a>&nbsp;được định h&igrave;nh với xu hướng kiểu d&aacute;ng hiện đại, lớp<strong>&nbsp;vỏ nhựa&nbsp;</strong>cứng c&aacute;p c&ugrave;ng gam<strong>&nbsp;m&agrave;u bạc</strong>&nbsp;sang trọng ph&ugrave; hợp để bạn c&oacute; thể sử dụng ở bất cứ đ&acirc;u: c&ocirc;ng sở, trường học hay những qu&aacute;n coffee. M&aacute;y c&oacute; khối lượng tổng thể&nbsp;<strong>1.63 kg</strong>, kh&ocirc;ng qu&aacute; nặng để người d&ugrave;ng c&oacute; thể mang theo b&ecirc;n m&igrave;nh cả ng&agrave;y d&agrave;i.</p>\r\n\r\n<p>&bull; Với t&iacute;nh năng&nbsp;<strong>bảo mật v&acirc;n tay</strong>, người d&ugrave;ng c&oacute; thể truy cập v&agrave;o m&aacute;y dễ d&agrave;ng v&agrave; nhanh ch&oacute;ng chỉ với một chạm. Thiết bị c&oacute; c&aacute;c cổng kết nối như: HDMI, USB v&agrave; USB Type-C vừa mang đến sự tinh gọn, vừa hỗ trợ người d&ugrave;ng li&ecirc;n kết ổn định v&agrave; hiệu quả hơn.</p>', 22, 20990000, 19000000, 1, 1, '<ul>\r\n	<li>\r\n	<p>Hư g&igrave; đổi nấy&nbsp;<strong>12 th&aacute;ng</strong>&nbsp;tại 3158 si&ecirc;u thị to&agrave;n quốc (miễn ph&iacute; th&aacute;ng đầu)&nbsp;<a href=\"javascript:void(0)\" onclick=\"showPopupPolicy()\">Xem chi tiết</a></p>\r\n	</li>\r\n	<li>\r\n	<p>Bảo h&agrave;nh&nbsp;<strong>ch&iacute;nh h&atilde;ng laptop 1 năm</strong>&nbsp;tại c&aacute;c trung t&acirc;m bảo h&agrave;nh h&atilde;ng&nbsp;<a href=\"https://www.thegioididong.com/bao-hanh/dell\" target=\"_blank\">Xem địa chỉ bảo h&agrave;nh</a></p>\r\n	</li>\r\n	<li>\r\n	<p>Bộ sản phẩm gồm: Th&ugrave;ng m&aacute;y, Sạc Laptop Dell, S&aacute;ch hướng dẫn</p>\r\n	</li>\r\n</ul>', '/storage/photos/vi-vn-dell-inspiron-15-3530-i5-71014840-slider-1.jpg', '2024-05-02 08:52:52', '2024-05-17 18:15:34', '4', 6, 2, 8),
(26, 'Điện thoại iPhone 15 128GB', 'dien-thoai-iphone-15-128gb', '<h3><a href=\"https://cdn.tgdd.vn/Products/Images/42/303812/iphone-15-512gb-131023-110624.jpg\" onclick=\"return false;\"><img alt=\"iPhone 15 Tổng quan\" src=\"https://cdn.tgdd.vn/Products/Images/42/303812/iphone-15-512gb-131023-110624.jpg\" /></a></h3>\r\n\r\n<p><a href=\"https://cdn.tgdd.vn/Products/Images/42/303812/iphone-15-512gb-131023-110626.jpg\" onclick=\"return false;\"><img alt=\"iPhone 15 Thông số kỹ thuật và tính năng\" src=\"https://cdn.tgdd.vn/Products/Images/42/303812/iphone-15-512gb-131023-110626.jpg\" /></a></p>\r\n\r\n<p><a href=\"https://cdn.tgdd.vn/Products/Images/42/303812/iphone-15-512gb-131023-110629.jpg\" onclick=\"return false;\"><img alt=\"iPhone 15 So sánh\" src=\"https://cdn.tgdd.vn/Products/Images/42/303812/iphone-15-512gb-131023-110629.jpg\" /></a></p>\r\n\r\n<p><a href=\"https://cdn.tgdd.vn/Products/Images/42/303812/iphone-15-512gb-131023-110631.jpg\" onclick=\"return false;\"><img alt=\"iPhone 15 Chuyển đổi\" src=\"https://cdn.tgdd.vn/Products/Images/42/303812/iphone-15-512gb-131023-110631.jpg\" /></a></p>\r\n\r\n<p><a href=\"https://cdn.tgdd.vn/Products/Images/42/303812/iphone-15-512gb-131023-110633.jpg\" onclick=\"return false;\"><img alt=\"iPhone 15 Phụ kiện\" src=\"https://cdn.tgdd.vn/Products/Images/42/303812/iphone-15-512gb-131023-110633.jpg\" /></a></p>\r\n\r\n<p><strong>Đặc điểm nổi bật của iPhone 15 128GB:</strong><br />\r\n&bull; Sử dụng kiểu h&igrave;nh notch&nbsp;<a href=\"https://www.thegioididong.com/hoi-dap/dynamic-island-tren-iphone-14-dong-pro-la-gi-hoat-1468356\" target=\"_blank\">Dynamic Island</a>&nbsp;<br />\r\n&bull;&nbsp;Ra mắt với 5 phi&ecirc;n bản m&agrave;u sắc v&agrave; được l&agrave;m từ k&iacute;nh pha m&agrave;u<br />\r\n&bull;&nbsp;Sử dụng&nbsp;<a href=\"https://www.thegioididong.com/hoi-dap/chip-a16-bionic-giup-iphone-14-lan-at-hieu-nang-1461587\" target=\"_blank\">Chip A16 Bionic</a>&nbsp;cho hiệu năng vượt trội<br />\r\n&bull;&nbsp;Trang bị camera ch&iacute;nh 48 MP,&nbsp;Telephoto 2x cho khả năng chụp ảnh sắc n&eacute;t<br />\r\n&bull;&nbsp;M&agrave;n h&igrave;nh OLED Super Retina XDR cho chất lượng đồ họa l&yacute; tưởng<br />\r\n&bull;&nbsp;Hỗ trợ sẵn hệ điều h&agrave;nh&nbsp;iOS 17&nbsp;mới nhất 2023</p>\r\n\r\n<h3>L&yacute; do chọn mua iPhone 15 128GB tại Thế Giới Di Động</h3>\r\n\r\n<p><strong>&bull; Chất lượng sản phẩm:</strong>&nbsp;Thế Giới Di Động cam kết cung cấp sản phẩm iPhone 15 ch&iacute;nh h&atilde;ng v&agrave; đảm bảo chất lượng. Điều n&agrave;y gi&uacute;p bạn y&ecirc;n t&acirc;m về xuất xứ sản phẩm nhằm mang đến sự an t&acirc;m cho việc chọn mua sản phẩm.</p>\r\n\r\n<p><strong>&bull; Ưu đ&atilde;i v&agrave; khuyến m&atilde;i:</strong>&nbsp;Thế Giới Di Động thường xuy&ecirc;n c&oacute; c&aacute;c chương tr&igrave;nh khuyến m&atilde;i, giảm gi&aacute; v&agrave; tặng qu&agrave; k&egrave;m, điều n&agrave;y gi&uacute;p cho việc mua sắm iPhone 15 trở n&ecirc;n dễ d&agrave;ng tiếp cận.</p>\r\n\r\n<p><strong>&bull; Hệ thống cửa h&agrave;ng rộng r&atilde;i:</strong>&nbsp;Thế Giới Di Động c&oacute; mạng lưới cửa h&agrave;ng rộng r&atilde;i tr&ecirc;n to&agrave;n quốc, dễ d&agrave;ng tiếp cận v&agrave; mua sắm. Bạn c&oacute; thể kiểm tra sản phẩm trực tiếp v&agrave; nhận sự hỗ trợ từ nh&acirc;n vi&ecirc;n tại cửa h&agrave;ng.</p>\r\n\r\n<p><strong>&bull; Dịch vụ hậu m&atilde;i tốt:</strong>&nbsp;Thế Giới Di Động cung cấp dịch vụ hậu m&atilde;i chuy&ecirc;n nghiệp, bao gồm bảo h&agrave;nh, sửa chữa v&agrave; hỗ trợ kỹ thuật. Điều n&agrave;y gi&uacute;p bạn giải quyết mọi vấn đề kỹ thuật hoặc sự cố về sản phẩm dễ d&agrave;ng.</p>\r\n\r\n<p><strong>&bull; Hệ thống trả g&oacute;p linh hoạt:</strong>&nbsp;Thế Giới Di Động cung cấp c&aacute;c lựa chọn trả g&oacute;p ph&ugrave; hợp với ng&acirc;n s&aacute;ch của bạn, gi&uacute;p bạn mua được sản phẩm mong muốn m&agrave; kh&ocirc;ng cần thanh to&aacute;n to&agrave;n bộ số tiền một l&uacute;c.</p>\r\n\r\n<p><strong>&bull; Uy t&iacute;n v&agrave; kinh nghiệm:</strong>&nbsp;Với hơn 15 năm hoạt động tr&ecirc;n thị trường, Thế Giới Di Động đ&atilde; x&acirc;y dựng được một uy t&iacute;n mạnh mẽ trong ng&agrave;nh c&ocirc;ng nghiệp điện thoại di động.</p>\r\n\r\n<p><strong>&bull; Dịch vụ mua sắm trực tuyến:&nbsp;</strong>Ngo&agrave;i c&aacute;c hệ thống cửa h&agrave;ng si&ecirc;u thị, Thế Giới Di Động c&ograve;n cung cấp dịch vụ mua sắm trực tuyến, gi&uacute;p bạn mua h&agrave;ng mọi l&uacute;c, mọi nơi v&agrave; dễ d&agrave;ng so s&aacute;nh gi&aacute; cả.</p>\r\n\r\n<h3>Bảng so s&aacute;nh th&ocirc;ng số&nbsp;phi&ecirc;n bản iPhone 15 128GB v&agrave; iPhone 14 128GB</h3>\r\n\r\n<p>Dưới đ&acirc;y sẽ l&agrave; bảng tổng hợp th&ocirc;ng số kỹ thuật giữa hai thế hệ điện thoại&nbsp;iPhone:</p>\r\n\r\n<table border=\"1\">\r\n	<tbody>\r\n		<tr>\r\n			<td>\r\n			<p><strong>Thuộc t&iacute;nh</strong></p>\r\n			</td>\r\n			<td>\r\n			<p><strong>iPhone 15 128GB</strong></p>\r\n			</td>\r\n			<td>\r\n			<p><strong>iPhone 14 128GB</strong></p>\r\n			</td>\r\n		</tr>\r\n		<tr>\r\n			<td>\r\n			<p><strong>M&agrave;n h&igrave;nh ch&iacute;nh</strong></p>\r\n			</td>\r\n			<td>\r\n			<p>OLED 6.1&quot;</p>\r\n\r\n			<p>Super Retina XDR</p>\r\n\r\n			<p>2000 nits</p>\r\n			</td>\r\n			<td>\r\n			<p>OLED 6.1&quot;</p>\r\n\r\n			<p>Super Retina XDR</p>\r\n\r\n			<p>1200 nits</p>\r\n			</td>\r\n		</tr>\r\n		<tr>\r\n			<td>\r\n			<p><strong>Chip xử l&yacute;</strong></p>\r\n			</td>\r\n			<td>\r\n			<p>Apple A16 Bionic 6 nh&acirc;n</p>\r\n			</td>\r\n			<td>\r\n			<p>Apple A15 Bionic 6 nh&acirc;n</p>\r\n			</td>\r\n		</tr>\r\n		<tr>\r\n			<td>\r\n			<p><strong>Camera trước</strong></p>\r\n			</td>\r\n			<td>\r\n			<p>12 MP</p>\r\n			</td>\r\n			<td>\r\n			<p>12 MP</p>\r\n			</td>\r\n		</tr>\r\n		<tr>\r\n			<td>\r\n			<p><strong>Camera sau</strong></p>\r\n			</td>\r\n			<td>\r\n			<p>Ch&iacute;nh 48 MP &amp; Phụ 12 MP</p>\r\n			</td>\r\n			<td>\r\n			<p>2 camera 12 MP</p>\r\n			</td>\r\n		</tr>\r\n		<tr>\r\n			<td>\r\n			<p><strong>RAM</strong></p>\r\n			</td>\r\n			<td>\r\n			<p>6 GB</p>\r\n			</td>\r\n			<td>\r\n			<p>6 GB</p>\r\n			</td>\r\n		</tr>\r\n		<tr>\r\n			<td>\r\n			<p><strong>Bộ nhớ trong</strong></p>\r\n			</td>\r\n			<td>\r\n			<p>128 GB</p>\r\n			</td>\r\n			<td>\r\n			<p>128 GB</p>\r\n			</td>\r\n		</tr>\r\n		<tr>\r\n			<td>\r\n			<p><strong>Dung lượng pin</strong></p>\r\n			</td>\r\n			<td>\r\n			<p>3349 mAh</p>\r\n			</td>\r\n			<td>\r\n			<p>3279 mAh</p>\r\n			</td>\r\n		</tr>\r\n		<tr>\r\n			<td>\r\n			<p><strong>C&ocirc;ng suất sạc</strong></p>\r\n			</td>\r\n			<td>\r\n			<p>20 W</p>\r\n			</td>\r\n			<td>\r\n			<p>20 W</p>\r\n			</td>\r\n		</tr>\r\n	</tbody>\r\n</table>\r\n\r\n<h3><a href=\"https://www.thegioididong.com/dtdd/iphone-15\" target=\"_blank\">iPhone 15 128GB</a>&nbsp;l&agrave; mẫu điện thoại cao cấp được Apple cho ra mắt v&agrave;o th&aacute;ng 09/2023, m&aacute;y nhận được nhiều sự ch&uacute; &yacute; đến từ người d&ugrave;ng khi mang trong m&igrave;nh bộ cấu h&igrave;nh cực khủng, vẻ ngo&agrave;i thu h&uacute;t c&ugrave;ng khả năng quay video - chụp ảnh đỉnh cao.</h3>\r\n\r\n<h3>Thiết kế thời thượng</h3>\r\n\r\n<p>Khi nh&igrave;n lần đầu v&agrave;o iPhone 15, m&igrave;nh kh&ocirc;ng thể kh&ocirc;ng li&ecirc;n tưởng ngay đến phi&ecirc;n bản trước đ&oacute; l&agrave; iPhone 14. D&ugrave; c&oacute; nhiều cải tiến, hai chiếc điện thoại vẫn c&oacute; ngoại h&igrave;nh kh&aacute; giống nhau. Mặc d&ugrave; vậy, cấu tr&uacute;c vu&ocirc;ng vức của ch&uacute;ng, c&ugrave;ng với sự chế tạo tinh tế v&agrave; vững chắc của mặt lưng v&agrave; khung, khiến m&igrave;nh cảm thấy hứng th&uacute; với sản phẩm n&agrave;y.</p>\r\n\r\n<p><a href=\"https://cdn.tgdd.vn/Products/42/281570/iphone-15-1-1020x570.jpg\" onclick=\"return false;\"><img alt=\"\" src=\"https://cdn.tgdd.vn/Products/42/281570/iphone-15-1-1020x570.jpg\" style=\"height:570px; width:1020px\" /></a></p>\r\n\r\n<p>Một điểm mạnh m&agrave; m&igrave;nh muốn nhắc đến l&agrave; cảm gi&aacute;c nhẹ nh&agrave;ng khi cầm iPhone 15 lần đầu, với khối lượng chỉ 171 g. Điều n&agrave;y khiến n&oacute; trở n&ecirc;n v&ocirc; c&ugrave;ng thoải m&aacute;i khi nắm trong l&ograve;ng b&agrave;n tay, như thể được thiết kế đặc biệt cho m&igrave;nh vậy.</p>\r\n\r\n<p><a href=\"https://cdn.tgdd.vn/Products/42/281570/iphone-15-2-1020x570-1.jpg\" onclick=\"return false;\"><img alt=\"\" src=\"https://cdn.tgdd.vn/Products/42/281570/iphone-15-2-1020x570-1.jpg\" style=\"height:570px; width:1020px\" /></a></p>\r\n\r\n<p>Apple năm nay đ&atilde; tạo ra một cảm gi&aacute;c th&uacute; vị bằng c&aacute;ch giới thiệu 5 phi&ecirc;n bản m&agrave;u sắc cho&nbsp;<a href=\"https://www.thegioididong.com/dtdd-apple-iphone-15-series\" target=\"_blank\">iPhone 15</a>. Mỗi phi&ecirc;n bản đều c&oacute; một sự tươi mới, kh&aacute;c biệt v&agrave; đặc biệt l&agrave; đ&acirc;y l&agrave; những m&agrave;u sắc trendy, hiện đại rất ph&ugrave; hợp cho c&aacute;c bạn trẻ, điều n&agrave;y đ&atilde; khiến m&igrave;nh cảm thấy rất h&aacute;o hức.</p>\r\n\r\n<p><a href=\"https://cdn.tgdd.vn/Products/42/281570/iphone-15-3-1020x570.jpg\" onclick=\"return false;\"><img alt=\"\" src=\"https://cdn.tgdd.vn/Products/42/281570/iphone-15-3-1020x570.jpg\" style=\"height:570px; width:1020px\" /></a></p>\r\n\r\n<p>Điều khiến iPhone 15 trở n&ecirc;n kh&aacute;c biệt so với phi&ecirc;n bản iPhone 14, đ&oacute; ch&iacute;nh l&agrave; mặt lưng dạng k&iacute;nh pha m&agrave;u. C&aacute;i c&aacute;ch m&agrave; n&oacute; phản chiếu &aacute;nh s&aacute;ng tạo n&ecirc;n một h&igrave;nh ảnh rất độc đ&aacute;o, lạ mắt. Khi nh&igrave;n v&agrave;o, m&igrave;nh cảm nhận được một sự sang trọng v&agrave; trẻ trung, điều m&agrave; m&igrave;nh lu&ocirc;n t&igrave;m kiếm tr&ecirc;n một chiếc điện thoại.</p>\r\n\r\n<p>Chất liệu ch&iacute;nh của&nbsp;<a href=\"https://www.thegioididong.com/dtdd\" target=\"_blank\">điện thoại</a>&nbsp;l&agrave; phần khung viền sử dụng chất liệu nh&ocirc;m cao cấp c&ugrave;ng với k&iacute;nh cường lực cho mặt lưng, c&aacute;i m&agrave; m&igrave;nh cảm nhận được ch&iacute;nh l&agrave; chất lượng đỉnh cao ngay từ lần đầu chạm v&agrave;o.</p>\r\n\r\n<p><a href=\"https://cdn.tgdd.vn/Products/42/281570/iphone-15-4-1020x570.jpg\" onclick=\"return false;\"><img alt=\"\" src=\"https://cdn.tgdd.vn/Products/42/281570/iphone-15-4-1020x570.jpg\" style=\"height:570px; width:1020px\" /></a></p>\r\n\r\n<p>Cuối c&ugrave;ng, một thay đổi đ&aacute;ng kể m&agrave; Apple đ&atilde; thực hiện trong năm nay, việc sử dụng cổng sạc Type-C thay v&igrave; Lightning.&nbsp;Trước đ&acirc;y, m&igrave;nh lu&ocirc;n cảm thấy bực bội với việc mang theo nhiều d&acirc;y sạc kh&aacute;c nhau&nbsp;cho c&aacute;c thiết bị kh&aacute;c nhau. Nhưng với cổng sạc Type-C, m&igrave;nh thấy rất tiện lợi khi c&oacute; thể sạc nhiều thiết bị với c&ugrave;ng một loại c&aacute;p, kh&ocirc;ng chỉ tiện lợi m&agrave; c&ograve;n gi&uacute;p m&igrave;nh tiết kiệm kh&ocirc;ng gian đ&aacute;ng kể.</p>\r\n\r\n<p><a href=\"https://cdn.tgdd.vn/Products/42/281570/iphone-15-5-1020x570.jpg\" onclick=\"return false;\"><img alt=\"\" src=\"https://cdn.tgdd.vn/Products/42/281570/iphone-15-5-1020x570.jpg\" style=\"height:570px; width:1020px\" /></a></p>\r\n\r\n<h3>Trang bị h&igrave;nh notch dạng Dynamic Island</h3>\r\n\r\n<p>M&igrave;nh muốn chia sẻ về một đặc điểm th&uacute; vị tr&ecirc;n iPhone 15 m&agrave; m&igrave;nh thực sự th&iacute;ch, đ&oacute; ch&iacute;nh l&agrave; Dynamic Island. Đ&acirc;y l&agrave; một phần khuyết tr&ecirc;n m&agrave;n h&igrave;nh, h&igrave;nh dạng của n&oacute; giống như một vi&ecirc;n thuốc, chứa camera TrueDepth v&agrave; c&aacute;c cảm biến cần thiết cho c&aacute;c t&iacute;nh năng như Face ID v&agrave; Animoji.</p>\r\n\r\n<p><a href=\"https://cdn.tgdd.vn/Products/42/281570/iphone-15-6-1020x570.jpg\" onclick=\"return false;\"><img alt=\"\" src=\"https://cdn.tgdd.vn/Products/42/281570/iphone-15-6-1020x570.jpg\" style=\"height:570px; width:1020px\" /></a></p>\r\n\r\n<p>Dynamic Island kh&ocirc;ng chỉ đơn thuần l&agrave; một phần khuyết để chứa c&aacute;c cảm biến. N&oacute; c&ograve;n c&oacute; chức năng tương t&aacute;c rất độc đ&aacute;o. Chẳng hạn, khi c&oacute; th&ocirc;ng b&aacute;o mới hoặc khi m&igrave;nh đang sử dụng một ứng dụng, Dynamic Island sẽ hiển thị c&aacute;c th&ocirc;ng tin li&ecirc;n quan như t&ecirc;n ứng dụng, thời gian, trạng th&aacute;i của th&ocirc;ng b&aacute;o,...</p>\r\n\r\n<p>Thật th&uacute; vị khi m&igrave;nh c&oacute; thể tương t&aacute;c với Dynamic Island theo nhiều c&aacute;ch kh&aacute;c nhau. Nhấn v&agrave;o Dynamic Island, m&igrave;nh sẽ quay lại m&agrave;n h&igrave;nh ch&iacute;nh của ứng dụng đang sử dụng. C&ograve;n khi chỉ nhấn giữ, m&igrave;nh sẽ xem được c&aacute;c chức năng cơ bản của ứng dụng đ&oacute; m&agrave; kh&ocirc;ng cần phải truy cập thẳng v&agrave;o ứng dụng, rất tiện lợi trong qu&aacute; tr&igrave;nh sử dụng của m&igrave;nh.</p>\r\n\r\n<p><a href=\"https://cdn.tgdd.vn/Products/42/281570/iphone-15-7-1020x570.jpg\" onclick=\"return false;\"><img alt=\"\" src=\"https://cdn.tgdd.vn/Products/42/281570/iphone-15-7-1020x570.jpg\" style=\"height:570px; width:1020px\" /></a></p>\r\n\r\n<p>Một điều m&agrave; m&igrave;nh thật sự y&ecirc;u th&iacute;ch về Dynamic Island l&agrave; t&iacute;nh năng bong b&oacute;ng nh&acirc;n đ&ocirc;i. N&oacute; cho ph&eacute;p Dynamic Island t&aacute;ch th&agrave;nh hai phần để hiển thị th&ocirc;ng b&aacute;o từ hai ứng dụng kh&aacute;c nhau (v&iacute; dụ như vừa nghe nhạc v&agrave; sử dụng Google Maps), gi&uacute;p m&igrave;nh dễ d&agrave;ng nhận biết v&agrave; tương t&aacute;c với c&aacute;c th&ocirc;ng b&aacute;o.</p>\r\n\r\n<h3>Trang bị camera 48 MP</h3>\r\n\r\n<p>Hệ thống camera sau của chiếc&nbsp;<a href=\"https://www.thegioididong.com/dtdd-apple-iphone\" target=\"_blank\">điện thoại iPhone</a>&nbsp;n&agrave;y gồm hai ống k&iacute;nh trong đ&oacute; camera ch&iacute;nh c&oacute; độ ph&acirc;n giải 48 MP v&agrave; đi c&ugrave;ng camera phụ 12 MP. Được xem l&agrave; một bước cải tiến lớn so với năm ngo&aacute;i, khi camera ch&iacute;nh cũng đ&atilde; được n&acirc;ng cấp gấp 4 lần so với iPhone 14 (camera ch&iacute;nh 12 MP).</p>\r\n\r\n<p>B&ecirc;n cạnh việc n&acirc;ng cấp ống k&iacute;nh, nh&agrave; Apple c&ograve;n mang đến cho ch&uacute;ng ta nhiều t&iacute;nh năng th&uacute; vị gi&uacute;p hỗ trợ quay chụp trở n&ecirc;n chuy&ecirc;n nghiệp như: Cinematic, Smart HDR 5, Action Mode,...</p>\r\n\r\n<p><a href=\"https://cdn.tgdd.vn/Products/42/281570/iphone-15-8-1020x570-1.jpg\" onclick=\"return false;\"><img alt=\"\" src=\"https://cdn.tgdd.vn/Products/42/281570/iphone-15-8-1020x570-1.jpg\" style=\"height:570px; width:1020px\" /></a></p>', 25, 22900000, 19900000, 1, 0, '<ul>\r\n	<li>\r\n	<p>Hư g&igrave; đổi nấy&nbsp;<strong>12 th&aacute;ng</strong>&nbsp;tại 3158 si&ecirc;u thị to&agrave;n quốc (miễn ph&iacute; th&aacute;ng đầu)&nbsp;<a href=\"javascript:void(0)\" onclick=\"showPopupPolicy()\">Xem chi tiết</a></p>\r\n	</li>\r\n	<li>\r\n	<p>Bảo h&agrave;nh&nbsp;<strong>ch&iacute;nh h&atilde;ng điện thoại 1 năm</strong>&nbsp;tại c&aacute;c trung t&acirc;m bảo h&agrave;nh h&atilde;ng&nbsp;<a href=\"https://www.thegioididong.com/bao-hanh/apple\" target=\"_blank\">Xem địa chỉ bảo h&agrave;nh</a></p>\r\n	</li>\r\n	<li>\r\n	<p>Bộ sản phẩm gồm: Hộp, S&aacute;ch hướng dẫn, C&acirc;y lấy sim, C&aacute;p Type C&nbsp;<a href=\"javascript:\">Xem h&igrave;nh</a></p>\r\n	</li>\r\n</ul>', '/storage/photos/iphone-15-den-1.jpg', '2024-05-02 09:04:21', '2024-05-14 08:10:53', '0', 2, 0, 0);
INSERT INTO `products` (`id`, `pro_name`, `pro_slug`, `pro_content`, `pro_category_id`, `pro_price`, `pro_sale`, `pro_active`, `pro_hot`, `pro_description`, `pro_image`, `created_at`, `updated_at`, `quantity`, `pro_pay`, `pro_total`, `pro_total_number`) VALUES
(27, 'Điện thoại iPhone 15 Pro Max 256GB', 'dien-thoai-iphone-15-pro-max-256gb', '<h3>L&yacute; do chọn mua iPhone 15 Pro Max tại Thế Giới Di Động</h3>\r\n\r\n<p>iPhone 15 Pro Max l&agrave; một chiếc điện thoại th&ocirc;ng minh cao cấp được mong đợi nhất năm 2023. Với nhiều t&iacute;nh năng mới v&agrave; cải tiến, iPhone 15 Pro Max chắc chắn sẽ l&agrave; một lựa chọn tuyệt vời cho những người d&ugrave;ng đang t&igrave;m kiếm một chiếc điện thoại c&oacute; hiệu năng mạnh mẽ, camera chất lượng v&agrave; thiết kế sang trọng.</p>\r\n\r\n<p><strong>&bull; Sản phẩm ch&iacute;nh h&atilde;ng, đảm bảo chất lượng:&nbsp;</strong>Thế Giới Di Động l&agrave; nh&agrave; b&aacute;n lẻ điện thoại di động lớn nhất Việt Nam, cam kết cung cấp sản phẩm ch&iacute;nh h&atilde;ng, đảm bảo chất lượng. Bạn c&oacute; thể y&ecirc;n t&acirc;m về xuất xứ sản phẩm v&agrave; c&oacute; thể tận hưởng trải nghiệm sử dụng tốt nhất.</p>\r\n\r\n<p><strong>&bull; Ưu đ&atilde;i v&agrave; khuyến m&atilde;i hấp dẫn:</strong>&nbsp;Thế Giới Di Động thường xuy&ecirc;n c&oacute; c&aacute;c chương tr&igrave;nh khuyến m&atilde;i, giảm gi&aacute; v&agrave; tặng qu&agrave; k&egrave;m, gi&uacute;p bạn tiết kiệm được một khoản tiền khi mua iPhone 15 Pro Max.</p>\r\n\r\n<p><strong>&bull; Hệ thống cửa h&agrave;ng rộng khắp:</strong>&nbsp;Thế Giới Di Động c&oacute; mạng lưới cửa h&agrave;ng rộng khắp tr&ecirc;n to&agrave;n quốc, gi&uacute;p bạn dễ d&agrave;ng t&igrave;m được một cửa h&agrave;ng gần nh&agrave; để mua sắm. Bạn cũng c&oacute; thể trực tiếp kiểm tra sản phẩm v&agrave; nhận sự hỗ trợ từ nh&acirc;n vi&ecirc;n tại cửa h&agrave;ng.</p>\r\n\r\n<p><strong>&bull; Dịch vụ hậu m&atilde;i chuy&ecirc;n nghiệp:&nbsp;</strong>Thế Giới Di Động cung cấp dịch vụ hậu m&atilde;i chuy&ecirc;n nghiệp, bao gồm bảo h&agrave;nh, sửa chữa v&agrave; hỗ trợ kỹ thuật. Điều n&agrave;y gi&uacute;p bạn y&ecirc;n t&acirc;m về việc sử dụng trong thời gian d&agrave;i.</p>\r\n\r\n<p><strong>&bull; Trả g&oacute;p linh hoạt:</strong>&nbsp;Thế Giới Di Động cung cấp c&aacute;c lựa chọn trả g&oacute;p ph&ugrave; hợp với ng&acirc;n s&aacute;ch của bạn, gi&uacute;p bạn mua được sản phẩm mong muốn m&agrave; kh&ocirc;ng cần thanh to&aacute;n to&agrave;n bộ số tiền một l&uacute;c.</p>\r\n\r\n<p><strong>&bull; Uy t&iacute;n v&agrave; kinh nghiệm l&acirc;u năm:&nbsp;</strong>Với hơn 15 năm hoạt động tr&ecirc;n thị trường, Thế Giới Di Động đ&atilde; x&acirc;y dựng được một uy t&iacute;n mạnh mẽ trong ng&agrave;nh c&ocirc;ng nghiệp điện thoại di động. Điều n&agrave;y gi&uacute;p bạn y&ecirc;n t&acirc;m về việc mua sắm tại Thế Giới Di Động.</p>\r\n\r\n<h3><strong>So s&aacute;nh iPhone 15 Pro Max 256 GB v&agrave; c&aacute;c sản phẩm iPhone 15 Series kh&aacute;c?</strong></h3>\r\n\r\n<table border=\"1\">\r\n	<tbody>\r\n		<tr>\r\n			<td>\r\n			<p><strong>Ti&ecirc;u ch&iacute;</strong></p>\r\n			</td>\r\n			<td>\r\n			<p><strong>iPhone 15 Pro Max 256 GB</strong></p>\r\n			</td>\r\n			<td>\r\n			<p><strong>iPhone 15 Pro 256 GB</strong></p>\r\n			</td>\r\n			<td>\r\n			<p><strong>iPhone 15 Plus 256 GB</strong></p>\r\n			</td>\r\n			<td>\r\n			<p><strong>iPhone 256 GB</strong></p>\r\n			</td>\r\n		</tr>\r\n		<tr>\r\n			<td>\r\n			<p>M&agrave;n h&igrave;nh</p>\r\n			</td>\r\n			<td>\r\n			<p>&nbsp; &nbsp;&bull; K&iacute;ch thước: 6.7 inch</p>\r\n\r\n			<p>&nbsp; &nbsp;&bull; Super Retina XDR OLED</p>\r\n\r\n			<p>&nbsp; &nbsp;&bull; C&ocirc;ng nghệ ProMotion</p>\r\n\r\n			<p>&nbsp; &nbsp;&bull; Dynamic Island</p>\r\n\r\n			<p>&nbsp; &nbsp;&bull; 2796 x 1290 pixels</p>\r\n			</td>\r\n			<td>\r\n			<p>&nbsp; &nbsp;&bull; K&iacute;ch thước: 6.1 inch</p>\r\n\r\n			<p>&nbsp; &nbsp;&bull; Super Retina XDR OLED</p>\r\n\r\n			<p>&nbsp; &nbsp;&bull; C&ocirc;ng nghệ ProMotion</p>\r\n\r\n			<p>&nbsp; &nbsp;&bull; Dynamic Island</p>\r\n\r\n			<p>&nbsp; &nbsp;&bull; 2556 x 1179 pixels</p>\r\n			</td>\r\n			<td>\r\n			<p>&nbsp; &nbsp;&bull; K&iacute;ch thước: 6.7 inch</p>\r\n\r\n			<p>&nbsp; &nbsp;&bull; Super Retina XDR OLED</p>\r\n\r\n			<p>&nbsp; &nbsp;&bull; Dynamic Island</p>\r\n\r\n			<p>&nbsp; &nbsp;&bull; 2796 x 1290 pixels</p>\r\n			</td>\r\n			<td>\r\n			<p>&nbsp; &nbsp;&bull; K&iacute;ch thước: 6.1 inch</p>\r\n\r\n			<p>&nbsp; &nbsp;&bull; Super Retina XDR OLED</p>\r\n\r\n			<p>&nbsp; &nbsp;&bull; Dynamic Island</p>\r\n\r\n			<p>&nbsp; &nbsp;&bull; 2556 x 1179 pixels</p>\r\n			</td>\r\n		</tr>\r\n		<tr>\r\n			<td>\r\n			<p>K&iacute;ch thước v&agrave; khối lượng</p>\r\n			</td>\r\n			<td>\r\n			<p>&nbsp; &nbsp;&bull; 159.9 mm x 76.7 mm x 8.25 mm</p>\r\n\r\n			<p>&nbsp; &nbsp;&bull; 221 gram</p>\r\n			</td>\r\n			<td>\r\n			<p>&nbsp; &nbsp;&bull; 146.6 mm x 70.6 mm x 8.25 mm</p>\r\n\r\n			<p>&nbsp; &nbsp;&bull; 187g</p>\r\n			</td>\r\n			<td>\r\n			<p>&nbsp; &nbsp;&bull; 160.9 mm x 77.8 mm x 7.8 mm</p>\r\n\r\n			<p>&nbsp; &nbsp;&bull; 201 gram</p>\r\n			</td>\r\n			<td>\r\n			<p>&nbsp; &nbsp;&bull; 147.6 mm x 71.6 mm x 7.8 mm</p>\r\n\r\n			<p>&nbsp; &nbsp;&bull; 171 gram</p>\r\n			</td>\r\n		</tr>\r\n		<tr>\r\n			<td>\r\n			<p>Khung viền</p>\r\n			</td>\r\n			<td>\r\n			<p>Titanium</p>\r\n			</td>\r\n			<td>\r\n			<p>Titanium</p>\r\n			</td>\r\n			<td>\r\n			<p>Nh&ocirc;m</p>\r\n			</td>\r\n			<td>\r\n			<p>Nh&ocirc;m</p>\r\n			</td>\r\n		</tr>\r\n		<tr>\r\n			<td>\r\n			<p>Chip</p>\r\n			</td>\r\n			<td>\r\n			<p>Apple A17 Pro</p>\r\n			</td>\r\n			<td>\r\n			<p>Apple A17 Pro</p>\r\n			</td>\r\n			<td>\r\n			<p>Apple A16 Bionic</p>\r\n			</td>\r\n			<td>\r\n			<p>Apple A16 Bionic</p>\r\n			</td>\r\n		</tr>\r\n		<tr>\r\n			<td>\r\n			<p>Dung lượng</p>\r\n			</td>\r\n			<td>\r\n			<p>&nbsp; &nbsp;&bull; 256GB</p>\r\n\r\n			<p>&nbsp; &nbsp;&bull; 512GB</p>\r\n\r\n			<p>&nbsp; &nbsp;&bull; 1TB</p>\r\n			</td>\r\n			<td>\r\n			<p>&nbsp; &nbsp;&bull; 128GB</p>\r\n\r\n			<p>&nbsp; &nbsp;&bull; 256GB</p>\r\n\r\n			<p>&nbsp; &nbsp;&bull; 512GB</p>\r\n\r\n			<p>&nbsp; &nbsp;&bull; 1TB</p>\r\n			</td>\r\n			<td>\r\n			<p>&nbsp; &nbsp;&bull; 128GB</p>\r\n\r\n			<p>&nbsp; &nbsp;&bull; 256GB</p>\r\n\r\n			<p>&nbsp; &nbsp;&bull; 512GB</p>\r\n			</td>\r\n			<td>\r\n			<p>&nbsp; &nbsp;&bull; 128GB</p>\r\n\r\n			<p>&nbsp; &nbsp;&bull; 256GB</p>\r\n\r\n			<p>&nbsp; &nbsp;&bull; 512GB</p>\r\n			</td>\r\n		</tr>\r\n		<tr>\r\n			<td>\r\n			<p>Camera</p>\r\n			</td>\r\n			<td>\r\n			<p>&nbsp; &nbsp;&bull; Camera trước: 12MP, f/1.9</p>\r\n\r\n			<p>&nbsp; &nbsp;&bull; Camera ch&iacute;nh: 48MP, f/1.78</p>\r\n\r\n			<p>&nbsp; &nbsp;&bull; Camera g&oacute;c si&ecirc;u rộng: 12MP, f/2.2</p>\r\n\r\n			<p>&nbsp; &nbsp;&bull; Camera Telephoto: 12MP, f/2.8, khả năng zoom 2x v&agrave; 5x</p>\r\n			</td>\r\n			<td>\r\n			<p>&nbsp; &nbsp;&bull; Camera trước: 12MP, f/1.9</p>\r\n\r\n			<p>&nbsp; &nbsp;&bull; Camera ch&iacute;nh: 48MP, f/1.78</p>\r\n\r\n			<p>&nbsp; &nbsp;&bull; Camera g&oacute;c si&ecirc;u rộng: 12MP, f/2.2</p>\r\n\r\n			<p>&nbsp; &nbsp;&bull; Camera Telephoto: 12MP, f/2.8, khả năng zoom 2x v&agrave; 3x</p>\r\n			</td>\r\n			<td>\r\n			<p>&nbsp; &nbsp;&bull; Camera trước: 12MP, f/1.9</p>\r\n\r\n			<p>&nbsp; &nbsp;&bull; Camera ch&iacute;nh: 48MP, f/1.6</p>\r\n\r\n			<p>&nbsp; &nbsp;&bull; Camera g&oacute;c si&ecirc;u rộng: 12MP, f/2.4</p>\r\n			</td>\r\n			<td>\r\n			<p>&nbsp; &nbsp;&bull; Camera trước: 12MP, f/1.9</p>\r\n\r\n			<p>&nbsp; &nbsp;&bull; Camera ch&iacute;nh: 48MP, f/1.6</p>\r\n\r\n			<p>&nbsp; &nbsp;&bull; Camera g&oacute;c si&ecirc;u rộng: 12MP, f/2.4</p>\r\n			</td>\r\n		</tr>\r\n		<tr>\r\n			<td>\r\n			<p>N&uacute;t t&aacute;c vụ</p>\r\n			</td>\r\n			<td>\r\n			<p>C&oacute;</p>\r\n			</td>\r\n			<td>\r\n			<p>C&oacute;</p>\r\n			</td>\r\n			<td>\r\n			<p>Kh&ocirc;ng</p>\r\n			</td>\r\n			<td>\r\n			<p>Kh&ocirc;ng</p>\r\n			</td>\r\n		</tr>\r\n		<tr>\r\n			<td>\r\n			<p>Thời lượng pin</p>\r\n			</td>\r\n			<td>\r\n			<p>&nbsp; &nbsp;&bull; Nghe nhạc: 95 tiếng</p>\r\n\r\n			<p>&nbsp; &nbsp;&bull; Xem video: 29 tiếng</p>\r\n\r\n			<p>&nbsp; &nbsp;&bull; Xem video (trực tuyến): 25 tiếng</p>\r\n			</td>\r\n			<td>\r\n			<p>&nbsp; &nbsp;&bull; Nghe nhạc: 75 tiếng</p>\r\n\r\n			<p>&nbsp; &nbsp;&bull; Xem video: 23 tiếng</p>\r\n\r\n			<p>&nbsp; &nbsp;&bull; Xem video (trực tuyến): 20 tiếng</p>\r\n			</td>\r\n			<td>\r\n			<p>&nbsp; &nbsp;&bull; Nghe nhạc: 100 tiếng</p>\r\n\r\n			<p>&nbsp; &nbsp;&bull; Xem video: 26 tiếng</p>\r\n\r\n			<p>&nbsp; &nbsp;&bull; Xem video (trực tuyến): 20 tiếng</p>\r\n			</td>\r\n			<td>\r\n			<p>&nbsp; &nbsp;&bull; Nghe nhạc: 80 tiếng</p>\r\n\r\n			<p>&nbsp; &nbsp;&bull; Xem video: 20 tiếng</p>\r\n\r\n			<p>&nbsp; &nbsp;&bull; Xem video (trực tuyến): 16 tiếng</p>\r\n			</td>\r\n		</tr>\r\n		<tr>\r\n			<td>\r\n			<p>Cảm biến</p>\r\n			</td>\r\n			<td>\r\n			<p>Cảm biến tiệm cận</p>\r\n			</td>\r\n			<td>\r\n			<p>Cảm biến tiệm cận</p>\r\n			</td>\r\n			<td>\r\n			<p>Cảm biến tiệm cận</p>\r\n			</td>\r\n			<td>\r\n			<p>Cảm biến tiệm cận</p>\r\n			</td>\r\n		</tr>\r\n		<tr>\r\n			<td>\r\n			<p>Cổng kết nối</p>\r\n			</td>\r\n			<td>\r\n			<p>USB-C hỗ trợ USB 3</p>\r\n			</td>\r\n			<td>\r\n			<p>USB-C hỗ trợ USB 3</p>\r\n			</td>\r\n			<td>\r\n			<p>USB-C hỗ trợ USB 2</p>\r\n			</td>\r\n			<td>\r\n			<p>USB-C hỗ trợ USB 2</p>\r\n			</td>\r\n		</tr>\r\n	</tbody>\r\n</table>\r\n\r\n<h3><br />\r\nSo s&aacute;nh iPhone 15 Pro Max 256 GB v&agrave; iPhone 14 Pro Max 256 GB: C&oacute; đ&aacute;ng để n&acirc;ng cấp?</h3>\r\n\r\n<p>Dưới đ&acirc;y sẽ l&agrave; bảng tổng hợp th&ocirc;ng số kỹ thuật giữa hai thế hệ điện thoại iPhone:</p>\r\n\r\n<table border=\"1\">\r\n	<tbody>\r\n		<tr>\r\n			<td>\r\n			<p><strong>Ti&ecirc;u ch&iacute;</strong></p>\r\n			</td>\r\n			<td>\r\n			<p><strong>iPhone 15 Pro Max 256 GB</strong></p>\r\n			</td>\r\n			<td>\r\n			<p><strong>iPhone 14 Pro Max 256 GB</strong></p>\r\n			</td>\r\n		</tr>\r\n		<tr>\r\n			<td>\r\n			<p><strong>M&agrave;n h&igrave;nh</strong></p>\r\n			</td>\r\n			<td>\r\n			<p>&nbsp;&nbsp;&bull;&nbsp;K&iacute;ch thước: 6.7 inch</p>\r\n\r\n			<p>&nbsp;&nbsp;&bull;&nbsp;Super Retina XDR OLED</p>\r\n\r\n			<p>&nbsp;&nbsp;&bull;&nbsp;C&ocirc;ng nghệ ProMotion</p>\r\n\r\n			<p>&nbsp;&nbsp;&bull;&nbsp;C&ocirc;ng nghệ True Tone</p>\r\n\r\n			<p>&nbsp;&nbsp;&bull;&nbsp;Dynamic Island</p>\r\n\r\n			<p>&nbsp;&nbsp;&bull;&nbsp;2796 x 1290 pixels</p>\r\n			</td>\r\n			<td>\r\n			<p>&nbsp;&nbsp;&bull;&nbsp;K&iacute;ch thước: 6.7 inch</p>\r\n\r\n			<p>&nbsp;&nbsp;&bull;&nbsp;Super Retina XDR OLED</p>\r\n\r\n			<p>&nbsp;&nbsp;&bull;&nbsp;C&ocirc;ng nghệ True Tone</p>\r\n\r\n			<p>&nbsp;&nbsp;&bull;&nbsp;C&ocirc;ng nghệ ProMotion</p>\r\n\r\n			<p>&nbsp;&nbsp;&bull;&nbsp;Dynamic Island</p>\r\n\r\n			<p>&nbsp;&nbsp;&bull;&nbsp;2796 x 1290 pixels</p>\r\n			</td>\r\n		</tr>\r\n		<tr>\r\n			<td>\r\n			<p><strong>K&iacute;ch thước v&agrave; khối lượng</strong></p>\r\n			</td>\r\n			<td>\r\n			<p>&nbsp;<strong>&nbsp;</strong><strong>&bull;&nbsp;159.9 mm x 76.7 mm x 8.25 mm</strong></p>\r\n\r\n			<p><strong>&nbsp;&nbsp;&bull;&nbsp;221 gram</strong></p>\r\n			</td>\r\n			<td>\r\n			<p>&nbsp;&nbsp;&bull;&nbsp;160.7 mm x 77.6 mm x 7.85 mm</p>\r\n\r\n			<p>&nbsp;&nbsp;&bull;&nbsp;240 gram</p>\r\n			</td>\r\n		</tr>\r\n		<tr>\r\n			<td>\r\n			<p><strong>Khung viền</strong></p>\r\n			</td>\r\n			<td>\r\n			<p><strong>Titanium</strong></p>\r\n			</td>\r\n			<td>\r\n			<p>Kim loại th&eacute;p kh&ocirc;ng gỉ</p>\r\n			</td>\r\n		</tr>\r\n		<tr>\r\n			<td>\r\n			<p><strong>Chip</strong></p>\r\n			</td>\r\n			<td>\r\n			<p><strong>Apple A17 Pro</strong></p>\r\n			</td>\r\n			<td>\r\n			<p>Apple A16 Bionic</p>\r\n			</td>\r\n		</tr>\r\n		<tr>\r\n			<td>\r\n			<p><strong>RAM</strong></p>\r\n			</td>\r\n			<td><strong>8 GB</strong></td>\r\n			<td>6 GB</td>\r\n		</tr>\r\n		<tr>\r\n			<td>\r\n			<p><strong>Bộ nhớ trong</strong></p>\r\n			</td>\r\n			<td>256 GB, 512 GB, 1 TB</td>\r\n			<td><strong>128 GB</strong>, 256 GB, 512 GB, 1 TB</td>\r\n		</tr>\r\n		<tr>\r\n			<td>\r\n			<p><strong>Camera</strong></p>\r\n			</td>\r\n			<td>\r\n			<p>&nbsp;&nbsp;&bull;&nbsp;Camera trước: 12MP, f/1.9</p>\r\n\r\n			<p>&nbsp;&nbsp;&bull;&nbsp;Camera ch&iacute;nh: 48MP, f/1.78</p>\r\n\r\n			<p>&nbsp;&nbsp;&bull;&nbsp;Camera g&oacute;c si&ecirc;u rộng: 12MP, f/2.2</p>\r\n\r\n			<p>&nbsp;&nbsp;&bull;<strong>&nbsp;</strong><strong>Camera Telephoto: 12MP, f/2.8, khả năng zoom 2x v&agrave; 5x</strong></p>\r\n			</td>\r\n			<td>\r\n			<p>&nbsp;&nbsp;&bull;&nbsp;Camera trước: 12MP</p>\r\n\r\n			<p>&nbsp;&nbsp;&bull;&nbsp;Camera ch&iacute;nh: 48MP, f/1.78</p>\r\n\r\n			<p>&nbsp;&nbsp;&bull;&nbsp;Camera g&oacute;c si&ecirc;u rộng: 12MP, f/2.2</p>\r\n\r\n			<p>&nbsp;&nbsp;&bull;&nbsp;Camera Telephoto: 12MP, f/2.8 khả năng zoom 2x, 3x</p>\r\n			</td>\r\n		</tr>\r\n		<tr>\r\n			<td>\r\n			<p><strong>N&uacute;t t&aacute;c vụ</strong></p>\r\n			</td>\r\n			<td>\r\n			<p><strong>Action Button</strong></p>\r\n			</td>\r\n			<td>\r\n			<p>Cần gạt</p>\r\n			</td>\r\n		</tr>\r\n		<tr>\r\n			<td>\r\n			<p><strong>Dung lượng pin</strong></p>\r\n			</td>\r\n			<td><strong>4422 mAh</strong></td>\r\n			<td>4323 mAh</td>\r\n		</tr>\r\n		<tr>\r\n			<td>\r\n			<p><strong>Thời lượng pin</strong></p>\r\n			</td>\r\n			<td>\r\n			<p>&nbsp;&nbsp;&bull;&nbsp;Nghe nhạc: 95 tiếng</p>\r\n\r\n			<p>&nbsp;&nbsp;&bull;&nbsp;Xem video: 29 tiếng</p>\r\n\r\n			<p>&nbsp;&nbsp;&bull;&nbsp;Xem video (trực tuyến): 25 tiếng</p>\r\n			</td>\r\n			<td>\r\n			<p>&nbsp;&nbsp;&bull;&nbsp;Nghe nhạc: 95 tiếng</p>\r\n\r\n			<p>&nbsp;&nbsp;&bull;&nbsp;Xem video: 29 tiếng</p>\r\n\r\n			<p>&nbsp;&nbsp;&bull;&nbsp;Xem video (trực tuyến): 25 tiếng</p>\r\n			</td>\r\n		</tr>\r\n		<tr>\r\n			<td>\r\n			<p><strong>Cảm biến</strong></p>\r\n			</td>\r\n			<td>\r\n			<p>&nbsp;&nbsp;&bull;&nbsp;LiDAR Scanner</p>\r\n\r\n			<p>&nbsp;&nbsp;&bull;&nbsp;Face ID</p>\r\n\r\n			<p>&nbsp;&nbsp;&bull;&nbsp;Con quay hồi chuyển độ lệch tương phản cao</p>\r\n\r\n			<p>&nbsp;&nbsp;&bull;&nbsp;Gia tốc kế lực G cao</p>\r\n\r\n			<p>&nbsp;&nbsp;&bull;&nbsp;Cảm biến tiệm cận</p>\r\n\r\n			<p>&nbsp;&nbsp;&bull;&nbsp;Hai cảm biến &aacute;nh s&aacute;ng m&ocirc;i trường</p>\r\n\r\n			<p>&nbsp;&nbsp;&bull;&nbsp;&Aacute;p kế</p>\r\n			</td>\r\n			<td>\r\n			<p>&nbsp;&nbsp;&bull;&nbsp;LiDAR Scanner</p>\r\n\r\n			<p>&nbsp;&nbsp;&bull;&nbsp;Face ID</p>\r\n\r\n			<p>&nbsp;&nbsp;&bull;&nbsp;Con quay hồi chuyển độ lệch tương phản cao</p>\r\n\r\n			<p>&nbsp;&nbsp;&bull;&nbsp;Gia tốc kế lực G cao</p>\r\n\r\n			<p>&nbsp;&nbsp;&bull;&nbsp;Cảm biến tiệm cận</p>\r\n\r\n			<p>&nbsp;&nbsp;&bull;&nbsp;Hai cảm biến &aacute;nh s&aacute;ng m&ocirc;i trường</p>\r\n\r\n			<p>&nbsp;&nbsp;&bull;&nbsp;&Aacute;p kế</p>\r\n			</td>\r\n		</tr>\r\n		<tr>\r\n			<td>\r\n			<p><strong>Cổng kết nối</strong></p>\r\n			</td>\r\n			<td>\r\n			<p><strong>USB-C hỗ trợ USB 3</strong></p>\r\n			</td>\r\n			<td>\r\n			<p>Lightning hỗ trợ USB 2</p>\r\n			</td>\r\n		</tr>\r\n		<tr>\r\n			<td>\r\n			<p><strong>C&ocirc;ng suất sạc</strong></p>\r\n			</td>\r\n			<td>20 W</td>\r\n			<td>20 W</td>\r\n		</tr>\r\n		<tr>\r\n			<td>\r\n			<p><strong>Thời gian sạc</strong></p>\r\n			</td>\r\n			<td>Sạc tới 50% trong 35 ph&uacute;t</td>\r\n			<td>Sạc tới 50% trong 35 ph&uacute;t</td>\r\n		</tr>\r\n		<tr>\r\n			<td>\r\n			<p><strong>M&agrave;u sắc</strong></p>\r\n			</td>\r\n			<td><strong>Titan tự nhi&ecirc;n (Natural Titanium), Titan trắng (White Titanium), Titan đen (Black Titanium), Titan xanh (Blue Titanium)</strong></td>\r\n			<td>V&agrave;ng, Đen, Bạc, T&iacute;m</td>\r\n		</tr>\r\n		<tr>\r\n			<td>\r\n			<p><strong>Kết nối</strong></p>\r\n			</td>\r\n			<td><strong>Wi‑Fi 6E</strong>, 5G</td>\r\n			<td>Wi‑Fi 6, 5G</td>\r\n		</tr>\r\n	</tbody>\r\n</table>\r\n\r\n<h3>Video giới thiệu điện thoại iPhone 15 Pro v&agrave; iPhone 15 Pro Max</h3>', 25, 34990000, 30000000, 1, 1, '<p>Ốp lưng ch&iacute;nh h&atilde;ng Apple giảm th&ecirc;m 300K khi mua k&egrave;m iPhone (&aacute;p dụng tuỳ model)</p>\r\n\r\n<p>Thu cũ Đổi mới: Giảm đến 2 triệu (Tuỳ model m&aacute;y cũ, Kh&ocirc;ng k&egrave;m thanh to&aacute;n qua cổng online, mua k&egrave;m)&nbsp;<a href=\"https://www.thegioididong.com/thu-cu-doi-moi\">Xem chi tiết</a></p>\r\n\r\n<p>Cơ hội tr&uacute;ng 10 xe m&aacute;y Yamaha Sirius mỗi th&aacute;ng, tổng giải thưởng l&ecirc;n đến 390 Triệu&nbsp;<a href=\"http://www.thegioididong.com/tin-tuc/mua-dien-thoai-tablet-co-co-hoi-trung-10-chiec-yamaha-sirus-moi-thang-1565045\">Xem chi tiết</a></p>', '/storage/photos/iphone-15-pro-max-black-1-1.jpg', '2024-05-02 09:08:08', '2024-05-18 19:59:40', '5', 26, 2, 7),
(28, 'Điện thoại iPhone 15 Plus 128GB', 'dien-thoai-iphone-15-plus-128gb', '<h3>L&yacute; do chọn mua iPhone 15 series tại Thế Giới Di Động</h3>\r\n\r\n<p>Thế Giới Di Động l&agrave; một trong những nh&agrave; b&aacute;n lẻ điện thoại di động lớn nhất Việt Nam, cung cấp đa dạng c&aacute;c sản phẩm iPhone 15 ch&iacute;nh h&atilde;ng với mức gi&aacute; cạnh tranh. Dưới đ&acirc;y l&agrave; một số l&yacute; do khiến bạn n&ecirc;n chọn mua iPhone 15 tại Thế Giới Di Động:</p>\r\n\r\n<p><strong>&bull;&nbsp;Chất lượng sản phẩm:</strong>&nbsp;Thế Giới Di Động cam kết cung cấp sản phẩm&nbsp;<a href=\"https://www.thegioididong.com/dtdd-apple-iphone-15-series\" target=\"_blank\">iPhone 15</a>&nbsp;ch&iacute;nh h&atilde;ng. Điều n&agrave;y gi&uacute;p bạn y&ecirc;n t&acirc;m về chất lượng sản phẩm v&agrave; được hưởng đầy đủ c&aacute;c quyền lợi bảo h&agrave;nh của Apple.</p>\r\n\r\n<p><strong>&bull;&nbsp;Ưu đ&atilde;i v&agrave; khuyến m&atilde;i:</strong>&nbsp;Thế Giới Di Động thường xuy&ecirc;n c&oacute; c&aacute;c chương tr&igrave;nh khuyến m&atilde;i, giảm gi&aacute; v&agrave; tặng qu&agrave; k&egrave;m theo, gi&uacute;p bạn tiết kiệm chi ph&iacute; khi mua sắm.</p>\r\n\r\n<p><strong>&bull;&nbsp;Hệ thống cửa h&agrave;ng rộng r&atilde;i:</strong>&nbsp;Thế Giới Di Động c&oacute; mạng lưới cửa h&agrave;ng rộng khắp tr&ecirc;n to&agrave;n quốc, gi&uacute;p bạn dễ d&agrave;ng t&igrave;m kiếm v&agrave; mua sắm. Bạn cũng c&oacute; thể trải nghiệm sản phẩm trực tiếp tại cửa h&agrave;ng v&agrave; nhận sự hỗ trợ từ nh&acirc;n vi&ecirc;n.</p>\r\n\r\n<p><strong>&bull;&nbsp;Dịch vụ hậu m&atilde;i tốt:</strong>&nbsp;Thế Giới Di Động cung cấp dịch vụ hậu m&atilde;i chuy&ecirc;n nghiệp, bao gồm bảo h&agrave;nh, sửa chữa v&agrave; hỗ trợ kỹ thuật gi&uacute;p bạn y&ecirc;n t&acirc;m khi sử dụng sản phẩm.</p>\r\n\r\n<p><strong>&bull;&nbsp;Hệ thống trả g&oacute;p linh hoạt:</strong>&nbsp;Thế Giới Di Động cung cấp c&aacute;c lựa chọn trả g&oacute;p ph&ugrave; hợp với ng&acirc;n s&aacute;ch của bạn, gi&uacute;p bạn mua được sản phẩm mong muốn m&agrave; kh&ocirc;ng cần thanh to&aacute;n to&agrave;n bộ số tiền một l&uacute;c.</p>\r\n\r\n<p><strong>&bull;&nbsp;Uy t&iacute;n v&agrave; kinh nghiệm:</strong>&nbsp;Với hơn 15 năm hoạt động tr&ecirc;n thị trường, Thế Giới Di Động đ&atilde; x&acirc;y dựng được một uy t&iacute;n mạnh mẽ trong ng&agrave;nh c&ocirc;ng nghiệp điện thoại di động. Điều n&agrave;y gi&uacute;p bạn y&ecirc;n t&acirc;m khi mua sắm tại đ&acirc;y.</p>\r\n\r\n<p><strong>&bull;&nbsp;Dịch vụ mua sắm trực tuyến:</strong>&nbsp;Ngo&agrave;i c&aacute;c hệ thống cửa h&agrave;ng si&ecirc;u thị, Thế Giới Di Động c&ograve;n cung cấp dịch vụ mua sắm trực tuyến, gi&uacute;p bạn mua h&agrave;ng mọi l&uacute;c, mọi nơi v&agrave; dễ d&agrave;ng so s&aacute;nh gi&aacute; cả.</p>\r\n\r\n<h3>Bảng so s&aacute;nh th&ocirc;ng số kỹ thuật iPhone 15 Plus 128GB v&agrave; c&aacute;c sản phẩm kh&aacute;c thuộc iPhone 15 series:</h3>\r\n\r\n<table border=\"1\">\r\n	<tbody>\r\n		<tr>\r\n			<td>\r\n			<p><strong>Ti&ecirc;u ch&iacute;</strong></p>\r\n			</td>\r\n			<td>\r\n			<p><strong>iPhone 15 Plus 128GB</strong></p>\r\n			</td>\r\n			<td>\r\n			<p><a href=\"https://www.thegioididong.com/dtdd/iphone-15\" target=\"_blank\"><strong>iPhone 15 128GB</strong></a></p>\r\n			</td>\r\n			<td>\r\n			<p><a href=\"https://www.thegioididong.com/dtdd/iphone-15-pro\" target=\"_blank\"><strong>iPhone 15 Pro 128GB</strong></a></p>\r\n			</td>\r\n			<td>\r\n			<p><a href=\"https://www.thegioididong.com/dtdd/iphone-15-pro-max\" target=\"_blank\"><strong>iPhone 15 Pro Max 128GB</strong></a></p>\r\n			</td>\r\n		</tr>\r\n		<tr>\r\n			<td>\r\n			<p><strong>M&agrave;n h&igrave;nh</strong></p>\r\n			</td>\r\n			<td>\r\n			<p>&nbsp; &nbsp;&bull;&nbsp;6.7 inch</p>\r\n\r\n			<p>&nbsp; &nbsp;&bull;&nbsp;M&agrave;n h&igrave;nh Super Retina XDR</p>\r\n\r\n			<p>&nbsp; &nbsp;&bull;&nbsp;Độ ph&acirc;n giải 2796x1290 pixels với mật độ điểm ảnh 460 ppi</p>\r\n			</td>\r\n			<td>\r\n			<p>&nbsp; &nbsp;&bull;&nbsp;6.1 inch</p>\r\n\r\n			<p>&nbsp; &nbsp;&bull;&nbsp;M&agrave;n h&igrave;nh Super Retina XDR</p>\r\n\r\n			<p>&nbsp; &nbsp;&bull;&nbsp;Độ ph&acirc;n giải 2556x1179 pixels với mật độ điểm ảnh 460 ppi</p>\r\n			</td>\r\n			<td>\r\n			<p>&nbsp; &bull;&nbsp;6.1 inch</p>\r\n\r\n			<p>&nbsp; &bull;&nbsp;M&agrave;n h&igrave;nh Super Retina XDR</p>\r\n\r\n			<p>&nbsp; &bull;&nbsp;Độ ph&acirc;n giải 2556x1179 pixels với mật độ điểm ảnh 460 ppi</p>\r\n			</td>\r\n			<td>\r\n			<p>&nbsp; &nbsp;&bull;&nbsp;6.7 inch</p>\r\n\r\n			<p>&nbsp; &nbsp;&bull;&nbsp;M&agrave;n h&igrave;nh Super Retina XDR</p>\r\n\r\n			<p>&nbsp; &nbsp;&bull;&nbsp;Độ ph&acirc;n giải 2796x1290 pixels với mật độ điểm ảnh 460 ppi</p>\r\n			</td>\r\n		</tr>\r\n		<tr>\r\n			<td>\r\n			<p><strong>K&iacute;ch thước v&agrave; khối lượng</strong></p>\r\n			</td>\r\n			<td>\r\n			<p>&nbsp; &nbsp;&bull;&nbsp;160,9 x 77,8 x 7,80 mm (D&agrave;i x Rộng x&nbsp;D&agrave;y)</p>\r\n\r\n			<p>&nbsp; &nbsp;&bull;&nbsp;201 gram</p>\r\n			</td>\r\n			<td>\r\n			<p>&nbsp;&nbsp; &bull;&nbsp;147,6 x 71,6 x 7,80 mm (D&agrave;i x Rộng x&nbsp;D&agrave;y)</p>\r\n\r\n			<p>&nbsp; &nbsp;&bull;&nbsp;171 gram</p>\r\n			</td>\r\n			<td>\r\n			<p>&nbsp; &nbsp;&bull;&nbsp;146,6 x 70,6 x 8,25 mm (D&agrave;i x Rộng x&nbsp;D&agrave;y)</p>\r\n\r\n			<p>&nbsp; &nbsp;&bull;&nbsp;187 gram</p>\r\n			</td>\r\n			<td>\r\n			<p>&nbsp; &nbsp;&bull;&nbsp;159.9 x 76.7 x 8.25 mm (D&agrave;i x Rộng x&nbsp;D&agrave;y)</p>\r\n\r\n			<p>&nbsp; &nbsp;&bull;&nbsp;221 gram</p>\r\n			</td>\r\n		</tr>\r\n		<tr>\r\n			<td>\r\n			<p><strong>Khung viền</strong></p>\r\n			</td>\r\n			<td>\r\n			<p>Nh&ocirc;m với mặt sau bằng k&iacute;nh pha m&agrave;u</p>\r\n			</td>\r\n			<td>\r\n			<p>Nh&ocirc;m với mặt sau bằng k&iacute;nh pha m&agrave;u</p>\r\n			</td>\r\n			<td>\r\n			<p>Titan với mặt sau bằng k&iacute;nh nh&aacute;m</p>\r\n			</td>\r\n			<td>\r\n			<p>Titan với mặt sau bằng k&iacute;nh nh&aacute;m</p>\r\n			</td>\r\n		</tr>\r\n		<tr>\r\n			<td>\r\n			<p><strong>Chip</strong></p>\r\n			</td>\r\n			<td>\r\n			<p>Chip A16 Bionic</p>\r\n			</td>\r\n			<td>\r\n			<p>Chip A16 Bionic</p>\r\n			</td>\r\n			<td>\r\n			<p>Chip A17 Pro</p>\r\n			</td>\r\n			<td>\r\n			<p>Chip A17 Pro</p>\r\n			</td>\r\n		</tr>\r\n		<tr>\r\n			<td>\r\n			<p><strong>Camera</strong></p>\r\n			</td>\r\n			<td>\r\n			<p>&nbsp; &bull;&nbsp;Hệ thống camera k&eacute;p ti&ecirc;n tiến (Ch&iacute;nh 48MP v&agrave; Ultra Wide 12MP)</p>\r\n\r\n			<p>&nbsp; &bull;&nbsp;Camera trước TrueDepth</p>\r\n\r\n			<p>&nbsp;&bull;&nbsp;C&aacute;c lựa chọn thu ph&oacute;ng quang học&nbsp; 0,5x, 1x, 2x</p>\r\n			</td>\r\n			<td>\r\n			<p>&nbsp; &bull;&nbsp;Hệ thống camera k&eacute;p ti&ecirc;n tiến (Ch&iacute;nh 48MP v&agrave; Ultra Wide 12MP)</p>\r\n\r\n			<p>&nbsp; &bull;&nbsp;Camera trước TrueDepth</p>\r\n\r\n			<p>&nbsp; &bull;&nbsp;C&aacute;c lựa chọn thu ph&oacute;ng quang học 0,5x, 1x, 2x</p>\r\n			</td>\r\n			<td>\r\n			<p>&nbsp; &bull;&nbsp;Hệ thống camera chuy&ecirc;n nghiệp (Ch&iacute;nh 48MP, Ultra Wide 12MP v&agrave; Telephoto 12MP)</p>\r\n\r\n			<p>&nbsp; &bull;&nbsp;Camera trước TrueDepth</p>\r\n\r\n			<p>&nbsp; &bull;&nbsp;C&aacute;c lựa chọn thu ph&oacute;ng quang học 0,5x, 1x, 2x, 3x</p>\r\n			</td>\r\n			<td>\r\n			<p>&nbsp; &nbsp;&bull;&nbsp;Hệ thống camera chuy&ecirc;n nghiệp&nbsp;(Ch&iacute;nh 48MP, Ultra Wide 12MP v&agrave; Telephoto 12MP)</p>\r\n\r\n			<p>&nbsp; &bull;&nbsp;Camera trước TrueDepth</p>\r\n\r\n			<p>&nbsp; &bull;&nbsp;C&aacute;c lựa chọn thu ph&oacute;ng quang học 0,5x, 1x, 2x, 5x</p>\r\n			</td>\r\n		</tr>\r\n		<tr>\r\n			<td>\r\n			<p><strong>N&uacute;t t&aacute;c vụ</strong></p>\r\n			</td>\r\n			<td>\r\n			<p>N&uacute;t chuyển đổi Chu&ocirc;ng/Im Lặng</p>\r\n			</td>\r\n			<td>\r\n			<p>N&uacute;t chuyển đổi Chu&ocirc;ng/Im Lặng</p>\r\n			</td>\r\n			<td>\r\n			<p>N&uacute;t Action Button</p>\r\n			</td>\r\n			<td>\r\n			<p>N&uacute;t Action Button</p>\r\n			</td>\r\n		</tr>\r\n		<tr>\r\n			<td>\r\n			<p><strong>Thời lượng pin</strong></p>\r\n			</td>\r\n			<td>\r\n			<p>&nbsp; &nbsp;&bull;&nbsp;Thời gian xem video: 26 giờ</p>\r\n\r\n			<p>&nbsp; &bull;&nbsp;Thời gian xem video (trực tuyến): 20 giờ</p>\r\n\r\n			<p>&nbsp; &nbsp;&bull;&nbsp;Thời gian nghe nhạc: 100 giờ</p>\r\n			</td>\r\n			<td>\r\n			<p>&nbsp; &nbsp;&bull;&nbsp;Thời gian xem video: 20 giờ</p>\r\n\r\n			<p>&nbsp; &nbsp;&bull;&nbsp;Thời gian xem video (trực tuyến): 16 giờ</p>\r\n\r\n			<p>&nbsp; &nbsp;&bull;&nbsp;Thời gian nghe nhạc: 80 giờ</p>\r\n			</td>\r\n			<td>\r\n			<p>&nbsp; &nbsp;&bull;&nbsp;Thời gian xem video: 23 giờ</p>\r\n\r\n			<p>&nbsp; &nbsp;&bull;&nbsp;Thời gian xem video (trực tuyến): 20 giờ</p>\r\n\r\n			<p>&nbsp; &nbsp;&bull;&nbsp;Thời gian nghe nhạc: 75 giờ</p>\r\n			</td>\r\n			<td>\r\n			<p>&nbsp; &nbsp;&bull;&nbsp;Thời gian xem video l&ecirc;n đến 29 giờ</p>\r\n\r\n			<p>&nbsp; &nbsp;&bull;&nbsp;Thời gian xem video (trực tuyến) l&ecirc;n đến 25 giờ</p>\r\n\r\n			<p>&nbsp; &nbsp;&bull;&nbsp;Thời gian nghe nhạc l&ecirc;n đến 95 giờ</p>\r\n			</td>\r\n		</tr>\r\n		<tr>\r\n			<td>\r\n			<p><strong>Cảm biến</strong></p>\r\n			</td>\r\n			<td>\r\n			<p>Con quay hồi chuyển độ lệch tương phản cao</p>\r\n			</td>\r\n			<td>\r\n			<p>Con quay hồi chuyển độ lệch tương phản cao</p>\r\n			</td>\r\n			<td>\r\n			<p>&nbsp; &nbsp;&bull;&nbsp;LiDAR Scanner</p>\r\n\r\n			<p>&nbsp; &bull;&nbsp;Con quay hồi chuyển độ lệch tương&nbsp;phản cao</p>\r\n			</td>\r\n			<td>\r\n			<p>&nbsp; &nbsp;&bull;&nbsp;LiDAR Scanner</p>\r\n\r\n			<p>&nbsp; &bull;&nbsp;Con quay hồi chuyển độ lệch tương&nbsp;phản cao</p>\r\n			</td>\r\n		</tr>\r\n		<tr>\r\n			<td>\r\n			<p><strong>Cổng kết nối</strong></p>\r\n			</td>\r\n			<td>\r\n			<p>&nbsp; &nbsp;&bull;&nbsp;USB-C</p>\r\n\r\n			<p>&nbsp; &nbsp;&bull;&nbsp;Hỗ trợ USB 2</p>\r\n			</td>\r\n			<td>\r\n			<p>&nbsp; &nbsp;&bull;&nbsp;USB-C</p>\r\n\r\n			<p>&nbsp; &nbsp;&bull;&nbsp;Hỗ trợ USB 2</p>\r\n			</td>\r\n			<td>\r\n			<p>&nbsp; &nbsp;&bull;&nbsp;USB-C</p>\r\n\r\n			<p>&nbsp; &nbsp;&bull;&nbsp;Hỗ trợ USB 3 (l&ecirc;n đến 10Gb/s)</p>\r\n			</td>\r\n			<td>\r\n			<p>&nbsp; &nbsp;&bull;&nbsp;USB-C</p>\r\n\r\n			<p>&nbsp; &nbsp;&bull;&nbsp;Hỗ trợ USB 3 (l&ecirc;n đến 10Gb/s)</p>\r\n			</td>\r\n		</tr>\r\n	</tbody>\r\n</table>\r\n\r\n<h3>Bảng so s&aacute;nh th&ocirc;ng số&nbsp;phi&ecirc;n bản iPhone 15 Plus v&agrave; iPhone 14 Plus</h3>\r\n\r\n<p>Dưới đ&acirc;y sẽ l&agrave; bảng tổng hợp th&ocirc;ng số kỹ thuật giữa hai thế hệ điện thoại&nbsp;iPhone:</p>\r\n\r\n<table border=\"1\">\r\n	<tbody>\r\n		<tr>\r\n			<td>\r\n			<p><strong>Ti&ecirc;u ch&iacute;</strong></p>\r\n			</td>\r\n			<td>\r\n			<p><strong>iPhone 15 Plus 128GB</strong></p>\r\n			</td>\r\n			<td>\r\n			<p><a href=\"https://www.thegioididong.com/dtdd/iphone-14-plus\" target=\"_blank\"><strong>iPhone 14 Plus 128GB</strong></a></p>\r\n			</td>\r\n		</tr>\r\n		<tr>\r\n			<td>\r\n			<p><strong>M&agrave;n h&igrave;nh</strong></p>\r\n			</td>\r\n			<td>\r\n			<p>&nbsp; &nbsp;&bull;&nbsp;6.7 inch</p>\r\n\r\n			<p>&nbsp; &nbsp;&bull;&nbsp;M&agrave;n h&igrave;nh Super Retina XDR</p>\r\n\r\n			<p>&nbsp; &nbsp;&bull;&nbsp;Độ ph&acirc;n giải 2796x1290 pixel với mật độ điểm ảnh 460 ppi</p>\r\n			</td>\r\n			<td>\r\n			<p>&nbsp; &nbsp;&bull;&nbsp;6.7 inch</p>\r\n\r\n			<p>&nbsp; &nbsp;&bull;&nbsp;M&agrave;n h&igrave;nh Super Retina XDR</p>\r\n\r\n			<p>&nbsp; &nbsp;&bull;&nbsp;Độ ph&acirc;n giải 2778x1284 pixel với mật độ điểm ảnh 458 ppi</p>\r\n			</td>\r\n		</tr>\r\n		<tr>\r\n			<td>\r\n			<p><strong>K&iacute;ch thước v&agrave; khối lượng</strong></p>\r\n			</td>\r\n			<td>\r\n			<p>&nbsp; &nbsp;&bull;&nbsp;160,9 x 77,8 x 7,80 mm (D&agrave;i x Rộng x D&agrave;y)</p>\r\n\r\n			<p>&nbsp; &nbsp;&bull;&nbsp;201 gram</p>\r\n			</td>\r\n			<td>\r\n			<p>&nbsp; &nbsp;&bull;&nbsp;160,8 x 78,1 x 7,80 mm (D&agrave;i x Rộng x D&agrave;y)</p>\r\n\r\n			<p>&nbsp; &nbsp;&bull;&nbsp;203 gam</p>\r\n			</td>\r\n		</tr>\r\n		<tr>\r\n			<td>\r\n			<p><strong>Chip</strong></p>\r\n			</td>\r\n			<td>\r\n			<p>Chip A16 Bionic</p>\r\n			</td>\r\n			<td>\r\n			<p>Chip A15 Bionic</p>\r\n			</td>\r\n		</tr>\r\n		<tr>\r\n			<td>\r\n			<p><strong>Camera</strong></p>\r\n			</td>\r\n			<td>\r\n			<p>&nbsp; &nbsp;&bull;&nbsp;Hệ thống camera k&eacute;p ti&ecirc;n tiến (Ch&iacute;nh 48MP v&agrave; Ultra Wide 12MP)</p>\r\n\r\n			<p>&nbsp; &nbsp;&bull;&nbsp;Camera trước TrueDepth</p>\r\n\r\n			<p>&nbsp; &nbsp;&bull;&nbsp;C&aacute;c lựa chọn thu ph&oacute;ng quang học 0,5x, 1x, 2x</p>\r\n			</td>\r\n			<td>\r\n			<p>&nbsp; &nbsp;&bull;&nbsp;Hệ thống camera k&eacute;p 12MP (Ch&iacute;nh v&agrave; Ultra Wide)</p>\r\n\r\n			<p>&nbsp; &nbsp;&bull;&nbsp;Camera trước TrueDepth</p>\r\n\r\n			<p>&nbsp; &nbsp;&bull;&nbsp;C&aacute;c lựa chọn thu ph&oacute;ng quang học học 0,5x, 1x</p>\r\n			</td>\r\n		</tr>\r\n		<tr>\r\n			<td>\r\n			<p><strong>Thời lượng pin</strong></p>\r\n			</td>\r\n			<td>\r\n			<p>&nbsp; &nbsp;&bull;&nbsp;Thời gian xem video: 26 giờ</p>\r\n\r\n			<p>&nbsp; &nbsp;&bull;&nbsp;Thời gian xem video (trực tuyến): 20 giờ</p>\r\n\r\n			<p>&nbsp; &nbsp;&bull;&nbsp;Thời gian nghe nhạc: 100 giờ</p>\r\n			</td>\r\n			<td>\r\n			<p>&nbsp; &nbsp;&bull;&nbsp;Thời gian xem video: 26 giờ</p>\r\n\r\n			<p>&nbsp; &nbsp;&bull;&nbsp;Thời gian xem video (trực tuyến): 20 giờ</p>\r\n\r\n			<p>&nbsp; &nbsp;&bull;&nbsp;Thời gian nghe nhạc: 100 giờ</p>\r\n			</td>\r\n		</tr>\r\n		<tr>\r\n			<td>\r\n			<p><strong>Cổng kết nối</strong></p>\r\n			</td>\r\n			<td>\r\n			<p>&nbsp; &nbsp;&bull;&nbsp;USB-C</p>\r\n\r\n			<p>&nbsp; &nbsp;&bull;&nbsp;Hỗ trợ USB 2</p>\r\n			</td>\r\n			<td>\r\n			<p>&nbsp; &nbsp;&bull;&nbsp;<a href=\"https://www.thegioididong.com/hoi-dap/cong-lightning-la-gi-868282\" target=\"_blank\">Lightning</a></p>\r\n\r\n			<p>&nbsp; &nbsp;&bull;&nbsp;Hỗ trợ USB 2</p>\r\n			</td>\r\n		</tr>\r\n	</tbody>\r\n</table>\r\n\r\n<h3><a href=\"https://www.thegioididong.com/dtdd/iphone-15-plus\" target=\"_blank\">iPhone 15 Plus</a>&nbsp;thu h&uacute;t mọi &aacute;nh nh&igrave;n ngay khi ra mắt nhờ c&oacute; vẻ ngo&agrave;i cao cấp, trang bị bộ xử l&yacute; mạnh mẽ, cụm camera k&eacute;p đặc trưng cho khả năng chụp ảnh cực n&eacute;t c&ugrave;ng m&agrave;n h&igrave;nh chất lượng cao, để bạn tận hưởng trải nghiệm sử dụng tuyệt vời.&nbsp;</h3>\r\n\r\n<h3>Diện mạo vu&ocirc;ng vắn sang trọng</h3>\r\n\r\n<p>Năm nay, Apple vẫn sẽ tiếp tục sử dụng kiểu thiết kế vu&ocirc;ng vắn d&agrave;nh cho thế hệ iPhone trong năm 2023, gi&uacute;p tạo cảm gi&aacute;c cứng c&aacute;p v&agrave; độc đ&aacute;o. M&agrave;n h&igrave;nh của chiếc điện thoại n&agrave;y cũng được thiết kế phẳng, mang đến một c&aacute;i nh&igrave;n th&uacute; vị v&agrave; hiện đại hơn bao giờ hết. Thiết kế n&agrave;y kh&ocirc;ng chỉ mang đến vẻ đẹp độc đ&aacute;o, m&agrave; c&ograve;n tối ưu h&oacute;a trải nghiệm người d&ugrave;ng khi cầm nắm sản phẩm.</p>\r\n\r\n<p>iPhone 15 Plus tiếp tục thể hiện sự cố gắng của Apple trong việc s&aacute;ng tạo v&agrave; sử dụng chất liệu cao cấp. Chiếc&nbsp;<a href=\"https://www.thegioididong.com/dtdd-apple-iphone\" target=\"_blank\">điện thoại iPhone</a>&nbsp;n&agrave;y c&oacute; khung nh&ocirc;m chắc chắn, tạo sự độc đ&aacute;o v&agrave; đẳng cấp.</p>\r\n\r\n<p><a href=\"https://cdn.tgdd.vn/Products/Images/42/303891/iphone-15-plus-300923-115604.jpg\" onclick=\"return false;\"><img alt=\"Thiết kế từ chất liệu cao cấp - iPhone 15 Plus\" src=\"https://cdn.tgdd.vn/Products/Images/42/303891/iphone-15-plus-300923-115604.jpg\" /></a></p>', 25, 25900000, 22990000, 1, 0, '<ul>\r\n	<li>\r\n	<p>Hư g&igrave; đổi nấy&nbsp;<strong>12 th&aacute;ng</strong>&nbsp;tại 3158 si&ecirc;u thị to&agrave;n quốc (miễn ph&iacute; th&aacute;ng đầu)&nbsp;<a href=\"javascript:void(0)\" onclick=\"showPopupPolicy()\">Xem chi tiết</a></p>\r\n	</li>\r\n	<li>\r\n	<p>Bảo h&agrave;nh&nbsp;<strong>ch&iacute;nh h&atilde;ng điện thoại 1 năm</strong>&nbsp;tại c&aacute;c trung t&acirc;m bảo h&agrave;nh h&atilde;ng&nbsp;<a href=\"https://www.thegioididong.com/bao-hanh/apple\" target=\"_blank\">Xem địa chỉ bảo h&agrave;nh</a></p>\r\n	</li>\r\n	<li>\r\n	<p>Bộ sản phẩm gồm: Hộp, S&aacute;ch hướng dẫn, C&acirc;y lấy sim, C&aacute;p Type C</p>\r\n	</li>\r\n</ul>', '/storage/photos/iphone-15-plus-1-4.jpg', '2024-05-02 09:10:37', '2024-05-18 09:11:42', '5', 1, 0, 0),
(29, 'Tủ lạnh LG Inverter 470 lít Multi Door GR-B50BL', 'tu-lanh-lg-inverter-470-lit-multi-door-gr-b50bl', '<p><em><strong>ủ lạnh LG Inverter 470 l&iacute;t GR-B50BL l&agrave; sự lựa chọn ho&agrave;n hảo cho những gia đ&igrave;nh đ&ocirc;ng th&agrave;nh vi&ecirc;n.&nbsp;Với dung t&iacute;ch sử dụng rộng r&atilde;i 470 l&iacute;t</strong></em>,&nbsp;<em><strong>mẫu tủ lạnh cỡ lớn French Door được thiết kế nhiều&nbsp;ngăn - khay - kệ - hộc b&ecirc;n trong. Mặc d&ugrave; c&oacute; dung t&iacute;ch lớn nhưng tủ tiết kiệm điện nhờ sở hữu c&ocirc;ng nghệ Smart Inverter v&agrave; h&agrave;ng loạt c&ocirc;ng nghệ ti&ecirc;n tiến kh&aacute;c được trang bị cho chiếc tủ lạnh n&agrave;y.</strong></em></p>\r\n\r\n<h3><a href=\"https://cdn.tgdd.vn/Products/Images/1943/319618/tu-lanh-lg-inverter-470-lit-multi-door-gr-b50bl-051223-013119.jpg\" onclick=\"return false;\"><img alt=\"tổng quan - Tủ lạnh LG Inverter 470 lít Multi Door GR-B50BL\" src=\"https://cdn.tgdd.vn/Products/Images/1943/319618/tu-lanh-lg-inverter-470-lit-multi-door-gr-b50bl-051223-013119.jpg\" /></a></h3>\r\n\r\n<h3><em>*H&igrave;nh ảnh chỉ mang t&iacute;nh chất minh họa&nbsp;</em></h3>\r\n\r\n<h3>Tổng quan thiết kế</h3>\r\n\r\n<p>- Đ&acirc;y l&agrave; mẫu tủ lạnh&nbsp;<a href=\"https://www.dienmayxanh.com/tu-lanh-nhieu-cua\" target=\"_blank\">Multi Door</a>&nbsp;gi&uacute;p bạn lưu trữ nhiều loại thực phẩm v&agrave; đồ uống một c&aacute;ch tiện lợi.</p>\r\n\r\n<p>- C&aacute;nh cửa được l&agrave;m từ vật liệu&nbsp;<strong>PCM</strong>, gi&uacute;p duy tr&igrave; nhiệt độ tủ lạnh ổn định v&agrave; tiết kiệm năng lượng. Phần tay cầm được t&iacute;ch hợp &acirc;m tủ, tạo n&ecirc;n vẻ ngo&agrave;i tinh tế, c&ugrave;ng t&ocirc;ng m&agrave;u đen sang trọng v&agrave; kiểu d&aacute;ng hiện đại, ph&ugrave; hợp với mọi kh&ocirc;ng gian nội thất.</p>\r\n\r\n<p>- Dung t&iacute;ch&nbsp;<a href=\"https://www.dienmayxanh.com/tu-lanh-tu-501-650-lit\" target=\"_blank\">527 l&iacute;t&nbsp;</a>c&oacute; thể phục vụ cho nhu cầu của những gia đ&igrave;nh từ 4 - 5 th&agrave;nh vi&ecirc;n.</p>\r\n\r\n<p><a href=\"https://cdn.tgdd.vn/Products/Images/1943/319618/tu-lanh-lg-inverter-470-lit-multi-door-gr-b50bl-230124-093312.jpg\" onclick=\"return false;\"><img alt=\"dung tích - Tủ lạnh LG Inverter 470 lít Multi Door GR-B50BL\" src=\"https://cdn.tgdd.vn/Products/Images/1943/319618/tu-lanh-lg-inverter-470-lit-multi-door-gr-b50bl-230124-093312.jpg\" /></a></p>\r\n\r\n<h3>Ngăn lạnh</h3>\r\n\r\n<p>- Dung t&iacute;ch:&nbsp;<strong>301 l&iacute;t.</strong></p>\r\n\r\n<p>- Ph&iacute;a trong tủ được trang bị c&aacute;c khay đựng v&agrave; ngăn kệ gi&uacute;p lưu trữ được nhiều thực phẩm hoặc th&iacute;ch hợp với gia đ&igrave;nh đi chợ 1 lần cho v&agrave;i ng&agrave;y sử dụng.&nbsp;</p>\r\n\r\n<h3>Ngăn đ&aacute;</h3>\r\n\r\n<p>- Dung t&iacute;ch:&nbsp;<strong>169 l&iacute;t.</strong></p>\r\n\r\n<p>- Thiết kế c&oacute; hộc chứa ri&ecirc;ng biệt gi&uacute;p lưu trữ thực phẩm đ&ocirc;ng lạnh được hiệu quả, ngăn lẫn m&ugrave;i thực phẩm.&nbsp;</p>\r\n\r\n<h3>C&ocirc;ng nghệ tiết kiệm điện</h3>\r\n\r\n<p>-&nbsp;<strong>C&ocirc;ng nghệ Smart Inverter</strong>&nbsp;tiết kiệm điện năng hiệu quả, giảm ti&ecirc;u hao điện năng, đảm bảo tủ lạnh vận h&agrave;nh &ecirc;m &aacute;i, ổn định.<a href=\"https://cdn.tgdd.vn/Products/Images/1943/319618/tu-lanh-lg-inverter-470-lit-multi-door-gr-b50bl-051223-013259.jpg\" onclick=\"return false;\"><img alt=\"tiết kiệm điện - Tủ lạnh LG Inverter 470 lít Multi Door GR-B50BL\" src=\"https://cdn.tgdd.vn/Products/Images/1943/319618/tu-lanh-lg-inverter-470-lit-multi-door-gr-b50bl-051223-013259.jpg\" /></a>&nbsp;</p>\r\n\r\n<p><em>*H&igrave;nh ảnh chỉ mang t&iacute;nh chất minh họa</em></p>\r\n\r\n<h3>C&ocirc;ng nghệ l&agrave;m lạnh&nbsp;</h3>\r\n\r\n<p>-&nbsp;<strong>Hệ thống l&agrave;m lạnh đa chiều Multi-Air Flow,</strong>&nbsp;luồng kh&iacute; lạnh sẽ được thổi ra từ nhiều cửa tho&aacute;t hơi lạnh hơn, gi&uacute;p cho kh&iacute; lạnh ph&acirc;n bố, lan tỏa đều ở tất cả c&aacute;c ngăn b&ecirc;n trong tủ lạnh gi&uacute;p thực phẩm giữ được&nbsp;sự tươi ngon.</p>\r\n\r\n<p><a href=\"https://cdn.tgdd.vn/Products/Images/1943/319618/tu-lanh-lg-inverter-470-lit-multi-door-gr-b50bl-050424-045811.jpg\" onclick=\"return false;\"><img alt=\"Công nghệ làm lạnh - Tủ lạnh LG Inverter 470 lít Multi Door GR-B50BL\" src=\"https://cdn.tgdd.vn/Products/Images/1943/319618/tu-lanh-lg-inverter-470-lit-multi-door-gr-b50bl-050424-045811.jpg\" /></a></p>\r\n\r\n<p><em>*H&igrave;nh ảnh chỉ mang t&iacute;nh chất minh họa</em></p>\r\n\r\n<h3>Tiện &iacute;ch</h3>\r\n\r\n<p>- Bảng điều khiển cảm ứng b&ecirc;n ngo&agrave;i cửa tủ: chỉ với một n&uacute;t chạm c&oacute; thể điều chỉnh được nhiều chế độ kh&aacute;c nhau m&agrave; kh&ocirc;ng cần mở cửa tủ ra, tr&aacute;nh thất tho&aacute;t hơi lạnh.<a href=\"https://cdn.tgdd.vn/Products/Images/1943/319618/tu-lanh-lg-inverter-470-lit-multi-door-gr-b50bl-051223-025757.jpg\" onclick=\"return false;\"><img alt=\"bảng điều khiển - tu-lanh-lg-inverter-470-lit-multi-door-gr-b50bl\" src=\"https://cdn.tgdd.vn/Products/Images/1943/319618/tu-lanh-lg-inverter-470-lit-multi-door-gr-b50bl-051223-025757.jpg\" /></a></p>\r\n\r\n<p><em>*H&igrave;nh ảnh chỉ mang t&iacute;nh chất minh họa&nbsp;</em></p>\r\n\r\n<p><em>Nh&igrave;n chung,&nbsp;<a href=\"https://www.dienmayxanh.com/tu-lanh/tu-lanh-lg-inverter-470-lit-multi-door-gr-b50bl\" target=\"_blank\">tủ lạnh LG Inverter 470 l&iacute;t GR-B50BL</a>&nbsp;sở hữu thiết hiện đại v&agrave; sang trọng, phục vụ tốt cho nhu cầu của gia đ&igrave;nh c&oacute; từ 4 - 5 th&agrave;nh vi&ecirc;n với dung t&iacute;ch lớn l&ecirc;n tới 470 l&iacute;t. Ngo&agrave;i ra, với c&ocirc;ng nghệ Inverter, tủ sẽ giảm thiểu được việc ti&ecirc;u hao điện năng khi sử dụng.&nbsp;</em></p>', 30, 24900000, 19000000, 1, 1, '<ul>\r\n	<li>\r\n	<p><strong>Lắp đặt miễn ph&iacute;</strong>&nbsp;l&uacute;c giao h&agrave;ng</p>\r\n	</li>\r\n	<li>\r\n	<p>Hư g&igrave; đổi nấy&nbsp;<strong>12 th&aacute;ng</strong>&nbsp;tận nh&agrave; (miễn ph&iacute; th&aacute;ng đầu)&nbsp;<a href=\"javascript:void(0)\" onclick=\"showPopupPolicy()\">Xem chi tiết</a></p>\r\n	</li>\r\n	<li>\r\n	<p>Bảo h&agrave;nh&nbsp;<strong>ch&iacute;nh h&atilde;ng tủ lạnh 2 năm</strong>, c&oacute; người đến tận nh&agrave;</p>\r\n	</li>\r\n	<li>\r\n	<p>Th&ugrave;ng tủ lạnh c&oacute;: S&aacute;ch hướng dẫn</p>\r\n	</li>\r\n</ul>', '/storage/photos/tu-lanh-lg-inverter-470-lit-multi-door-gr-b50bl-3-2.jpg', '2024-05-02 09:13:25', '2024-05-17 18:33:47', '1', 1, 2, 7),
(30, 'Tủ lạnh Casper Inverter 458 lít Side By Side RS-460PG', 'tu-lanh-casper-inverter-458-lit-side-by-side-rs-460pg', '<p><strong><em><a href=\"https://www.dienmayxanh.com/tu-lanh/tu-lanh-casper-inverter-458-lit-side-by-side-rs-460pg\" target=\"_blank\">Tủ lạnh Casper Inverter 458 l&iacute;t Side By Side RS-460PG</a>&nbsp;mang thiết kế&nbsp;Side by Side sang trọng, hỗ trợ c&ocirc;ng nghệ l&agrave;m lạnh đa chiều, l&agrave;m lạnh trực tiếp cho hiệu quả giữ tươi thực phẩm cao, d&ugrave;ng tiết kiệm điện với c&ocirc;ng nghệ&nbsp;Advanced Inverter.</em></strong></p>\r\n\r\n<h3>Tổng quan thiết kế</h3>\r\n\r\n<p>- Kiểu d&aacute;ng:&nbsp;l&agrave; mẫu&nbsp;<a href=\"https://www.dienmayxanh.com/tu-lanh-side-by-side\" target=\"_blank\">tủ lạnh Side by Side</a>&nbsp;với 2 c&aacute;nh l&agrave;m từ&nbsp;<strong>th&eacute;p kh&ocirc;ng gỉ</strong>&nbsp;m&agrave;u đen - x&aacute;m sang trọng, chất liệu kh&ocirc;ng b&aacute;m dấu v&acirc;n tay, dễ d&agrave;ng vệ sinh.</p>\r\n\r\n<p>- Vỏ ngo&agrave;i bằng kim loại phủ sơn tĩnh điện c&oacute; độ bền cao, chống ăn m&ograve;n, bảo vệ tốt c&aacute;c linh kiện b&ecirc;n trong. L&ograve;ng tủ l&agrave;m bằng&nbsp;<strong>nh&ocirc;m kh&aacute;ng khuẩn</strong>&nbsp;gi&uacute;p kh&ocirc;ng gian tủ sạch sẽ, bảo quản thực phẩm an to&agrave;n hơn.&nbsp;</p>\r\n\r\n<p>- Dung t&iacute;ch sử dụng&nbsp;<a href=\"https://dienmayxanh.com/tu-lanh-tu-401-500-lit\" target=\"_blank\"><strong>458 l&iacute;t</strong></a><strong>&nbsp;</strong>cung cấp nhiều chỗ để đặt c&aacute;c thực phẩm cần giữ lạnh dễ d&agrave;ng, ph&ugrave; hợp d&ugrave;ng trong hộ gia đ&igrave;nh 4 - 5 người.</p>\r\n\r\n<p><a href=\"https://cdn.tgdd.vn/Products/Images/1943/316058/tu-lanh-casper-inverter-458-lit-side-by-side-rs-460pg-17.jpg\" onclick=\"return false;\"><img alt=\"tổng quan - Tủ lạnh Aqua Inverter 469 lít Multi Door AQR-M536XA(GB)\" src=\"https://cdn.tgdd.vn/Products/Images/1943/316058/tu-lanh-casper-inverter-458-lit-side-by-side-rs-460pg-17.jpg\" /></a></p>\r\n\r\n<p><em>*H&igrave;nh ảnh chỉ mang t&iacute;nh chất minh họa</em></p>\r\n\r\n<h3>Ngăn đ&aacute;</h3>\r\n\r\n<p>-&nbsp;Dung t&iacute;ch&nbsp;<strong>173 l&iacute;t</strong>.</p>\r\n\r\n<p>- Mẫu&nbsp;<a href=\"https://www.dienmayxanh.com/tu-lanh\" target=\"_blank\">tủ lạnh</a>&nbsp;n&agrave;y c&oacute; ngăn đ&aacute; nằm ở mặt b&ecirc;n tr&aacute;i của tủ, chứa nhiều khay, ngăn v&agrave; hộc đựng để người d&ugrave;ng ph&acirc;n chia thực phẩm gọn g&agrave;ng theo th&oacute;i quen của m&igrave;nh.&nbsp;</p>\r\n\r\n<h3>Ngăn lạnh</h3>\r\n\r\n<p>-&nbsp;Dung t&iacute;ch&nbsp;<strong>285 l&iacute;t</strong>.</p>\r\n\r\n<p>- Vị tr&iacute; ngăn lạnh l&agrave; ở b&ecirc;n phải của thiết bị, cũng c&oacute; thiết kế tương tự như ngăn đ&aacute;. C&aacute;c khay kệ c&oacute; thể thay đổi vị tr&iacute; để bạn dễ d&agrave;ng sắp xếp c&aacute;c m&oacute;n đồ c&oacute; k&iacute;ch cỡ kh&aacute;c nhau thuận tiện.</p>\r\n\r\n<p><a href=\"https://cdn.tgdd.vn/Products/Images/1943/316058/tu-lanh-casper-inverter-458-lit-side-by-side-rs-460pg-201023-101850.jpg\" onclick=\"return false;\"><img alt=\"Tủ lạnh Casper Inverter 458 lít Side By Side RS-460PG - Dung tích sử dụng\" src=\"https://cdn.tgdd.vn/Products/Images/1943/316058/tu-lanh-casper-inverter-458-lit-side-by-side-rs-460pg-201023-101850.jpg\" /></a></p>\r\n\r\n<p><em>*H&igrave;nh ảnh chỉ mang t&iacute;nh chất minh họa</em></p>\r\n\r\n<h3>C&ocirc;ng nghệ tiết kiệm điện</h3>\r\n\r\n<p>- T&iacute;ch hợp&nbsp;<strong>c&ocirc;ng nghệ Advanced Inverter</strong>&nbsp;t&acirc;n tiến với m&aacute;y n&eacute;n, động cơ quạt gi&oacute; vận h&agrave;nh mượt m&agrave;, giảm tiếng ồn, đảm bảo khả năng l&agrave;m lạnh v&agrave; tiết kiệm điện hiệu quả cho hộ gia đ&igrave;nh.&nbsp;</p>\r\n\r\n<p>- Nh&atilde;n năng lượng&nbsp;<strong>4&nbsp;sao</strong>,&nbsp;hiệu suất sử dụng điện khoảng<strong>&nbsp;~ 1.3 kW/ng&agrave;y</strong>.&nbsp;</p>\r\n\r\n<p><a href=\"https://cdn.tgdd.vn/Products/Images/1943/316058/tu-lanh-casper-inverter-458-lit-side-by-side-rs-460pg-151123-092553.jpg\" onclick=\"return false;\"><img alt=\"Công nghệ tiết kiệm điện Tủ lạnh Aqua Inverter 469 lít Multi Door AQR-M536XA(GB)\" src=\"https://cdn.tgdd.vn/Products/Images/1943/316058/tu-lanh-casper-inverter-458-lit-side-by-side-rs-460pg-151123-092553.jpg\" /></a></p>\r\n\r\n<h3>C&ocirc;ng nghệ l&agrave;m lạnh&nbsp;</h3>\r\n\r\n<p>-&nbsp;<a href=\"https://www.dienmayxanh.com/kinh-nghiem-hay/he-thong-lam-lanh-da-chieu-tren-tu-lanh-la-gi-796059\" target=\"_blank\">L&agrave;m lạnh đa chiều</a>: ở hệ thống l&agrave;m lạnh n&agrave;y, kh&iacute; lạnh được thổi ra từ c&aacute;c v&aacute;ch ngăn tủ ph&acirc;n bổ hơi lạnh đều, gi&uacute;p cho thực phẩm đặt trong tủ được lưu trữ với độ lạnh ổn định.&nbsp;</p>\r\n\r\n<p>-&nbsp;<strong>L&agrave;m lạnh trực tiếp</strong>: quạt đối lưu gi&oacute; sẽ đưa kh&iacute; lạnh đi khắp ngăn tủ gi&uacute;p thực phẩm được giữ lạnh nhanh ch&oacute;ng, bảo quản tươi ngon hơn.&nbsp;</p>\r\n\r\n<p><a href=\"https://cdn.tgdd.vn/Products/Images/1943/316058/tu-lanh-casper-inverter-458-lit-side-by-side-rs-460pg-201023-102025.jpg\" onclick=\"return false;\"><img alt=\"Tủ lạnh Casper Inverter 458 lít Side By Side RS-460PG - Làm lạnh đa chiều\" src=\"https://cdn.tgdd.vn/Products/Images/1943/316058/tu-lanh-casper-inverter-458-lit-side-by-side-rs-460pg-201023-102025.jpg\" /></a></p>\r\n\r\n<p><em>*H&igrave;nh ảnh chỉ mang t&iacute;nh chất minh họa</em></p>\r\n\r\n<h3>Tiện &iacute;ch</h3>\r\n\r\n<p>-&nbsp;<strong>Bảng điều khiển cảm ứng b&ecirc;n ngo&agrave;i cửa tủ</strong>: d&ograve;ng&nbsp;<a href=\"https://www.dienmayxanh.com/tu-lanh-casper\" target=\"_blank\">tủ lạnh Casper</a>&nbsp;n&agrave;y trang bị bảng điều khiển cảm ứng nhạy b&eacute;n thiết kế ở mặt ngo&agrave;i của c&aacute;nh cửa cho người d&ugrave;ng theo d&otilde;i v&agrave; t&ugrave;y chọn chức năng ch&iacute;nh x&aacute;c, kh&ocirc;ng cần mở cửa n&ecirc;n gi&uacute;p tr&aacute;nh l&atilde;ng ph&iacute; điện năng tối đa.&nbsp;</p>\r\n\r\n<p><a href=\"https://cdn.tgdd.vn/Products/Images/1943/316058/tu-lanh-casper-inverter-458-lit-side-by-side-rs-460pg-151123-092632.jpg\" onclick=\"return false;\"><img alt=\"bảng điều khiển - Tủ lạnh Aqua Inverter 469 lít Multi Door AQR-M536XA(GB)\" src=\"https://cdn.tgdd.vn/Products/Images/1943/316058/tu-lanh-casper-inverter-458-lit-side-by-side-rs-460pg-151123-092632.jpg\" /></a></p>\r\n\r\n<p>-&nbsp;<strong>Đ&egrave;n LED chiếu s&aacute;ng</strong>: &aacute;nh s&aacute;ng từ đ&egrave;n LED cho bạn nh&igrave;n nhanh c&aacute;c m&oacute;n đồ c&oacute; trong tủ, lấy đ&uacute;ng thực phẩm cần d&ugrave;ng m&agrave; kh&ocirc;ng tốn nhiều thời gian.&nbsp;</p>\r\n\r\n<p><em>Tủ lạnh Casper Inverter 458 l&iacute;t Side By Side RS-460PG mang diện mạo thời thượng, chất lượng bền tốt, l&agrave;m lạnh nhanh ch&oacute;ng, d&ugrave;ng tiết kiệm điện năng, điều khiển cảm ứng hiện đại, thao t&aacute;c linh hoạt, lựa chọn d&agrave;nh cho gia đ&igrave;nh c&oacute; 4 đến 5 người với dung t&iacute;ch sử dụng lớn&nbsp;458 l&iacute;t.</em></p>', 30, 13900000, 10000000, 1, 1, '<ul>\r\n	<li>\r\n	<p><strong>Lắp đặt miễn ph&iacute;</strong>&nbsp;l&uacute;c giao h&agrave;ng</p>\r\n	</li>\r\n	<li>\r\n	<p>Hư g&igrave; đổi nấy&nbsp;<strong>12 th&aacute;ng</strong>&nbsp;tận nh&agrave; (miễn ph&iacute; th&aacute;ng đầu)&nbsp;<a href=\"javascript:void(0)\" onclick=\"showPopupPolicy()\">Xem chi tiết</a></p>\r\n	</li>\r\n	<li>\r\n	<p>Bảo h&agrave;nh&nbsp;<strong>ch&iacute;nh h&atilde;ng tủ lạnh 2 năm</strong>, c&oacute; người đến tận nh&agrave;</p>\r\n	</li>\r\n	<li>\r\n	<p>Bảo h&agrave;nh m&aacute;y n&eacute;n 12 năm</p>\r\n	</li>\r\n</ul>', '/storage/photos/tu-lanh-casper-inverter-458-lit-side-by-side-rs-460pg-1-3.jpg', '2024-05-02 09:16:16', '2024-05-13 08:20:44', '0', 11, 0, 0);
INSERT INTO `products` (`id`, `pro_name`, `pro_slug`, `pro_content`, `pro_category_id`, `pro_price`, `pro_sale`, `pro_active`, `pro_hot`, `pro_description`, `pro_image`, `created_at`, `updated_at`, `quantity`, `pro_pay`, `pro_total`, `pro_total_number`) VALUES
(31, 'Máy lạnh Casper Inverter 1 HP TC-09IS35', 'may-lanh-casper-inverter-1-hp-tc-09is35', '<p><strong>Lưu &yacute;:</strong>&nbsp;C&aacute;c sản phẩm được sản xuất từ 12/2023 c&oacute; sự thay đổi như sau:<br />\r\n- Số sao năng lượng: 4.31(5 sao) =&gt;&nbsp;4.45 (5 sao).</p>\r\n\r\n<p>- Khối lượng d&agrave;n lạnh: 6.5 kg =&gt; 7 kg.</p>\r\n\r\n<p>- Khối lượng d&agrave;n n&oacute;ng: 17.5 kg =&gt; 16 kg.</p>\r\n\r\n<p>- Sản phẩm được sản xuất từ 12/2023 trở đi sẽ kh&ocirc;ng thể gh&eacute;p cặp được với sản phẩm c&ugrave;ng t&ecirc;n model sản xuất từ th&aacute;ng 11/2023 trở về trước.</p>\r\n\r\n<p><em><strong>Sản phẩm c&oacute; 2 phi&ecirc;n bản, Điện m&aacute;y XANH sẽ giao h&agrave;ng ngẫu nhi&ecirc;n.</strong></em></p>\r\n\r\n<p><strong><em><a href=\"https://www.dienmayxanh.com/may-lanh/casper-tc-09is35\" target=\"_blank\">M&aacute;y lạnh Casper Inverter 1 HP TC-09IS35</a>&nbsp;cho khả năng l&agrave;m m&aacute;t hiệu quả với chế độ l&agrave;m lạnh nhanh Turbo, tự động điều chỉnh nhiệt độ với cảm biến nhiệt độ iFeel, sử dụng tiết kiệm điện với c&ocirc;ng nghệ&nbsp;I-saving, tăng tuổi thọ thiết bị với chức năng tự l&agrave;m sạch iClean.</em></strong></p>\r\n\r\n<h3>Tổng quan thiết kế</h3>\r\n\r\n<p><strong>D&agrave;n lạnh</strong></p>\r\n\r\n<p>-&nbsp;Casper TC-09IS35 thiết kế bo cạnh viền, t&ocirc;ng m&agrave;u trắng thanh lịch cho tổng thể thiết kế sang trọng, tinh tế, trang tr&iacute; h&agrave;i h&ograve;a với c&aacute;c m&oacute;n đồ nội thất kh&aacute;c trong gian ph&ograve;ng của bạn.&nbsp;</p>\r\n\r\n<p><strong>D&agrave;n n&oacute;ng</strong></p>\r\n\r\n<p>- Thiết kế h&igrave;nh khối đơn giản, chất liệu vỏ ngo&agrave;i c&oacute; độ bền chắc cao, giữ cho c&aacute;c linh kiện b&ecirc;n trong an to&agrave;n trước c&aacute;c điều kiện thời tiết khắc nghiệt, duy tr&igrave; hệ thống hoạt động&nbsp;hiệu quả trong thời gian d&agrave;i.&nbsp;</p>\r\n\r\n<p>-&nbsp;Ống dẫn gas l&agrave;m từ đồng mạ v&agrave;ng, d&agrave;n tản nhiệt bằng chất liệu nh&ocirc;m nhẹ bền, dễ d&agrave;ng lắp đặt. Ngo&agrave;i ra c&ograve;n mang lại&nbsp;hiệu quả chống ăn m&ograve;n tốt, gia tăng độ bền v&agrave; đảm bảo hoạt động thiết bị tối ưu.&nbsp;</p>\r\n\r\n<p><a href=\"https://cdn.tgdd.vn/Products/Images/2002/302745/casper-tc-09is35-280223-125132.jpg\" onclick=\"return false;\"><img alt=\"Máy lạnh Casper Inverter 1 HP TC-09IS35 - Thiết kế\" src=\"https://cdn.tgdd.vn/Products/Images/2002/302745/casper-tc-09is35-280223-125132.jpg\" /></a></p>\r\n\r\n<p><em>*H&igrave;nh ảnh chỉ mang t&iacute;nh chất minh họa</em></p>\r\n\r\n<h3>C&ocirc;ng nghệ l&agrave;m lạnh</h3>\r\n\r\n<p>- C&ocirc;ng suất&nbsp;<strong>1 HP</strong>&nbsp;th&iacute;ch hợp d&ugrave;ng cho phạm vi l&agrave;m lạnh với diện t&iacute;ch dưới 15m&sup2;.</p>\r\n\r\n<p>-&nbsp;Chức năng<strong>&nbsp;Turbo&nbsp;</strong>khi khởi động,&nbsp;<a href=\"https://www.dienmayxanh.com/may-lanh-casper\" target=\"_blank\">m&aacute;y lạnh Casper</a>&nbsp;sẽ vận h&agrave;nh ở mức c&ocirc;ng suất lớn để nhanh ch&oacute;ng l&agrave;m lạnh kh&ocirc;ng gian ph&ograve;ng đến mức nhiệt c&agrave;i đặt trong thời gian chỉ tầm 20 đến 30 ph&uacute;t.</p>\r\n\r\n<p><a href=\"https://cdn.tgdd.vn/Products/Images/2002/302745/casper-tc-09is35-280223-125205.jpg\" onclick=\"return false;\"><img alt=\"Máy lạnh Casper Inverter 1 HP TC-09IS35 - Công nghệ làm lạnh\" src=\"https://cdn.tgdd.vn/Products/Images/2002/302745/casper-tc-09is35-280223-125205.jpg\" /></a></p>\r\n\r\n<p><em>*H&igrave;nh ảnh chỉ mang t&iacute;nh chất minh họa</em></p>\r\n\r\n<h3>Cơ chế thổi gi&oacute;</h3>\r\n\r\n<p>-&nbsp;<a href=\"https://www.dienmayxanh.com/may-lanh\" target=\"_blank\">M&aacute;y lạnh</a>&nbsp;c&oacute; cơ chế điều khiển l&ecirc;n xuống tự động, tr&aacute;i phải t&ugrave;y chỉnh tay, hơi lạnh lan tỏa đều.&nbsp;</p>\r\n\r\n<p>-&nbsp;Chức năng&nbsp;<strong>iFeel</strong>: từ cảm biến nhiệt tr&ecirc;n remote, m&aacute;y sẽ nhận t&iacute;n hiệu v&agrave; điều chỉnh tăng, giảm nhiệt độ t&ugrave;y theo nhiệt độ của cơ thể con người, gi&uacute;p cho bạn lu&ocirc;n cảm thấy dễ chịu, tr&aacute;nh được t&igrave;nh trạng bị sốc nhiệt khi mới bật m&aacute;y.</p>\r\n\r\n<p><a href=\"https://cdn.tgdd.vn/Products/Images/2002/302745/casper-tc-09is35-280223-125231.jpg\" onclick=\"return false;\"><img alt=\"Máy lạnh Casper Inverter 1 HP TC-09IS35 - Cơ chế thổi gió\" src=\"https://cdn.tgdd.vn/Products/Images/2002/302745/casper-tc-09is35-280223-125231.jpg\" /></a></p>\r\n\r\n<p><em>*H&igrave;nh ảnh chỉ mang t&iacute;nh chất minh họa</em></p>\r\n\r\n<h3>C&ocirc;ng nghệ tiết kiệm</h3>\r\n\r\n<p>- M&aacute;y n&eacute;n c&oacute; hiệu năng mạnh mẽ c&ugrave;ng c&ocirc;ng nghệ&nbsp;<strong>I-saving</strong>&nbsp;gi&uacute;p&nbsp;điều chỉnh nhiệt độ theo h&igrave;nh xoắn cho thiết bị kiểm so&aacute;t nhiệt độ dễ d&agrave;ng, tiết kiệm điện năng ti&ecirc;u thụ đến 30 - 50% điện năng.&nbsp;</p>\r\n\r\n<p>- Nh&atilde;n năng lượng: 5 sao (Hiệu suất năng lượng 4.45).</p>\r\n\r\n<p><a href=\"https://cdn.tgdd.vn/Products/Images/2002/302745/casper-tc-09is35-280223-125259.jpg\" onclick=\"return false;\"><img alt=\"Máy lạnh Casper Inverter 1 HP TC-09IS35 - Công nghệ tiết kiệm\" src=\"https://cdn.tgdd.vn/Products/Images/2002/302745/casper-tc-09is35-280223-125259.jpg\" /></a></p>\r\n\r\n<p><em>*H&igrave;nh ảnh chỉ mang t&iacute;nh chất minh họa</em></p>\r\n\r\n<h3>Đa dạng tiện &iacute;ch sử dụng</h3>\r\n\r\n<p>-&nbsp;<a href=\"https://www.dienmayxanh.com/kinh-nghiem-hay/nhung-cong-nghe-noi-bat-tren-may-lanh-casper-1333424#hmenuid3\" target=\"_blank\">Chức năng iClean</a>: thiết bị sẽ đ&oacute;ng băng d&agrave;n lạnh, sau đ&oacute; r&atilde; đ&ocirc;ng, cuốn tr&ocirc;i đi chất bẩn rồi mới l&agrave;m kh&ocirc; c&aacute;c bộ phận b&ecirc;n trong d&agrave;n lạnh, ngăn ngừa vi khuẩn, nấm mốc h&igrave;nh th&agrave;nh v&agrave; ph&aacute;t triển. Nhờ đ&oacute;, gi&uacute;p duy tr&igrave; khả năng l&agrave;m lạnh tốt, giảm chi ph&iacute; vệ sinh m&aacute;y.&nbsp;</p>\r\n\r\n<p>-&nbsp;<strong>Tự khởi động lại sau khi c&oacute; điện</strong>: khi m&aacute;y bị ngắt đột ngột do c&uacute;p điện, v&agrave;o thời điểm c&oacute; điện lại, thiết bị sẽ tự động chạy theo thiết lập đ&atilde; c&agrave;i đặt trước đ&oacute;.</p>\r\n\r\n<p>-&nbsp;<strong>Cơ chế bảo vệ an to&agrave;n k&eacute;p ph&aacute;t hiện r&ograve; rỉ th&ocirc;ng minh</strong>: gi&uacute;p k&eacute;o d&agrave;i tuổi thọ m&aacute;y, cho người d&ugrave;ng an t&acirc;m hơn khi sử dụng thiết bị.&nbsp;</p>\r\n\r\n<p><a href=\"https://cdn.tgdd.vn/Products/Images/2002/302745/casper-tc-09is35-280223-125313.jpg\" onclick=\"return false;\"><img alt=\"Máy lạnh Casper Inverter 1 HP TC-09IS35 - Đa dạng tiện ích sử dụng\" src=\"https://cdn.tgdd.vn/Products/Images/2002/302745/casper-tc-09is35-280223-125313.jpg\" /></a></p>\r\n\r\n<p><em>*H&igrave;nh ảnh chỉ mang t&iacute;nh chất minh họa</em></p>\r\n\r\n<p><em>C&oacute; thể thấy rằng, d&ograve;ng&nbsp;<a href=\"https://www.dienmayxanh.com/may-lanh?g=may-lanh-inverter\" target=\"_blank\">m&aacute;y lạnh Inverter</a>&nbsp;n&agrave;y sở hữu c&aacute;c c&ocirc;ng nghệ ti&ecirc;n tiến như c&ocirc;ng nghệ tiết kiệm điện&nbsp;I-saving lọc kh&ocirc;ng kh&iacute;, chế độ l&agrave;m lạnh nhanh Turbo, cảm biến nhiệt độ iFeel, cơ chế bảo vệ an to&agrave;n k&eacute;p ph&aacute;t hiện r&ograve; rỉ th&ocirc;ng minh,... c&ugrave;ng với mức c&ocirc;ng suất 1 HP, l&agrave; thiết bị tốt cho ph&ograve;ng c&oacute; diện t&iacute;ch dưới&nbsp;15m&sup2;.</em></p>', 31, 7490000, 6490000, 1, 0, '<ul>\r\n	<li>\r\n	<p>Hư g&igrave; đổi nấy&nbsp;<strong>12 th&aacute;ng</strong>&nbsp;tận nh&agrave; (miễn ph&iacute; th&aacute;ng đầu) *M&aacute;y lạnh AQUA kh&ocirc;ng &aacute;p dụng&nbsp;<a href=\"javascript:void(0)\" onclick=\"showPopupPolicy()\">Xem chi tiết</a></p>\r\n	</li>\r\n	<li>\r\n	<p>Bảo h&agrave;nh&nbsp;<strong>ch&iacute;nh h&atilde;ng m&aacute;y lạnh 3 năm</strong>, c&oacute; người đến tận nh&agrave;</p>\r\n	</li>\r\n	<li>\r\n	<p>Th&ugrave;ng m&aacute;y lạnh c&oacute;: Remote</p>\r\n	</li>\r\n	<li>\r\n	<p>Ph&iacute; vật tư c&oacute; thể ph&aacute;t sinh th&ecirc;m.&nbsp;<a href=\"javascript:void(0)\" onclick=\"MaterialsFee(3);\">Xem chi tiết vật tư.</a></p>\r\n	</li>\r\n</ul>', '/storage/photos/product/casper-tc-09is35-3.jpg', '2024-05-02 09:18:59', '2024-05-18 09:39:31', '2', 16, 0, 0),
(32, 'Máy lạnh Midea Inverter 1 HP MAFA-09CDN8', 'may-lanh-midea-inverter-1-hp-mafa-09cdn8', '<p><em><strong><a href=\"https://www.dienmayxanh.com/may-lanh/midea-inverter-1-hp-mafa-09cdn8\" target=\"_blank\">M&aacute;y lạnh Midea Inverter 1 HP MAFA-09CDN8</a>&nbsp;tăng tốc độ l&agrave;m m&aacute;t hiệu quả với c&ocirc;ng nghệ Fast Cooling, hoạt động &ecirc;m &aacute;i, giảm ti&ecirc;u hao điện năng nhờ c&ocirc;ng nghệ iEco, giữ kh&ocirc;ng gian trong l&agrave;nh với bộ lọc 2 lớp HD.</strong></em></p>\r\n\r\n<h3>Tổng quan thiết kế</h3>\r\n\r\n<p>D&agrave;n lạnh</p>\r\n\r\n<p>- Midea MAFA-09CDN8 c&oacute; thiết kế tinh giản, hiện đại, sắc m&agrave;u trắng thanh lịch gi&uacute;p d&agrave;n lạnh dung nhập v&agrave;o kh&ocirc;ng gian sống của gia đ&igrave;nh h&agrave;i h&ograve;a. Kiểu d&aacute;ng m&aacute;y treo tường quen thuộc, th&iacute;ch hợp bố tr&iacute; trong ph&ograve;ng ngủ, ph&ograve;ng kh&aacute;ch, ph&ograve;ng hội nghị, ph&ograve;ng kh&aacute;ch sạn,...&nbsp;</p>\r\n\r\n<p>D&agrave;n n&oacute;ng</p>\r\n\r\n<p>- Ngoại h&igrave;nh d&agrave;n n&oacute;ng được chế tạo cứng c&aacute;p, chịu lực tốt, chịu được c&aacute;c điều kiện thời tiết kh&aacute;c nhau.</p>\r\n\r\n<p>-&nbsp;<strong>Ống dẫn gas bằng đồng</strong>&nbsp;đảm bảo qu&aacute; tr&igrave;nh bơm gas mạnh mẽ,&nbsp;<strong>l&aacute; tản nhiệt nh&ocirc;m</strong>&nbsp;<strong>phủ mạ Hyper Grapfins</strong>&nbsp;n&acirc;ng cao độ bền, duy tr&igrave; hiệu suất l&agrave;m lạnh cao.&nbsp;</p>\r\n\r\n<p><a href=\"https://cdn.tgdd.vn/Products/2002/320893/midea-inverter-1-hp-mafa-09cdn8-4-1020x570.jpg\" onclick=\"return false;\"><img alt=\"Máy lạnh Midea Inverter 1 HP MAFA-09CDN8 - Tổng quan thiết kế\" src=\"https://cdn.tgdd.vn/Products/2002/320893/midea-inverter-1-hp-mafa-09cdn8-4-1020x570.jpg\" style=\"height:570px; width:1020px\" /></a></p>\r\n\r\n<p><em>*H&igrave;nh ảnh chỉ mang t&iacute;nh chất minh họa sản phẩm</em></p>\r\n\r\n<h3>C&ocirc;ng nghệ l&agrave;m lạnh</h3>\r\n\r\n<p>- C&ocirc;ng suất&nbsp;<strong>1 HP - 9.000 BTU</strong>&nbsp;phục vụ tốt cho nhu cầu l&agrave;m lạnh trong ph&ograve;ng dưới 15m&sup2;.</p>\r\n\r\n<p>- Mẫu&nbsp;<a href=\"https://www.dienmayxanh.com/may-lanh\" target=\"_blank\">m&aacute;y lạnh</a>&nbsp;n&agrave;y hỗ trợ c&ocirc;ng nghệ Fast Cooling đẩy nhanh tốc độ l&agrave;m m&aacute;t của thiết bị cho bạn được thư gi&atilde;n trong kh&ocirc;ng gian m&aacute;t mẻ ngay sau khi mở m&aacute;y.</p>\r\n\r\n<p><a href=\"https://cdn.tgdd.vn/Products/2002/320893/midea-inverter-1-hp-mafa-09cdn8-3-1020x570.jpg\" onclick=\"return false;\"><img alt=\"Máy lạnh Midea Inverter 1 HP MAFA-09CDN8 - Công nghệ làm lạnh\" src=\"https://cdn.tgdd.vn/Products/2002/320893/midea-inverter-1-hp-mafa-09cdn8-3-1020x570.jpg\" style=\"height:570px; width:1020px\" /></a></p>\r\n\r\n<p><em>*H&igrave;nh ảnh chỉ mang t&iacute;nh chất minh họa sản phẩm</em></p>\r\n\r\n<h3>C&ocirc;ng nghệ tiết kiệm điện</h3>\r\n\r\n<p>-&nbsp;<strong>C&ocirc;ng nghệ iEco&nbsp;</strong>c&oacute; khả năng tiết kiệm l&ecirc;n tới 30% năng lượng, nhờ đ&oacute; bạn kh&ocirc;ng cần lo ngại về chi ph&iacute; tiền điện khi d&ugrave;ng trong thời gian d&agrave;i.&nbsp;Đặc biệt gi&uacute;p giảm mức điện năng ti&ecirc;u thụ của&nbsp;<a href=\"https://www.dienmayxanh.com/may-lanh-midea\" target=\"_blank\">m&aacute;y lạnh Midea</a>.</p>\r\n\r\n<p>- Nh&atilde;n năng lượng<strong>&nbsp;5 sao</strong>&nbsp;(hiệu suất năng lượng 5.06). Ti&ecirc;u thụ lượng điện năng khoảng&nbsp;<strong>0.82 kW/h</strong>.</p>\r\n\r\n<p><a href=\"https://cdn.tgdd.vn/Products/2002/320893/midea-inverter-1-hp-mafa-09cdn8-2-1020x570.jpg\" onclick=\"return false;\"><img alt=\"Máy lạnh Midea Inverter 1 HP MAFA-09CDN8 - Công nghệ tiết kiệm điện\" src=\"https://cdn.tgdd.vn/Products/2002/320893/midea-inverter-1-hp-mafa-09cdn8-2-1020x570.jpg\" style=\"height:570px; width:1020px\" /></a></p>\r\n\r\n<p><em>*H&igrave;nh ảnh chỉ mang t&iacute;nh chất minh họa sản phẩm</em></p>\r\n\r\n<h3>Khả năng lọc kh&ocirc;ng kh&iacute;</h3>\r\n\r\n<p><a href=\"https://www.dienmayxanh.com/kinh-nghiem-hay/cong-nghe-khang-khuan-khu-mui-tren-may-lanh-midea-1081509#loc-2-lop-hd\" target=\"_blank\">Bộ lọc bụi 2 lớp HD</a>,<strong>&nbsp;m&agrave;ng lọc chất m&ocirc;i lạnh</strong>&nbsp;loại bỏ được tạp chất, bụi bẩn kể cả c&aacute;c hạt bụi mịn k&iacute;ch thước si&ecirc;u nhỏ PM 2.5, c&aacute;c t&aacute;c nh&acirc;n g&acirc;y dị ứng cho kh&ocirc;ng kh&iacute; trong ph&ograve;ng tinh khiết, trong sạch, bảo vệ hệ h&ocirc; hấp của gia đ&igrave;nh.</p>\r\n\r\n<p><a href=\"https://cdn.tgdd.vn/Products/2002/320893/midea-inverter-1-hp-mafa-09cdn8-1-1020x570.jpg\" onclick=\"return false;\"><img alt=\"Máy lạnh Midea Inverter 1 HP MAFA-09CDN8 - Khả năng lọc không khí\" src=\"https://cdn.tgdd.vn/Products/2002/320893/midea-inverter-1-hp-mafa-09cdn8-1-1020x570.jpg\" style=\"height:570px; width:1020px\" /></a></p>\r\n\r\n<p><em>*H&igrave;nh ảnh chỉ mang t&iacute;nh chất minh họa sản phẩm</em></p>\r\n\r\n<p><em>T&oacute;m lại, m&aacute;y lạnh Midea Inverter 1 HP MAFA-09CDN8 được thiết lập với c&ocirc;ng suất l&agrave;m lạnh 1 HP, c&ocirc;ng nghệ l&agrave;m lạnh nhanh Fast Cooling, c&ocirc;ng nghệ Inverter, iEco tiết kiệm điện, bộ lọc 2 lớp HD gi&uacute;p mang đến kh&ocirc;ng gian m&aacute;t mẻ, sạch tho&aacute;ng cho căn ph&ograve;ng c&oacute; diện t&iacute;ch dưới 15m&sup2;.</em></p>', 31, 8590000, 6100000, 1, 1, '<ul>\r\n	<li>\r\n	<p>Hư g&igrave; đổi nấy&nbsp;<strong>12 th&aacute;ng</strong>&nbsp;tận nh&agrave; (miễn ph&iacute; th&aacute;ng đầu) *M&aacute;y lạnh AQUA kh&ocirc;ng &aacute;p dụng&nbsp;<a href=\"javascript:void(0)\" onclick=\"showPopupPolicy()\">Xem chi tiết</a></p>\r\n	</li>\r\n	<li>\r\n	<p>Bảo h&agrave;nh&nbsp;<strong>ch&iacute;nh h&atilde;ng m&aacute;y lạnh 3 năm</strong>, c&oacute; người đến tận nh&agrave;</p>\r\n	</li>\r\n	<li>\r\n	<p>Th&ugrave;ng m&aacute;y lạnh c&oacute;: Remote, Gi&aacute; đỡ remote</p>\r\n	</li>\r\n	<li>\r\n	<p>Ph&iacute; vật tư c&oacute; thể ph&aacute;t sinh th&ecirc;m.&nbsp;<a href=\"javascript:void(0)\" onclick=\"MaterialsFee(3);\">Xem chi tiết vật tư.</a></p>\r\n	</li>\r\n</ul>', '/storage/photos/product/midea-inverter-1-hp-mafa-09cdn8-2.jpg', '2024-05-02 09:21:26', '2024-05-06 21:48:59', '1', 3, 0, 0),
(33, 'Smart Tivi LG 4K 65 inch 65UQ8000PSC', 'smart-tivi-lg-4k-65-inch-65uq8000psc', '<p><em><strong>Smart Tivi LG 4K 65 inch 65UQ8000PSC mang đến cảm x&uacute;c đắm ch&igrave;m khi trải nghiệm nghe nh&igrave;n, với khung h&igrave;nh 4K tương phản rực rỡ từ HDR10 Pro, &acirc;m thanh ch&acirc;n thực tinh chỉnh theo nội dung qua AI Sound, c&ugrave;ng với 1 thiết kế tinh giản đầy sang chảnh, v&agrave; kho ứng dụng khổng lồ từ webOS 22 đ&aacute;p ứng ho&agrave;n hảo nhu cầu giải tr&iacute; của người d&ugrave;ng.</strong></em></p>\r\n\r\n<h3>Tổng quan thiết kế</h3>\r\n\r\n<p>-&nbsp;<a href=\"https://www.dienmayxanh.com/tivi/smart-lg-4k-65-inch-65uq8000psc\" target=\"_blank\">Smart Tivi LG 4K 65 inch 65UQ8000PSC</a>&nbsp;đơn giản, kh&ocirc;ng k&eacute;m sự tinh tế với thiết kế m&agrave;n h&igrave;nh phẳng thanh mảnh,&nbsp;<strong>c&aacute;c cạnh viền si&ecirc;u mỏng</strong>&nbsp;mở rộng khung h&igrave;nh trải nghiệm, h&ograve;a v&agrave;o nội thất hiện đại của gia đ&igrave;nh để tăng t&iacute;nh thẩm mỹ v&agrave; sức h&uacute;t của kh&ocirc;ng gian.</p>\r\n\r\n<p>- Tivi c&oacute;&nbsp;<strong><a href=\"https://www.dienmayxanh.com/tivi?g=65-inch\" target=\"_blank\">k&iacute;ch thước m&agrave;n h&igrave;nh 65 inch</a></strong>&nbsp;d&ugrave;ng đẹp cho ph&ograve;ng kh&aacute;ch lớn, ph&ograve;ng họp, sảnh chờ vừa v&agrave; nhỏ,...</p>\r\n\r\n<p>-&nbsp;Ch&acirc;n đế&nbsp;<a href=\"https://www.dienmayxanh.com/tivi\" target=\"_blank\">tivi</a>&nbsp;<strong>chất liệu</strong>&nbsp;<strong>nhựa l&otilde;i kim loại</strong>&nbsp;chắc chắn v&agrave; bền tốt, n&acirc;ng đỡ an to&agrave;n cho m&agrave;n h&igrave;nh khi đặt kệ tủ, đồng thời th&aacute;o rời dễ d&agrave;ng để bố tr&iacute; tivi treo tường cho kh&ocirc;ng gian th&ecirc;m th&ocirc;ng tho&aacute;ng.</p>\r\n\r\n<p><a href=\"https://cdn.tgdd.vn/Products/Images/1942/278555/smart-lg-4k-65-inch-65uq8000psc-1.jpg\" onclick=\"return false;\"><img alt=\"Sang trọng - Smart Tivi LG 4K 65 inch 65UQ8000PSC\" src=\"https://cdn.tgdd.vn/Products/Images/1942/278555/smart-lg-4k-65-inch-65uq8000psc-1.jpg\" /></a></p>\r\n\r\n<p><em>*H&igrave;nh ảnh chỉ mang t&iacute;nh chất minh họa sản phẩm</em></p>\r\n\r\n<h3>C&ocirc;ng nghệ h&igrave;nh ảnh</h3>\r\n\r\n<p>- Hiển thị khung h&igrave;nh sắc n&eacute;t gấp 4 lần m&agrave;n h&igrave;nh Full HD với&nbsp;<strong><a href=\"https://www.dienmayxanh.com/tivi-lg?g=ultra-hd-4k\" target=\"_blank\">độ ph&acirc;n giải 4K</a>&nbsp;(3.840 x 2.160)</strong>.</p>\r\n\r\n<p>-&nbsp;<strong>Bộ xử l&yacute; &alpha;5 Gen5 AI 4K</strong>&nbsp;tối ưu hiển thị h&igrave;nh ảnh v&agrave; m&agrave;u sắc chi tiết cho trải nghiệm xem ho&agrave;n hảo, kết hợp c&ocirc;ng nghệ&nbsp;<strong>4K AI Upscaling</strong>&nbsp;n&acirc;ng cấp nội dung đầu v&agrave;o l&ecirc;n chuẩn gần 4K để người xem thưởng thức được khung h&igrave;nh chất lượng nhất, thỏa m&atilde;n thị gi&aacute;c.</p>\r\n\r\n<p>- C&ocirc;ng nghệ&nbsp;<strong><a href=\"https://www.dienmayxanh.com/kinh-nghiem-hay/cac-cong-nghe-hinh-anh-noi-bat-tren-tivi-lg-1128078#hdr-10-pro\" target=\"_blank\">HDR10 Pro</a></strong>&nbsp;v&agrave;&nbsp;<strong><a href=\"https://www.dienmayxanh.com/kinh-nghiem-hay/cac-cong-nghe-hinh-anh-noi-bat-tren-tivi-lg-1128078#hdr-dynamic-tone-mapping\" target=\"_blank\">HDR Dynamic Tone Mapping</a>&nbsp;</strong>tăng cường<strong>&nbsp;</strong>độ s&aacute;ng v&agrave; độ r&otilde; n&eacute;t của h&igrave;nh ảnh, l&agrave;m nổi bật l&ecirc;n c&aacute;c chi tiết ẩn, chất lượng tương phản tốt hơn cho khung h&igrave;nh ch&acirc;n thực hơn, l&ocirc;i cuốn người xem v&agrave;o khung cảnh v&agrave; nội dung đang chiếu.</p>\r\n\r\n<p>- M&agrave;n h&igrave;nh game mượt m&agrave; nhờ&nbsp;<strong>chế độ game HGIG</strong>&nbsp;v&agrave; phản hồi tức th&igrave; với&nbsp;<strong>c&ocirc;ng nghệ&nbsp;<a href=\"https://www.dienmayxanh.com/kinh-nghiem-hay/cong-nghe-ho-tro-choi-game-tren-tivi-samsung-2021-1345465#auto-low-latency\" target=\"_blank\">Auto Low Latency Mode (ALLM)</a>&nbsp;</strong>giảm độ trễ chơi game.</p>\r\n\r\n<p>- Cảm nhận phim điện ảnh như khi xem tại rạp chiếu với chế độ l&agrave;m phim&nbsp;<strong>FilmMaker Mode</strong>.</p>\r\n\r\n<p>Mời bạn xem th&ecirc;m:<a href=\"https://www.dienmayxanh.com/kinh-nghiem-hay/diem-mat-nhung-do-phan-giai-pho-bien-hien-nay-tren-577178\" target=\"_blank\">&nbsp;Những độ ph&acirc;n giải m&agrave;n h&igrave;nh phổ biến hiện nay tr&ecirc;n tivi</a></p>\r\n\r\n<p><a href=\"https://cdn.tgdd.vn/Products/Images/1942/278555/smart-lg-4k-65-inch-65uq8000psc-2.jpg\" onclick=\"return false;\"><img alt=\"Hình ảnh sắc nét - Smart Tivi LG 4K 65 inch 65UQ8000PSC\" src=\"https://cdn.tgdd.vn/Products/Images/1942/278555/smart-lg-4k-65-inch-65uq8000psc-2.jpg\" /></a></p>\r\n\r\n<p><em>*H&igrave;nh ảnh chỉ mang t&iacute;nh chất minh họa sản phẩm</em></p>\r\n\r\n<h3>C&ocirc;ng nghệ &acirc;m thanh</h3>\r\n\r\n<p>- Tổng c&ocirc;ng suất loa&nbsp;<strong>20W&nbsp;</strong>cho &acirc;m thanh mạnh mẽ.</p>\r\n\r\n<p>- Tinh chỉnh &acirc;m thanh theo nội dung&nbsp;<strong>AI Sound</strong>&nbsp;v&agrave; tối ưu theo kh&ocirc;ng gian ph&ograve;ng nhờ c&ocirc;ng nghệ&nbsp;<a href=\"https://www.dienmayxanh.com/kinh-nghiem-hay/cong-nghe-am-thanh-tren-tivi-lg-2021-1368089#ai-acoustic\" target=\"_blank\"><strong>AI Acoustic Tuning</strong></a>&nbsp;để trải nghiệm nghe ch&acirc;n thực nhất, hiệu ứng &acirc;m thanh trở n&ecirc;n sống động hơn, tăng cường cảm x&uacute;c.</p>\r\n\r\n<p>- Chế độ lọc thoại&nbsp;<strong>Clear Voice Pro&nbsp;</strong>cho th&ocirc;ng điệp nội dung thật r&otilde; r&agrave;ng, gi&uacute;p người d&ugrave;ng nắm bắt dễ d&agrave;ng v&agrave; trọn vẹn hơn.</p>\r\n\r\n<p>-&nbsp;<a href=\"https://www.dienmayxanh.com/kinh-nghiem-hay/cong-nghe-am-thanh-tren-tivi-lg-2018-1106872#lg-sound-sync\" target=\"_blank\">LG Sound Sync</a>&nbsp;li&ecirc;n kết ho&agrave;n hảo&nbsp;<a href=\"https://www.dienmayxanh.com/tivi-lg?g=smart-tivi\" target=\"_blank\">smart tivi LG</a>&nbsp;với d&agrave;n &acirc;m thanh qua kết nối Bluetooth, tạo hiệu ứng mạnh mẽ v&agrave; vang dội hơn, khuấy động kh&ocirc;ng gian giải tr&iacute;.</p>\r\n\r\n<p><a href=\"https://cdn.tgdd.vn/Products/Images/1942/278555/smart-lg-4k-65-inch-65uq8000psc-3.jpg\" onclick=\"return false;\"><img alt=\"Âm thanh lôi cuốn - Smart Tivi LG 4K 65 inch 65UQ8000PSC\" src=\"https://cdn.tgdd.vn/Products/Images/1942/278555/smart-lg-4k-65-inch-65uq8000psc-3.jpg\" /></a></p>\r\n\r\n<p><em>*H&igrave;nh ảnh chỉ mang t&iacute;nh chất minh họa sản phẩm</em></p>\r\n\r\n<h3>Hệ điều h&agrave;nh</h3>\r\n\r\n<p>-&nbsp;<a href=\"https://www.dienmayxanh.com/tivi?g=smart-tivi\" target=\"_blank\">Smart tivi</a>&nbsp;sử dụng hệ điều h&agrave;nh&nbsp;<strong><a href=\"https://www.dienmayxanh.com/kinh-nghiem-hay/webos-tren-tivi-lg-la-gi-581001\" target=\"_blank\">webOS</a>&nbsp;22</strong>&nbsp;c&oacute; giao diện th&acirc;n thiện, dễ d&agrave;ng sử dụng, kho ứng dụng phong ph&uacute; gồm: YouTube, Netflix, Clip TV, FPT Play, Galaxy Play (Fim+), MyTV, Nhaccuatui, POPS Kids, Spotify, Tr&igrave;nh duyệt web, TV 360, VieON, VTVcab ON, YouTube Kids, Apple TV,&hellip; phục vụ tốt cho nhu cầu của mọi th&agrave;nh vi&ecirc;n.</p>\r\n\r\n<p>Xem th&ecirc;m:&nbsp;<a href=\"https://www.dienmayxanh.com/kinh-nghiem-hay/cach-xem-phim-online-tren-tivi-887946#xem-phim-tren-trinh-duyet-web\">C&aacute;ch xem phim bằng tr&igrave;nh duyệt web tr&ecirc;n tivi</a>&nbsp;</p>\r\n\r\n<p><a href=\"https://cdn.tgdd.vn/Products/Images/1942/278555/smart-lg-4k-65-inch-65uq8000psc-4.jpg\" onclick=\"return false;\"><img alt=\"WebOS 6.0 - Smart Tivi LG 4K 65 inch 65UQ8000PSC\" src=\"https://cdn.tgdd.vn/Products/Images/1942/278555/smart-lg-4k-65-inch-65uq8000psc-4.jpg\" /></a></p>\r\n\r\n<p><em>*H&igrave;nh ảnh chỉ mang t&iacute;nh chất minh họa sản phẩm</em></p>\r\n\r\n<h3>Tiện &iacute;ch</h3>\r\n\r\n<p>- Kết nối v&agrave; điều khiển to&agrave;n bộ hệ sinh th&aacute;i trong ng&ocirc;i nh&agrave; với&nbsp;<strong><a href=\"https://www.dienmayxanh.com/kinh-nghiem-hay/nhung-dieu-can-biet-ve-dieu-khien-thong-minh-magic-685119\" target=\"_blank\">Magic Remote</a></strong>&nbsp;v&agrave;&nbsp;<strong>AI ThinQ</strong>.</p>\r\n\r\n<p>-&nbsp;<a href=\"https://www.dienmayxanh.com/tivi-lg\" target=\"_blank\">Tivi LG</a>&nbsp;hỗ trợ t&igrave;m kiếm giọng n&oacute;i bằng tiếng Việt<strong>&nbsp;</strong>qua&nbsp;<strong>Magic remote</strong>,&nbsp;<strong>LG Voice Search</strong>&nbsp;với Google Assistant, cho việc t&igrave;m kiếm đơn giản v&agrave; nhanh ch&oacute;ng hơn.</p>\r\n\r\n<p>- Chia sẻ nội dung tr&ecirc;n điện thoại l&ecirc;n m&agrave;n h&igrave;nh tivi qua t&iacute;nh năng&nbsp;<strong><a href=\"https://www.dienmayxanh.com/kinh-nghiem-hay/air-play-2-tren-tivi-la-gi-nhung-tivi-nao-ho-tro-a-1172156\" target=\"_blank\">AirPlay 2</a></strong>&nbsp;(iPhone),&nbsp;<strong>Screen Share</strong>.</p>\r\n\r\n<p>Xem th&ecirc;m:&nbsp;<a href=\"https://www.dienmayxanh.com/kinh-nghiem-hay/9-cach-ket-noi-dien-thoai-android-voi-tivi-lg-860812\" target=\"_blank\">9 c&aacute;ch kết nối điện thoại Android với tivi LG đơn giản, hiệu quả nhất</a></p>\r\n\r\n<p><a href=\"https://cdn.tgdd.vn/Products/Images/1942/278555/smart-lg-4k-65-inch-65uq8000psc-5.jpg\" onclick=\"return false;\"><img alt=\"Điều khiển thông minh - Smart Tivi LG 4K 65 inch 65UQ8000PSC\" src=\"https://cdn.tgdd.vn/Products/Images/1942/278555/smart-lg-4k-65-inch-65uq8000psc-5.jpg\" /></a></p>\r\n\r\n<p><em>&nbsp;*H&igrave;nh ảnh chỉ mang t&iacute;nh chất minh họa sản phẩm</em></p>\r\n\r\n<p><em>Như vậy, Smart Tivi LG 4K 65 inch 65UQ8000PSC hẳn sẽ l&agrave; lựa chọn tốt cho kh&ocirc;ng gian giải tr&iacute; của gia đ&igrave;nh bạn, trải nghiệm xem tuyệt vời tr&ecirc;n khung h&igrave;nh 4K, tương phản đầy ch&acirc;n thực nhờ HDR10 Pro, &acirc;m thanh ch&acirc;n thực tinh chỉnh qua AI Sound, để mỗi khung giờ giải tr&iacute; c&ugrave;ng smart tivi l&agrave; một trải nghiệm h&agrave;i l&ograve;ng trọn vẹn.</em></p>\r\n\r\n<p>Xem th&ecirc;m:&nbsp;<a href=\"https://www.dienmayxanh.com/kinh-nghiem-hay/tang-tuoi-tho-tivi-bang-5-cach-don-gian-542763\">7 c&aacute;ch sử dụng tivi đơn giản gi&uacute;p tăng tuổi thọ cho chiếc tivi nh&agrave; bạn</a></p>', 28, 25900000, 14900000, 1, 1, '<ul>\r\n	<li>\r\n	<p><strong>Lắp đặt miễn ph&iacute;</strong>&nbsp;l&uacute;c giao h&agrave;ng</p>\r\n	</li>\r\n	<li>\r\n	<p>Hư g&igrave; đổi nấy&nbsp;<strong>12 th&aacute;ng</strong>&nbsp;tận nh&agrave; (miễn ph&iacute; th&aacute;ng đầu)&nbsp;<a href=\"javascript:void(0)\" onclick=\"showPopupPolicy()\">Xem chi tiết</a></p>\r\n	</li>\r\n	<li>\r\n	<p>Bảo h&agrave;nh&nbsp;<strong>ch&iacute;nh h&atilde;ng tivi 2 năm</strong>, c&oacute; người đến tận nh&agrave;</p>\r\n	</li>\r\n	<li>\r\n	<p>Th&ugrave;ng tivi c&oacute;: Ch&acirc;n đế, Remote th&ocirc;ng minh</p>\r\n	</li>\r\n</ul>', '/storage/photos/product/smart-lg-4k-65-inch-65uq8000psc-01.jpg', '2024-05-02 09:26:22', '2024-05-13 19:55:27', '3', 4, 0, 0),
(34, 'Smart Tivi NanoCell LG 4K 65 inch 65NANO76SQA', 'smart-tivi-nanocell-lg-4k-65-inch-65nano76sqa', '<p><em><strong>Smart Tivi NanoCell LG 4K 65 inch 65NANO76SQA cuốn h&uacute;t tầm nh&igrave;n nhờ m&agrave;n h&igrave;nh 65 inch thanh mảnh, nội dung hiển thị sắc n&eacute;t với độ ph&acirc;n giải 4K, tối ưu qua bộ xử l&yacute; &alpha;5 Gen5 AI 4K, &acirc;m thanh sống động c&ugrave;ng c&ocirc;ng nghệ&nbsp;AI Sound, kho ứng dụng webOS 22 phong ph&uacute; v&agrave; điều khiển đầy th&ocirc;ng minh qua Magic Remote, AI ThinQ mang đến trải nghiệm tuyệt vời.</strong></em></p>\r\n\r\n<h3>Tổng quan thiết kế</h3>\r\n\r\n<p>-&nbsp;<a href=\"https://www.dienmayxanh.com/tivi/smart-nanocell-lg-4k-65-inch-65nano76sqa\" target=\"_blank\">Smart Tivi NanoCell LG 4K 65 inch 65NANO76SQA</a>&nbsp;cấu tạo m&agrave;n h&igrave;nh phẳng tinh giản, thanh lịch, h&agrave;i h&ograve;a cho mọi kh&ocirc;ng gian.</p>\r\n\r\n<p>-&nbsp;<strong>Ch&acirc;n đế h&igrave;nh b&aacute;n nguyệt</strong>&nbsp;tinh tế, tạo thế đỡ chắc chắn cho m&agrave;n h&igrave;nh, ổn định khi lắp để b&agrave;n v&agrave; dễ th&aacute;o rời khi muốn bố tr&iacute; tivi treo tường.</p>\r\n\r\n<p>-&nbsp;<a href=\"https://www.dienmayxanh.com/tivi-lg\" target=\"_blank\">Tivi LG</a>&nbsp;sở hữu<strong>&nbsp;<a href=\"https://www.dienmayxanh.com/tivi-lg?g=65-inch\" target=\"_blank\">m&agrave;n h&igrave;nh 65 inch</a></strong>&nbsp;dễ d&ugrave;ng cho kh&ocirc;ng gian gia đ&igrave;nh, bố tr&iacute; đẹp ở ph&ograve;ng kh&aacute;ch, ph&ograve;ng ngủ, hoặc d&ugrave;ng cho ph&ograve;ng họp c&ocirc;ng ty, sảnh nhỏ&hellip;</p>\r\n\r\n<p><a href=\"https://cdn.tgdd.vn/Products/Images/1942/278575/smart-nanocell-lg-4k-65-inch-65nano76sqa-1-2.jpg\" onclick=\"return false;\"><img alt=\"Tinh tế, sang đẹp - Smart Tivi NanoCell LG 4K 65 inch 65NANO76SQA\" src=\"https://cdn.tgdd.vn/Products/Images/1942/278575/smart-nanocell-lg-4k-65-inch-65nano76sqa-1-2.jpg\" /></a></p>\r\n\r\n<p><em>*H&igrave;nh ảnh chỉ mang t&iacute;nh chất minh họa sản phẩm</em></p>\r\n\r\n<h3>C&ocirc;ng nghệ h&igrave;nh ảnh</h3>\r\n\r\n<p>-&nbsp;<strong><a href=\"https://www.dienmayxanh.com/tivi-lg?g=ultra-hd-4k\" target=\"_blank\">Độ ph&acirc;n giải 4K</a></strong>&nbsp;mang đến h&igrave;nh ảnh&nbsp;<strong>sắc&nbsp;n&eacute;t gấp 4 lần&nbsp;Full HD</strong>.</p>\r\n\r\n<p>-&nbsp;<strong>Bộ xử l&yacute; &alpha;5 Gen5 AI 4K</strong>&nbsp;tự động điều chỉnh, giảm mờ, nh&ograve;e để c&aacute;c chi tiết h&igrave;nh ảnh hiển thị r&otilde; đẹp, h&uacute;t mắt.&nbsp;Đồng thời, với&nbsp;<strong><a href=\"https://www.dienmayxanh.com/kinh-nghiem-hay/tai-sao-lai-co-tinh-nang-nang-cap-hinh-anh-tivi-le-795796\" target=\"_blank\">c&ocirc;ng nghệ&nbsp;4K AI Upscaling</a></strong>&nbsp;mọi nội dung đầu v&agrave;o đều được n&acirc;ng cao độ ph&acirc;n giải h&igrave;nh ảnh l&ecirc;n gần chất lượng 4K, cho bạn tận hưởng khung h&igrave;nh tuyệt vời nhất trong từng ph&uacute;t gi&acirc;y.</p>\r\n\r\n<p>-&nbsp;<strong>Dải m&agrave;u rộng Nano Color</strong>&nbsp;mang cả thế giới m&agrave;u sắc l&ecirc;n khung h&igrave;nh, t&aacute;i hiện thực tế sống động tr&ecirc;n m&agrave;n ảnh nhỏ.</p>\r\n\r\n<p>-&nbsp;T&iacute;ch hợp&nbsp;<strong>c&aacute;c định dạng HDR</strong>&nbsp;ti&ecirc;n tiến (Active HDR,&nbsp;<a href=\"https://www.dienmayxanh.com/kinh-nghiem-hay/cac-cong-nghe-hinh-anh-noi-bat-tren-tivi-lg-1128078#hdr-10-pro\" target=\"_blank\">HDR10 Pro</a>,&nbsp;<a href=\"https://www.dienmayxanh.com/kinh-nghiem-hay/cac-cong-nghe-hinh-anh-noi-bat-tren-tivi-lg-1128078#hdr-dynamic-tone-mapping\" target=\"_blank\">HDR Dynamic Tone Mapping</a>) v&agrave;&nbsp;<strong><a href=\"https://www.dienmayxanh.com/kinh-nghiem-hay/cac-cong-nghe-hinh-anh-dac-biet-tren-tivi-sony-1127776#hlg\" target=\"_blank\">HLG</a></strong>&nbsp;mang hiệu quả tăng cường tương phản cao,&nbsp;cho độ s&aacute;ng, m&agrave;u sắc v&agrave; chiều s&acirc;u của c&aacute;c chi tiết của khung h&igrave;nh t&aacute;i hiện sắc sảo, c&oacute; hồn hơn, cuốn h&uacute;t hơn.</p>\r\n\r\n<p>-&nbsp;<strong>Chế độ game HGIG</strong>&nbsp;v&agrave;&nbsp;<strong>c&ocirc;ng nghệ giảm độ trễ&nbsp;Auto Low Latency Mode (ALLM)</strong>&nbsp;mang đến m&agrave;n h&igrave;nh chiến game mượt m&agrave;, người chơi dễ d&agrave;ng nắm bắt t&igrave;nh thế v&agrave; cơ hội l&agrave;m chủ thế trận.</p>\r\n\r\n<p>-&nbsp;Thưởng thức phim theo đ&uacute;ng nguy&ecirc;n bản với<strong>&nbsp;<a href=\"https://www.dienmayxanh.com/kinh-nghiem-hay/cac-cong-nghe-hinh-anh-tren-tivi-lg-2020-1255817#filmmaker\" target=\"_blank\">chế độ FilmMaker Mode</a></strong>,&nbsp;bằng c&aacute;ch tắt l&agrave;m mịn chuyển động, c&aacute;c điều chỉnh h&igrave;nh ảnh của&nbsp;<a href=\"https://www.dienmayxanh.com/tivi-lg?g=smart-tivi\" target=\"_blank\">Smart tivi LG</a>&nbsp;để cho bạn được xem nội dung theo đ&uacute;ng &yacute; tưởng nghệ thuật của nh&agrave; l&agrave;m phim.</p>\r\n\r\n<p>Mời bạn xem th&ecirc;m:<a href=\"https://www.dienmayxanh.com/kinh-nghiem-hay/diem-mat-nhung-do-phan-giai-pho-bien-hien-nay-tren-577178\" target=\"_blank\">&nbsp;Những độ ph&acirc;n giải m&agrave;n h&igrave;nh phổ biến hiện nay tr&ecirc;n tivi</a></p>\r\n\r\n<p><a href=\"https://cdn.tgdd.vn/Products/Images/1942/278575/smart-nanocell-lg-4k-65-inch-65nano76sqa-2-2.jpg\" onclick=\"return false;\"><img alt=\"Hình ảnh rực rỡ, tương phản cao - Smart Tivi NanoCell LG 4K 65 inch 65NANO76SQA\" src=\"https://cdn.tgdd.vn/Products/Images/1942/278575/smart-nanocell-lg-4k-65-inch-65nano76sqa-2-2.jpg\" /></a></p>\r\n\r\n<p><em>*H&igrave;nh ảnh chỉ mang t&iacute;nh chất minh họa sản phẩm</em></p>\r\n\r\n<h3>C&ocirc;ng nghệ &acirc;m thanh</h3>\r\n\r\n<p>-&nbsp;<strong><a href=\"https://www.dienmayxanh.com/kinh-nghiem-hay/cong-nghe-am-thanh-tren-tivi-lg-2021-1368089#ai-sound-pro\" target=\"_blank\">C&ocirc;ng nghệ&nbsp;AI Sound Pro</a></strong>&nbsp;sử dụng thuật to&aacute;n n&acirc;ng cấp &acirc;m thanh l&ecirc;n<strong>&nbsp;chuẩn&nbsp;5.2.1</strong>&nbsp;v&agrave; tối ưu &acirc;m thanh theo nội dung, cho bạn được đắm ch&igrave;m trong kh&ocirc;ng gian &acirc;m thanh sống động.</p>\r\n\r\n<p>-&nbsp;<strong><a href=\"https://www.dienmayxanh.com/kinh-nghiem-hay/cong-nghe-am-thanh-tren-tivi-lg-2021-1368089#ai-acoustic\" target=\"_blank\">C&ocirc;ng nghệ AI Acoustic Tuning</a></strong>&nbsp;x&aacute;c định vị tr&iacute; tivi v&agrave; người d&ugrave;ng, kh&ocirc;ng gian ph&ograve;ng để tối ưu &acirc;m thanh cho trải nghiệm nghe tốt nhất.&nbsp;</p>\r\n\r\n<p>-&nbsp;Chế độ lọc thoại&nbsp;<strong>Clear Voice Pro</strong>&nbsp;l&agrave;m r&otilde; đoạn hội thoại, lọc bỏ tạp &acirc;m để bạn kh&ocirc;ng bỏ lỡ t&igrave;nh tiết n&agrave;o trong nội dung đang theo d&otilde;i.</p>\r\n\r\n<p>-&nbsp;<strong>Bluetooth Surround Ready&nbsp;</strong>li&ecirc;n kết với loa ngo&agrave;i th&ocirc;ng qua Bluetooth hoặc với&nbsp;<strong><a href=\"https://www.dienmayxanh.com/kinh-nghiem-hay/cong-nghe-am-thanh-tren-tivi-lg-2018-1106872#lg-sound-sync\" target=\"_blank\">LG Sound Sync</a></strong>&nbsp;gi&uacute;p&nbsp;li&ecirc;n kết tivi&nbsp;với d&agrave;n &acirc;m thanh ngo&agrave;i để tạo kh&ocirc;ng kh&iacute; khuấy động hơn, mở rộng kh&ocirc;ng gian giải tr&iacute;.</p>\r\n\r\n<p><a href=\"https://cdn.tgdd.vn/Products/Images/1942/278575/smart-nanocell-lg-4k-65-inch-65nano76sqa-240522-104715.jpg\" onclick=\"return false;\"><img alt=\"Smart Tivi NanoCell LG 4K 65 inch 65NANO76SQA - Công nghệ hình ảnh\" src=\"https://cdn.tgdd.vn/Products/Images/1942/278575/smart-nanocell-lg-4k-65-inch-65nano76sqa-240522-104715.jpg\" /></a></p>\r\n\r\n<p><em>*H&igrave;nh ảnh chỉ mang t&iacute;nh chất minh họa sản phẩm</em></p>\r\n\r\n<h3>Hệ điều h&agrave;nh</h3>\r\n\r\n<p>- Hệ điều h&agrave;nh&nbsp;<strong><a href=\"https://www.dienmayxanh.com/kinh-nghiem-hay/webos-tren-tivi-lg-la-gi-581001\" target=\"_blank\">webOS</a></strong>&nbsp;phi&ecirc;n bản 22<strong>&nbsp;</strong>c&oacute; giao diện trực quan, dễ hiểu, dễ thao t&aacute;c, đơn giản cho người mới d&ugrave;ng.</p>\r\n\r\n<p>- Giải tr&iacute; theo nhu cầu của từng th&agrave;nh vi&ecirc;n nhờ kho ứng dụng phong ph&uacute;: Apple TV, Clip TV, FPT Play, Galaxy Play (Fim+), MyTV, Netflix, Nhaccuatui, POPS Kids, Spotify,&nbsp;YouTube,...&nbsp;</p>\r\n\r\n<p>Xem th&ecirc;m:&nbsp;<a href=\"https://www.dienmayxanh.com/kinh-nghiem-hay/cach-xem-phim-online-tren-tivi-887946#xem-phim-tren-trinh-duyet-web\">C&aacute;ch xem phim bằng tr&igrave;nh duyệt web tr&ecirc;n tivi</a>&nbsp;</p>\r\n\r\n<p><a href=\"https://cdn.tgdd.vn/Products/Images/1942/278575/smart-nanocell-lg-4k-65-inch-65nano76sqa-4-2.jpg\" onclick=\"return false;\"><img alt=\"WebOS 6.0 - Smart Tivi NanoCell LG 4K 65 inch 65NANO76SQA\" src=\"https://cdn.tgdd.vn/Products/Images/1942/278575/smart-nanocell-lg-4k-65-inch-65nano76sqa-4-2.jpg\" /></a></p>\r\n\r\n<p><em>*H&igrave;nh ảnh chỉ mang t&iacute;nh chất minh họa sản phẩm</em></p>\r\n\r\n<h3>Tiện &iacute;ch</h3>\r\n\r\n<p>- T&igrave;m kiếm nhanh ch&oacute;ng bằng giọng n&oacute;i tiếng Việt qua&nbsp;<strong>LG Voice Search</strong>. B&ecirc;n cạnh đ&oacute;,&nbsp;<a href=\"https://www.dienmayxanh.com/tivi?g=smart-tivi\" target=\"_blank\">Smart tivi</a>&nbsp;c&ograve;n hỗ trợ&nbsp;<strong>LG Voice Recognition</strong>&nbsp;nhận diện giọng n&oacute;i tự nhi&ecirc;n để qu&aacute; tr&igrave;nh điều khiển bằng giọng n&oacute;i trơn tru hơn. Ngo&agrave;i ra bạn cũng c&oacute; thể t&igrave;m kiếm bằng giọng n&oacute;i tiếng Việt tr&ecirc;n Youtube qua&nbsp;<a href=\"https://www.dienmayxanh.com/kinh-nghiem-hay/nhung-dieu-can-biet-ve-dieu-khien-thong-minh-magic-685119\" target=\"_blank\">Magic Remote</a>.</p>\r\n\r\n<p>-&nbsp;<strong>Ứng dụng&nbsp;LG TV Plus</strong>&nbsp;cho ph&eacute;p điều khiển tivi bằng điện thoại đơn giản, nhanh ch&oacute;ng v&agrave; tiện lợi như remote.</p>\r\n\r\n<p>&nbsp;- Kết nối v&agrave; điều khiển th&ocirc;ng minh to&agrave;n bộ hệ sinh th&aacute;i trong ng&ocirc;i nh&agrave;&nbsp;nhờ&nbsp;<strong>Magic Remote</strong>&nbsp;v&agrave;&nbsp;<strong>AI ThinQ,</strong>&nbsp;thuận tiện hơn khi kết hợp với c&aacute;c trợ l&yacute; giọng n&oacute;i&nbsp;Google Assistant (chưa c&oacute; tiếng Việt), Alexa (chưa c&oacute; tiếng Việt).</p>\r\n\r\n<p>- T&iacute;nh năng&nbsp;<strong><a href=\"https://www.dienmayxanh.com/kinh-nghiem-hay/air-play-2-tren-tivi-la-gi-nhung-tivi-nao-ho-tro-a-1172156\" target=\"_blank\">AirPlay 2</a></strong>,&nbsp;<strong>Screen Share</strong>&nbsp;cho ph&eacute;p tr&igrave;nh chiếu h&igrave;nh ảnh từ&nbsp;<a href=\"https://www.dienmayxanh.com/dien-thoai\" target=\"_blank\">điện thoại</a>&nbsp;l&ecirc;n&nbsp;<a href=\"https://www.dienmayxanh.com/tivi\" target=\"_blank\">tivi</a>&nbsp;để bạn xem c&aacute;c h&igrave;nh ảnh chi tiết, nghe nhạc với &acirc;m thanh sinh động hơn.</p>\r\n\r\n<p>Xem th&ecirc;m:&nbsp;<a href=\"https://www.dienmayxanh.com/kinh-nghiem-hay/9-cach-ket-noi-dien-thoai-android-voi-tivi-lg-860812\" target=\"_blank\">9 c&aacute;ch kết nối điện thoại Android với tivi LG đơn giản, hiệu quả nhất</a></p>\r\n\r\n<p><a href=\"https://cdn.tgdd.vn/Products/Images/1942/278575/smart-nanocell-lg-4k-65-inch-65nano76sqa-5-1.jpg\" onclick=\"return false;\"><img alt=\"Tiện ích thông minh - Smart Tivi NanoCell LG 4K 65 inch 65NANO76SQA\" src=\"https://cdn.tgdd.vn/Products/Images/1942/278575/smart-nanocell-lg-4k-65-inch-65nano76sqa-5-1.jpg\" /></a></p>\r\n\r\n<p><em>*H&igrave;nh ảnh chỉ mang t&iacute;nh chất minh họa sản phẩm</em></p>\r\n\r\n<p><em>Smart Tivi NanoCell LG 4K 65 inch 65NANO76SQA với thiết kế đẹp t&ocirc; điểm kh&ocirc;ng gian lắp đặt, sử dụng đầy tiện &iacute;ch nhờ AI ThinQ v&agrave; Magic Remote, kho ứng dụng phong ph&uacute; của webOS 22, đồng thời thỏa m&atilde;n trải nghiệm nghe nh&igrave;n nhờ m&agrave;n h&igrave;nh 4K dải m&agrave;u rộng Nano Color v&agrave; c&ocirc;ng nghệ &acirc;m thanh AI Sound Pro.</em></p>\r\n\r\n<p>Xem th&ecirc;m:&nbsp;<a href=\"https://www.dienmayxanh.com/kinh-nghiem-hay/tang-tuoi-tho-tivi-bang-5-cach-don-gian-542763\">7 c&aacute;ch sử dụng tivi đơn giản gi&uacute;p tăng tuổi thọ cho chiếc tivi nh&agrave; bạn</a></p>', 28, 29900000, 17900000, 1, 0, '<ul>\r\n	<li>\r\n	<p><strong>Lắp đặt miễn ph&iacute;</strong>&nbsp;l&uacute;c giao h&agrave;ng</p>\r\n	</li>\r\n	<li>\r\n	<p>Hư g&igrave; đổi nấy&nbsp;<strong>12 th&aacute;ng</strong>&nbsp;tận nh&agrave; (miễn ph&iacute; th&aacute;ng đầu)&nbsp;<a href=\"javascript:void(0)\" onclick=\"showPopupPolicy()\">Xem chi tiết</a></p>\r\n	</li>\r\n	<li>\r\n	<p>Bảo h&agrave;nh&nbsp;<strong>ch&iacute;nh h&atilde;ng tivi 2 năm</strong>, c&oacute; người đến tận nh&agrave;</p>\r\n	</li>\r\n	<li>\r\n	<p>Th&ugrave;ng tivi c&oacute;: Ch&acirc;n đế, Remote th&ocirc;ng minh</p>\r\n	</li>\r\n</ul>', '/storage/photos/product/smart-nanocell-lg-4k-65-inch-65nano76sqa.jpg', '2024-05-02 09:28:26', '2024-05-18 07:54:06', '7', 4, 0, 0);
INSERT INTO `products` (`id`, `pro_name`, `pro_slug`, `pro_content`, `pro_category_id`, `pro_price`, `pro_sale`, `pro_active`, `pro_hot`, `pro_description`, `pro_image`, `created_at`, `updated_at`, `quantity`, `pro_pay`, `pro_total`, `pro_total_number`) VALUES
(35, 'Tivi Sony 4K 55 inch KD-55X77L', 'tivi-sony-4k-55-inch-kd-55x77l', '<p><em><strong>Google Tivi Sony 4K KD-55X77L sở hữu k&iacute;ch thước&nbsp;<a href=\"https://www.dienmayxanh.com/tivi-55-inch\" target=\"_blank\">55 inch</a>&nbsp;c&ugrave;ng bộ xử l&yacute; mạnh mẽ X1 4K cho h&igrave;nh ảnh hiển thị chất lượng 4K sắc n&eacute;t, c&ocirc;ng nghệ tạo m&agrave;u Live Colour, c&ocirc;ng nghệ S-Master Digital Amplifier thu h&uacute;t người xem ngay từ c&aacute;i nh&igrave;n đầu ti&ecirc;n, đem đến những thước phim, bản nhạc kịch t&iacute;nh, sống động. B&ecirc;n cạnh đ&oacute;, tivi c&ograve;n trang bị nhiều t&iacute;nh năng gi&uacute;p &iacute;ch cho người d&ugrave;ng trong qu&aacute; tr&igrave;nh sử dụng như: trợ l&yacute; ảo Google Assistant, AirPlay 2 (iPhone) v&agrave; Chromecast,...</strong></em></p>\r\n\r\n<p>&nbsp;</p>\r\n\r\n<p>&nbsp;</p>\r\n\r\n<p>&nbsp;</p>\r\n\r\n<h3>Thiết kế</h3>\r\n\r\n<p>-&nbsp;<a href=\"https://www.dienmayxanh.com/tivi-sony-google-tivi\" target=\"_blank\">Google Tivi Sony</a>&nbsp;sở hữu kiểu d&aacute;ng thanh lịch, sang trọng,&nbsp;<strong>ch&acirc;n đế chữ V &uacute;p ngược</strong>&nbsp;được l&agrave;m từ nhựa chắc chắn, mặt sau tối giản gi&uacute;p tivi dễ d&agrave;ng h&ograve;a nhập c&ugrave;ng kh&ocirc;ng gian gia đ&igrave;nh.</p>\r\n\r\n<p>-&nbsp;<a href=\"https://www.dienmayxanh.com/tivi\" target=\"_blank\"><strong>Tivi</strong></a>&nbsp;trang bị m&agrave;n h&igrave;nh&nbsp;<strong>55 inch</strong>&nbsp;th&iacute;ch hợp cho những kh&ocirc;ng gian vừa phải, sử dụng đa năng cho nhiều mục đ&iacute;ch giải tr&iacute;, dạy học hoặc trang tr&iacute; cho kh&ocirc;ng gian căn ph&ograve;ng đều được.</p>\r\n\r\n<p><a href=\"https://cdn.tgdd.vn/Products/Images/1942/308368/google-tivi-sony-4k-55-inch-kd-55x77l-060623-024142.jpg\" onclick=\"return false;\"><img alt=\"Google Tivi Sony 4K 65 inch KD-65X77L - Tổng quan thiết kế\" src=\"https://cdn.tgdd.vn/Products/Images/1942/308368/google-tivi-sony-4k-55-inch-kd-55x77l-060623-024142.jpg\" /></a></p>\r\n\r\n<p><em>*H&igrave;nh ảnh chỉ mang t&iacute;nh chất minh họa sản phẩm</em></p>\r\n\r\n<h3>C&ocirc;ng nghệ h&igrave;nh ảnh&nbsp;</h3>\r\n\r\n<p>- Tivi trang bị độ ph&acirc;n giải<strong>&nbsp;</strong><a href=\"https://www.dienmayxanh.com/tivi?g=ultra-hd-4k\" target=\"_blank\"><strong>4K</strong></a>&nbsp;đem lại sự sắc n&eacute;t trong từng khung h&igrave;nh, gi&uacute;p h&igrave;nh ảnh trở n&ecirc;n sống động, thu h&uacute;t người xem.</p>\r\n\r\n<p>- C&ocirc;ng nghệ<strong>&nbsp;</strong><a href=\"https://www.dienmayxanh.com/kinh-nghiem-hay/nang-cap-hinh-anh-voi-cong-nghe-4k-x-reality-pro-t-653207\" target=\"_blank\"><strong>4K X-Reality PRO</strong></a>&nbsp;hỗ trợ h&igrave;nh ảnh c&oacute; độ sắc n&eacute;t cao, n&acirc;ng cấp nội dung hiển thị, gi&uacute;p h&igrave;nh ảnh được điều chỉnh độ tương phản, đậm nhạt h&agrave;i h&ograve;a, ho&agrave;n hảo.</p>\r\n\r\n<p>Mời bạn xem th&ecirc;m:<a href=\"https://www.dienmayxanh.com/kinh-nghiem-hay/diem-mat-nhung-do-phan-giai-pho-bien-hien-nay-tren-577178\" target=\"_blank\">&nbsp;Những độ ph&acirc;n giải m&agrave;n h&igrave;nh phổ biến hiện nay tr&ecirc;n tivi</a></p>\r\n\r\n<p><a href=\"https://cdn.tgdd.vn/Products/Images/1942/308367/google-tivi-sony-4k-65-inch-kd-65x77l-1.jpg\" onclick=\"return false;\"><img alt=\"Google Tivi Sony 4K 65 inch KD-65X77L - Công nghệ hình ảnh\" src=\"https://cdn.tgdd.vn/Products/Images/1942/308367/google-tivi-sony-4k-65-inch-kd-65x77l-1.jpg\" /></a></p>\r\n\r\n<p><em>*H&igrave;nh ảnh chỉ mang t&iacute;nh chất minh họa sản phẩm</em></p>\r\n\r\n<p>-&nbsp;<strong>Bộ xử l&yacute; X1 4K</strong>&nbsp;l&agrave;m giảm độ nhiễu, xử l&yacute; từng chi tiết nhỏ, gi&uacute;p nội dung hiển thị đạt chất lượng 4K khi nguồn v&agrave;o chỉ l&agrave; chất lượng SD, HD hay 2K.</p>\r\n\r\n<p><a href=\"https://cdn.tgdd.vn/Products/Images/1942/308368/google-tivi-sony-4k-55-inch-kd-55x77l-070623-040843.jpg\" onclick=\"return false;\"><img alt=\"Google Tivi Sony 4K 65 inch KD-65X77L - Công nghệ hình ảnh\" src=\"https://cdn.tgdd.vn/Products/Images/1942/308368/google-tivi-sony-4k-55-inch-kd-55x77l-070623-040843.jpg\" /></a></p>\r\n\r\n<p>- C&ocirc;ng nghệ tạo m&agrave;u&nbsp;<strong>Live Colour</strong>&nbsp;gi&uacute;p tối ưu h&oacute;a bộ lọc m&agrave;u, mang lại kh&ocirc;ng gian m&agrave;u rộng hơn, gi&uacute;p h&igrave;nh ảnh chuyển động ch&acirc;n thật, c&oacute; m&agrave;u sắc tươi s&aacute;ng.</p>\r\n\r\n<p><a href=\"https://cdn.tgdd.vn/Products/Images/1942/308367/google-tivi-sony-4k-65-inch-kd-65x77l-8.jpg\" onclick=\"return false;\"><img alt=\"Google Tivi Sony 4K 65 inch KD-65X77L - Công nghệ hình ảnh\" src=\"https://cdn.tgdd.vn/Products/Images/1942/308367/google-tivi-sony-4k-65-inch-kd-65x77l-8.jpg\" /></a></p>\r\n\r\n<p><em>*H&igrave;nh ảnh chỉ mang t&iacute;nh chất minh họa sản phẩm</em></p>\r\n\r\n<p><strong>-&nbsp;Chuyển động mượt Motionflow XR 200&nbsp;</strong>cho ph&eacute;p kiểm so&aacute;t được khung h&igrave;nh, tr&aacute;nh t&igrave;nh trạng rung lắc mạnh, đem lại độ ổn định trong những ph&acirc;n kh&uacute;c h&agrave;nh động, đua xe đỉnh cao.</p>\r\n\r\n<p><a href=\"https://cdn.tgdd.vn/Products/Images/1942/308368/google-tivi-sony-4k-55-inch-kd-55x77l-070623-041117.jpg\" onclick=\"return false;\"><img alt=\"Google Tivi Sony 4K 65 inch KD-65X77L - Công nghệ hình ảnh\" src=\"https://cdn.tgdd.vn/Products/Images/1942/308368/google-tivi-sony-4k-55-inch-kd-55x77l-070623-041117.jpg\" /></a></p>\r\n\r\n<p><em>*H&igrave;nh ảnh chỉ mang t&iacute;nh chất minh họa sản phẩm</em></p>\r\n\r\n<h3>C&ocirc;ng nghệ &acirc;m thanh</h3>\r\n\r\n<p>- Tổng c&ocirc;ng suất loa l&agrave; 20W gi&uacute;p &acirc;m thanh trở n&ecirc;n ch&acirc;n thật, thu h&uacute;t người nghe.</p>\r\n\r\n<p>-&nbsp;<strong><a href=\"https://www.dienmayxanh.com/kinh-nghiem-hay/cong-nghe-am-thanh-dolby-la-gi-827752\" target=\"_blank\">Dolby Audio</a></strong>&nbsp;mang cơ chế &acirc;m thanh v&ograve;m, gi&uacute;p &acirc;m thanh được truyền tải đi mọi hướng, ch&acirc;n thật v&agrave; chi tiết kh&ocirc;ng kh&aacute;c g&igrave; trong rạp chiếu phim.</p>\r\n\r\n<p>-&nbsp;<strong>C&ocirc;ng nghệ X-Balanced</strong>&nbsp;hỗ trợ tăng cường chất lượng &acirc;m thanh to r&otilde;, &acirc;m trầm phong ph&uacute;, gi&uacute;p bạn tận hưởng những bộ phim h&agrave;nh động trở n&ecirc;n cuốn h&uacute;t hơn.</p>\r\n\r\n<p>-&nbsp;<strong><a href=\"https://www.dienmayxanh.com/kinh-nghiem-hay/cong-nghe-am-thanh-tren-tivi-sony-576180#S-Master-Digital-Amplifier\" target=\"_blank\">C&ocirc;ng nghệ S-Master Digital Amplifier</a></strong>&nbsp;hỗ trợ &acirc;m thanh được khuếch đại lớn nhưng kh&ocirc;ng bị ồn v&agrave; nhiễu, đem lại &acirc;m thanh tinh khiết, dễ d&agrave;ng thu h&uacute;t người nghe.</p>\r\n\r\n<p>-&nbsp;<strong>C&ocirc;ng nghệ Clear Phase</strong>&nbsp;bảo vệ &acirc;m thanh tr&aacute;nh được t&igrave;nh trạng m&eacute;o tiếng, nhiễu &acirc;m ở c&ocirc;ng suất loa tối đa, đem lại những ph&uacute;t gi&acirc;y thưởng thức &acirc;m thanh sống động.</p>\r\n\r\n<p><a href=\"https://cdn.tgdd.vn/Products/Images/1942/308368/google-tivi-sony-4k-55-inch-kd-55x77l-060623-024600.jpg\" onclick=\"return false;\"><img alt=\"Google Tivi Sony 4K 65 inch KD-65X77L - Công nghệ âm thanh\" src=\"https://cdn.tgdd.vn/Products/Images/1942/308368/google-tivi-sony-4k-55-inch-kd-55x77l-060623-024600.jpg\" /></a></p>\r\n\r\n<p><em>*H&igrave;nh ảnh chỉ mang t&iacute;nh chất minh họa sản phẩm</em></p>\r\n\r\n<h3>Hệ điều h&agrave;nh</h3>\r\n\r\n<p>- Với mong muốn gần gũi, th&acirc;n thiện với người d&ugrave;ng, sản phẩm thiết lập hệ điều h&agrave;nh Google TV c&oacute;&nbsp;<strong>giao diện dễ nh&igrave;n</strong>, được&nbsp;<strong>sắp xếp gọn g&agrave;ng</strong>&nbsp;gi&uacute;p bạn c&oacute; thể lựa chọn được những chương tr&igrave;nh y&ecirc;u th&iacute;ch.</p>\r\n\r\n<p>- Kh&ocirc;ng chỉ th&acirc;n thiện, Google TV c&ograve;n trang bị kho&nbsp;<strong>ứng dụng đồ sộ</strong>&nbsp;đ&aacute;p ứng đầy đủ c&aacute;c nhu cầu xem phim, giải tr&iacute; đến người d&ugrave;ng như: YouTube, FPT Play, Galaxy Play, VieON,...</p>\r\n\r\n<p>Xem th&ecirc;m:&nbsp;<a href=\"https://www.dienmayxanh.com/kinh-nghiem-hay/cach-xem-phim-online-tren-tivi-887946#xem-phim-tren-trinh-duyet-web\">C&aacute;ch xem phim bằng tr&igrave;nh duyệt web tr&ecirc;n tivi</a>&nbsp;</p>\r\n\r\n<p><a href=\"https://cdn.tgdd.vn/Products/Images/1942/308367/google-tivi-sony-4k-65-inch-kd-65x77l-7.jpg\" onclick=\"return false;\"><img alt=\"Google Tivi Sony 4K 65 inch KD-65X77L - Hệ điều hành\" src=\"https://cdn.tgdd.vn/Products/Images/1942/308367/google-tivi-sony-4k-65-inch-kd-65x77l-7.jpg\" /></a></p>\r\n\r\n<p><em>*H&igrave;nh ảnh chỉ mang t&iacute;nh chất minh họa sản phẩm</em></p>\r\n\r\n<h3>Tiện &iacute;ch</h3>\r\n\r\n<p>-&nbsp;<a href=\"https://www.dienmayxanh.com/tivi-sony\"><strong>Tivi Sony</strong></a>&nbsp;trang bị t&iacute;nh năng điều khiển bằng giọng n&oacute;i tiếng Việt nhờ&nbsp;<strong>trợ l&yacute; ảo Google Assistant</strong>, t&iacute;ch hợp c&ugrave;ng&nbsp;<strong>micro tr&ecirc;n tivi</strong>&nbsp;(c&oacute; thể n&oacute;i trực tiếp kh&ocirc;ng cần remote) gi&uacute;p qu&aacute; tr&igrave;nh sử dụng trở n&ecirc;n thuận tiện, nhanh ch&oacute;ng. Đ&acirc;y l&agrave; một điểm cộng của t&iacute;nh năng, gi&uacute;p những bậc phụ huynh kh&ocirc;ng th&ocirc;ng thạo c&ocirc;ng nghệ vẫn c&oacute; thể dễ d&agrave;ng sử dụng tivi.</p>\r\n\r\n<p><a href=\"https://cdn.tgdd.vn/Products/Images/1942/308368/google-tivi-sony-4k-55-inch-kd-55x77l-070623-041142.jpg\" onclick=\"return false;\"><img alt=\"Google Tivi Sony 4K 65 inch KD-65X77L - Tiện ích\" src=\"https://cdn.tgdd.vn/Products/Images/1942/308368/google-tivi-sony-4k-55-inch-kd-55x77l-070623-041142.jpg\" /></a></p>\r\n\r\n<p><em>*H&igrave;nh ảnh chỉ mang t&iacute;nh chất minh họa sản phẩm</em></p>\r\n\r\n<p>- T&iacute;nh năng AirPlay 2 (iPhone) v&agrave; Chromecast gi&uacute;p bạn dễ d&agrave;ng chia sẻ h&igrave;nh ảnh, video từ điện thoại l&ecirc;n tivi, th&iacute;ch hợp cho những buổi họp cũng như giải tr&iacute; trong gia đ&igrave;nh.</p>\r\n\r\n<p><a href=\"https://cdn.tgdd.vn/Products/Images/1942/308368/google-tivi-sony-4k-55-inch-kd-55x77l-070623-041220.jpg\" onclick=\"return false;\"><img alt=\"Google Tivi Sony 4K 65 inch KD-65X77L - Tiện ích\" src=\"https://cdn.tgdd.vn/Products/Images/1942/308368/google-tivi-sony-4k-55-inch-kd-55x77l-070623-041220.jpg\" /></a></p>\r\n\r\n<p><em>*H&igrave;nh ảnh chỉ mang t&iacute;nh chất minh họa sản phẩm</em></p>\r\n\r\n<p><em><a href=\"https://www.dienmayxanh.com/tivi/google-tivi-sony-4k-55-inch-kd-55x77l\" target=\"_blank\">Google Tivi Sony 4K 55 inch KD-55X77L</a>&nbsp;sở hữu m&agrave;n h&igrave;nh c&oacute; k&iacute;ch thước 55 inch, độ ph&acirc;n giải 4K, trang bị c&ocirc;ng nghệ n&acirc;ng cấp h&igrave;nh ảnh 4K X-Reality PRO, c&ocirc;ng nghệ chuyển động mượt Motionflow XR 200,&nbsp;loa X-Balanced đem đến &acirc;m thanh r&otilde; n&eacute;t v&agrave; &acirc;m trầm phong ph&uacute; cho từng thước phim v&agrave; giai điệu &acirc;m nhạc,...&nbsp;gi&uacute;p bạn c&oacute; thể tận hưởng những thước phim sắc n&eacute;t kh&ocirc;ng kh&aacute;c g&igrave; đang xem tại rạp chiếu phim. Đ&acirc;y l&agrave; sản phẩm kh&ocirc;ng thể thiếu khi vừa c&oacute; thể l&agrave;m vật trang tr&iacute; trong kh&ocirc;ng gian gia đ&igrave;nh, vừa đem đến nhiều t&iacute;nh năng giải tr&iacute; cho bạn.</em></p>\r\n\r\n<p>Xem th&ecirc;m:&nbsp;<a href=\"https://www.dienmayxanh.com/kinh-nghiem-hay/tang-tuoi-tho-tivi-bang-5-cach-don-gian-542763\">7 c&aacute;ch sử dụng tivi đơn giản gi&uacute;p tăng tuổi thọ cho chiếc tivi nh&agrave; bạn</a></p>', 29, 15900000, 13600000, 1, 1, '<ul>\r\n	<li>\r\n	<p><strong>Lắp đặt miễn ph&iacute;</strong>&nbsp;l&uacute;c giao h&agrave;ng</p>\r\n	</li>\r\n	<li>\r\n	<p>Hư g&igrave; đổi nấy&nbsp;<strong>12 th&aacute;ng</strong>&nbsp;tận nh&agrave; (miễn ph&iacute; th&aacute;ng đầu)&nbsp;<a href=\"javascript:void(0)\" onclick=\"showPopupPolicy()\">Xem chi tiết</a></p>\r\n	</li>\r\n	<li>\r\n	<p>Bảo h&agrave;nh&nbsp;<strong>ch&iacute;nh h&atilde;ng tivi 2 năm</strong>, c&oacute; người đến tận nh&agrave;</p>\r\n	</li>\r\n	<li>\r\n	<p>Th&ugrave;ng tivi c&oacute;: Remote, Ch&acirc;n đế</p>\r\n	</li>\r\n</ul>', '/storage/photos/product/x77l.jpg', '2024-05-02 09:31:28', '2024-05-17 09:35:41', '9', 5, 2, 10),
(36, 'Tivi QLED TCL 4K 65 inch 65Q646', 'tivi-qled-tcl-4k-65-inch-65q646', '<p><strong><em><a href=\"https://www.dienmayxanh.com/tivi/google-tivi-qled-tcl-4k-65-inch-65q646\" target=\"_blank\">Google Tivi QLED TCL 4K 65 inch 65Q646</a>&nbsp;sở hữu m&agrave;n h&igrave;nh 65 inch độ ph&acirc;n giải 4K sắc n&eacute;t. Trang bị c&aacute;c&nbsp;</em>c&ocirc;<em>ng nghệ h&igrave;nh ảnh v&agrave; &acirc;m thanh nổi bật như Dolby Vision cho độ s&aacute;ng vượt trội, h&igrave;nh ảnh chi tiết v&agrave; trung thực, Micro Dimming kiểm so&aacute;t đ&egrave;n nền hay &acirc;m thanh v&ograve;m Dolby Atmos n&acirc;ng cấp trải nghiệm nghe nh&igrave;n. B&ecirc;n cạnh đ&oacute;, tivi TCL được trang bị hệ điều h&agrave;nh Google TV với giao diện th&acirc;n thiện, dễ sử dụng c&ugrave;ng kho ứng dụng phong ph&uacute;.&nbsp;</em></strong></p>\r\n\r\n<h3>Tổng quan thiết kế</h3>\r\n\r\n<p>-<a href=\"https://www.dienmayxanh.com/tivi-tcl\" target=\"_blank\">&nbsp;Tivi TCL</a>&nbsp;n&agrave;y sở hữu k&iacute;ch thước m&agrave;n h&igrave;nh&nbsp;<a href=\"https://www.dienmayxanh.com/tivi-65-inch\" target=\"_blank\"><strong>65 inch</strong></a>, kiểu d&aacute;ng tối giản với đường viền si&ecirc;u mỏng đem lại trải nghiệm xem tuyệt đỉnh.</p>\r\n\r\n<p>- Ph&ugrave; hợp lắp đặt cho những kh&ocirc;ng gian rộng v&agrave; vừa, như ph&ograve;ng kh&aacute;ch, ph&ograve;ng l&agrave;m việc, ph&ograve;ng ngủ, ph&ograve;ng họp,&hellip;</p>\r\n\r\n<p>-&nbsp;<strong>Ch&acirc;n đế chữ V &uacute;p ngược</strong>, được l&agrave;m bằng&nbsp;<strong>hợp kim</strong>&nbsp;cao cấp, n&acirc;ng đỡ m&agrave;n h&igrave;nh chắc chắn&nbsp;tr&ecirc;n kệ tủ, đồng thời c&oacute; thể th&aacute;o rời để treo tường, biến kh&ocirc;ng gian nội thất trở n&ecirc;n sang trọng, h&uacute;t mắt hơn bao giờ hết.</p>\r\n\r\n<p><a href=\"https://cdn.tgdd.vn/Products/Images/1942/303514/google-tivi-qled-tcl-4k-65-inch-65q646-170323-074832.png\" onclick=\"return false;\"><img alt=\"Google Tivi QLED TCL 4K 65 inch 65Q646 - Thiết kế\" src=\"https://cdn.tgdd.vn/Products/Images/1942/303514/google-tivi-qled-tcl-4k-65-inch-65q646-170323-074832.png\" /></a></p>\r\n\r\n<p><em>* H&igrave;nh ảnh chỉ mang t&iacute;nh chất minh họa</em></p>\r\n\r\n<h3>C&ocirc;ng nghệ h&igrave;nh ảnh</h3>\r\n\r\n<p>- H&igrave;nh ảnh sắc n&eacute;t, r&otilde; r&agrave;ng nhờ&nbsp;<a href=\"https://www.dienmayxanh.com/tivi?g=ultra-hd-4k\" target=\"_blank\"><strong>độ ph&acirc;n giải 4K</strong></a>&nbsp;với gần 8.3 triệu điểm ảnh, độ n&eacute;t gấp 4 lần Full HD.&nbsp;</p>\r\n\r\n<p>-&nbsp;<strong>Bộ xử l&yacute; AiPQ Gen 3</strong>&nbsp;tự động điều chỉnh v&agrave; tối ưu h&oacute;a m&agrave;u sắc, đem lại chất lượng h&igrave;nh ảnh hiển thị đẹp sắc n&eacute;t.</p>\r\n\r\n<p>- C&ocirc;ng nghệ&nbsp;<a href=\"https://www.dienmayxanh.com/kinh-nghiem-hay/dolby-vision-la-gi-809287\" target=\"_blank\"><strong>Dolby Vision</strong></a>&nbsp;tăng cường khả năng hiển thị HDR cho độ tương phản tốt, h&igrave;nh ảnh c&oacute; chiều s&acirc;u v&agrave; ch&acirc;n thực hơn.&nbsp;</p>\r\n\r\n<p>- C&ocirc;ng nghệ&nbsp;<a href=\"https://www.dienmayxanh.com/kinh-nghiem-hay/so-sanh-hdr10-hdr10-va-dolby-vision-co-gi-khac-bie-1173256#hdr10plus\" target=\"_blank\"><strong>HDR10</strong></a><strong>&nbsp;</strong>tăng cường độ hiển thị cho ph&acirc;n cảnh, đem lại chiều s&acirc;u ho&agrave;n hảo v&agrave; chi tiết hơn khi kh&ocirc;ng l&agrave;m thay đổi m&agrave;u sắc nguy&ecirc;n bản.</p>\r\n\r\n<p>-&nbsp;<a href=\"https://www.dienmayxanh.com/kinh-nghiem-hay/nhung-cong-nghe-hinh-anh-tren-tivi-tcl-2018-1108287#micro-dimming\" target=\"_blank\"><strong>Micro Dimming</strong></a>&nbsp;ph&acirc;n t&iacute;ch từng nội dung video ở từng khu vực ri&ecirc;ng biệt,&nbsp;sau đ&oacute;&nbsp;điều chỉnh độ s&aacute;ng tối chi tiết, tăng cường độ tương phản, mang đến h&igrave;nh ảnh ch&acirc;n thực v&agrave; sống động.</p>\r\n\r\n<p>Mời bạn xem th&ecirc;m:<a href=\"https://www.dienmayxanh.com/kinh-nghiem-hay/diem-mat-nhung-do-phan-giai-pho-bien-hien-nay-tren-577178\" target=\"_blank\">&nbsp;Những độ ph&acirc;n giải m&agrave;n h&igrave;nh phổ biến hiện nay tr&ecirc;n tivi</a></p>\r\n\r\n<p><a href=\"https://cdn.tgdd.vn/Products/Images/1942/303514/google-tivi-qled-tcl-4k-65-inch-65q646-170323-074355.jpg\" onclick=\"return false;\"><img alt=\"Google Tivi QLED TCL 4K 65 inch 65Q646 - Công nghệ hình ảnh\" src=\"https://cdn.tgdd.vn/Products/Images/1942/303514/google-tivi-qled-tcl-4k-65-inch-65q646-170323-074355.jpg\" /></a></p>\r\n\r\n<p><em>* H&igrave;nh ảnh chỉ mang t&iacute;nh chất minh họa</em></p>\r\n\r\n<h3>C&ocirc;ng nghệ &acirc;m thanh</h3>\r\n\r\n<p>- Tivi sở hữu&nbsp;<strong>2 loa</strong>&nbsp;với&nbsp;<strong>tổng c&ocirc;ng suất loa 20W</strong>&nbsp;cho chất &acirc;m mạnh mẽ, vang dội.&nbsp;</p>\r\n\r\n<p>- C&ocirc;ng nghệ&nbsp;<a href=\"https://www.dienmayxanh.com/kinh-nghiem-hay/cong-nghe-am-thanh-dolby-la-gi-827752\" target=\"_blank\"><strong>Dolby Atmos</strong></a>&nbsp;cho ra hiệu ứng giả lập &acirc;m thanh v&ograve;m, mang đến trải nghiệm xem ch&acirc;n thực như đang ngồi trong rạp chiếu phim.&nbsp;</p>\r\n\r\n<p>-&nbsp;<a href=\"https://www.dienmayxanh.com/kinh-nghiem-hay/tong-hop-cac-cong-nghe-moi-tren-tivi-tcl-2021-1356827#loa-onkyo\" target=\"_blank\"><strong>Hệ thống loa Onkyo</strong>&nbsp;</a>với loa hướng về trước&nbsp;gi&uacute;p &acirc;m thanh hướng về trực diện người xem, đem đến trải nghiệm &acirc;m thanh r&otilde; v&agrave; hay hơn. Đồng thời loa trầm tăng bass được trang bị ở sau tivi gi&uacute;p &acirc;m thanh ph&aacute;t ra đ&aacute;nh hắt v&agrave;o tường rồi truyền ra ngo&agrave;i.&nbsp;</p>\r\n\r\n<p><a href=\"https://cdn.tgdd.vn/Products/Images/1942/303514/google-tivi-qled-tcl-4k-65-inch-65q646-170323-074420.jpg\" onclick=\"return false;\"><img alt=\"Google Tivi QLED TCL 4K 65 inch 65Q646 - Công nghệ âm thanh\" src=\"https://cdn.tgdd.vn/Products/Images/1942/303514/google-tivi-qled-tcl-4k-65-inch-65q646-170323-074420.jpg\" /></a></p>\r\n\r\n<p><em>* H&igrave;nh ảnh chỉ mang t&iacute;nh chất minh họa</em></p>\r\n\r\n<h3>Hệ điều h&agrave;nh</h3>\r\n\r\n<p>-&nbsp;<strong>Hệ điều h&agrave;nh Google TV</strong>&nbsp;c&oacute; giao diện trực quan, dễ sử dụng. B&ecirc;n cạnh đ&oacute; l&agrave;&nbsp;<strong>kho ứng dụng phong ph&uacute;</strong>&nbsp;với nhiều ứng dụng phổ biến như YouTube, Netflix, Clip TV, FPT Play, VieON, tr&igrave;nh duyệt web,&hellip; cho người d&ugrave;ng thoải m&aacute;i lựa chọn theo sở th&iacute;ch.</p>\r\n\r\n<p>Xem th&ecirc;m:&nbsp;<a href=\"https://www.dienmayxanh.com/kinh-nghiem-hay/cach-xem-phim-online-tren-tivi-887946#xem-phim-tren-trinh-duyet-web\">C&aacute;ch xem phim bằng tr&igrave;nh duyệt web tr&ecirc;n tivi</a>&nbsp;</p>\r\n\r\n<p><a href=\"https://cdn.tgdd.vn/Products/Images/1942/303514/google-tivi-qled-tcl-4k-65-inch-65q646-170323-074444.jpg\" onclick=\"return false;\"><img alt=\"Google Tivi QLED TCL 4K 65 inch 65Q646 - Hệ điều hành\" src=\"https://cdn.tgdd.vn/Products/Images/1942/303514/google-tivi-qled-tcl-4k-65-inch-65q646-170323-074444.jpg\" /></a></p>\r\n\r\n<p><em>* H&igrave;nh ảnh chỉ mang t&iacute;nh chất minh họa</em></p>\r\n\r\n<h3>Tiện &iacute;ch</h3>\r\n\r\n<p>-&nbsp;<a href=\"https://www.dienmayxanh.com/kinh-nghiem-hay/tim-kiem-giong-noi-bang-tieng-viet-tren-smart-tivi-1179992#remote-thong-minh\" target=\"_blank\">Điều khiển tivi bằng giọng n&oacute;i linh hoạt tr&ecirc;n YouTube</a>, hỗ trợ tiếng Việt với&nbsp;<strong>Google Assistant</strong>&nbsp;v&agrave;&nbsp;<strong>Bixby</strong>. B&ecirc;n cạnh đ&oacute;, tivi TCL n&agrave;y c&ograve;n được trang bị&nbsp;<strong>remote t&iacute;ch hợp micro t&igrave;m kiếm bằng giọng n&oacute;i</strong>.</p>\r\n\r\n<p>- Dễ d&agrave;ng quản l&yacute;&nbsp;<strong><a href=\"https://www.dienmayxanh.com/tivi\" target=\"_blank\">tivi</a>&nbsp;</strong>bằng điện thoại qua&nbsp;<strong>AirPlay 2, Chromecast.</strong></p>\r\n\r\n<p>- Hỗ trợ&nbsp;<strong>đa dạng c&aacute;c kết nối</strong>&nbsp;như Wifi, Bluetooth kh&ocirc;ng d&acirc;y v&agrave; c&oacute; d&acirc;y như HDMI, HDMI eARC, Composite, Optical, cổng 3.5 mm,&hellip;</p>\r\n\r\n<p><a href=\"https://cdn.tgdd.vn/Products/Images/1942/303514/google-tivi-qled-tcl-4k-65-inch-65q646-170323-074504.jpg\" onclick=\"return false;\"><img alt=\"Google Tivi QLED TCL 4K 65 inch 65Q646 - Tiện ích\" src=\"https://cdn.tgdd.vn/Products/Images/1942/303514/google-tivi-qled-tcl-4k-65-inch-65q646-170323-074504.jpg\" /></a></p>\r\n\r\n<p><em>* H&igrave;nh ảnh chỉ mang t&iacute;nh chất minh họa</em></p>\r\n\r\n<p><em>Với th&agrave;nh c&ocirc;ng từ sản phẩm Google Tivi QLED TCL 4K 65 inch 65Q636 được ra mắt năm 2022, TCL ra mắt phi&ecirc;n bản năm 2023 Google Tivi QLED TCL 4K 65 inch 65Q646 sở hữu kiểu d&aacute;ng sang trọng, tinh tế, m&agrave;n h&igrave;nh 65 inch độ ph&acirc;n giải 4K sắc n&eacute;t, trang bị c&ocirc;ng nghệ h&igrave;nh ảnh v&agrave; &acirc;m thanh ti&ecirc;n tiến, hệ điều h&agrave;nh Google TV th&acirc;n thiện dễ sử dụng c&ugrave;ng c&aacute;c tiện &iacute;ch th&ocirc;ng minh kh&aacute;c hứa hẹn mang đến những ph&uacute;t gi&acirc;y thư gi&atilde;n cho bạn v&agrave; cả gia đ&igrave;nh.&nbsp;</em></p>\r\n\r\n<p>Xem th&ecirc;m:&nbsp;<a href=\"https://www.dienmayxanh.com/kinh-nghiem-hay/tang-tuoi-tho-tivi-bang-5-cach-don-gian-542763\">7 c&aacute;ch sử dụng tivi đơn giản gi&uacute;p tăng tuổi thọ cho chiếc tivi nh&agrave; bạn</a></p>', 29, 18990000, 1990000, 1, 0, '<ul>\r\n	<li>\r\n	<p><strong>Lắp đặt miễn ph&iacute;</strong>&nbsp;l&uacute;c giao h&agrave;ng</p>\r\n	</li>\r\n	<li>\r\n	<p>Hư g&igrave; đổi nấy&nbsp;<strong>12 th&aacute;ng</strong>&nbsp;tận nh&agrave; (miễn ph&iacute; th&aacute;ng đầu)&nbsp;<a href=\"javascript:void(0)\" onclick=\"showPopupPolicy()\">Xem chi tiết</a></p>\r\n	</li>\r\n	<li>\r\n	<p>Bảo h&agrave;nh&nbsp;<strong>ch&iacute;nh h&atilde;ng tivi 2 năm</strong>, c&oacute; người đến tận nh&agrave;</p>\r\n	</li>\r\n	<li>\r\n	<p>Th&ugrave;ng tivi c&oacute;: S&aacute;ch hướng dẫn, Ch&acirc;n đế, Remote th&ocirc;ng minh</p>\r\n	</li>\r\n</ul>', '/storage/photos/product/google-tivi-qled-tcl-4k-65-inch-65q646-01.jpg', '2024-05-02 09:33:22', '2024-05-18 07:54:02', '0', 3, 0, 0);

-- --------------------------------------------------------

--
-- Cấu trúc bảng cho bảng `product_image`
--

CREATE TABLE `product_image` (
  `id` int(10) UNSIGNED NOT NULL,
  `product_id` int(11) DEFAULT NULL,
  `img_product` varchar(255) COLLATE utf8mb4_unicode_ci DEFAULT NULL,
  `created_at` timestamp NULL DEFAULT NULL,
  `updated_at` timestamp NULL DEFAULT NULL
) ENGINE=InnoDB DEFAULT CHARSET=utf8mb4 COLLATE=utf8mb4_unicode_ci;

--
-- Đang đổ dữ liệu cho bảng `product_image`
--

INSERT INTO `product_image` (`id`, `product_id`, `img_product`, `created_at`, `updated_at`) VALUES
(44, 15, '1714291739-product_detail.-vi-vn-dell-vostro-3520-i3-v5i3614w1--(3).jpg', '2024-04-28 01:08:59', '2024-04-28 01:08:59'),
(45, 15, '1714291739-product_detail.-vi-vn-dell-vostro-3520-i3-v5i3614w1--(4).jpg', '2024-04-28 01:08:59', '2024-04-28 01:08:59'),
(46, 15, '1714291739-product_detail.-vi-vn-dell-vostro-3520-i3-v5i3614w1--(5).jpg', '2024-04-28 01:08:59', '2024-04-28 01:08:59'),
(50, 16, '1714294980-product_detail.-vi-vn-dell-inspiron-3520-i3-71003264-slider-5.jpg', '2024-04-28 02:03:00', '2024-04-28 02:03:00'),
(51, 16, '1714294980-product_detail.-vi-vn-dell-inspiron-3520-i3-71003264-slider-6.jpg', '2024-04-28 02:03:00', '2024-04-28 02:03:00'),
(52, 16, '1714294980-product_detail.-vi-vn-dell-inspiron-3520-i3-71003264-slider-7.jpg', '2024-04-28 02:03:00', '2024-04-28 02:03:00'),
(56, 17, '1714295826-product_detail.-vi-vn-dell-inspiron-15-3530-i5-n5i5791w1-slider-2.jpg', '2024-04-28 02:17:06', '2024-04-28 02:17:06'),
(57, 17, '1714295826-product_detail.-vi-vn-dell-inspiron-15-3530-i5-n5i5791w1-slider-3.jpg', '2024-04-28 02:17:06', '2024-04-28 02:17:06'),
(58, 17, '1714295826-product_detail.-vi-vn-dell-inspiron-15-3530-i5-n5i5791w1-slider-4.jpg', '2024-04-28 02:17:06', '2024-04-28 02:17:06'),
(64, NULL, '1714296300-product_detail.-vi-vn-dell-inspiron-15-3530-i5-n5i5791w1-slider-4.jpg', '2024-04-28 02:25:00', '2024-04-28 02:25:00'),
(65, NULL, '1714296600-product_detail.-vi-vn-dell-inspiron-15-3530-i5-n5i5791w1-slider-3 - Copy.jpg', '2024-04-28 02:30:00', '2024-04-28 02:30:00'),
(66, NULL, '1714296600-product_detail.-vi-vn-dell-inspiron-15-3530-i5-n5i5791w1-slider-3.jpg', '2024-04-28 02:30:00', '2024-04-28 02:30:00'),
(73, 22, '1714531541-product_detail.-vi-vn-dell-inspiron-15-3530-i5-n5i5791w1-slider-1.jpg', '2024-04-30 19:45:41', '2024-04-30 19:45:41'),
(74, 22, '1714531541-product_detail.-vi-vn-dell-inspiron-15-3530-i5-n5i5791w1-slider-2.jpg', '2024-04-30 19:45:41', '2024-04-30 19:45:41'),
(75, 22, '1714531541-product_detail.-vi-vn-dell-inspiron-15-3530-i5-n5i5791w1-slider-3 - Copy.jpg', '2024-04-30 19:45:41', '2024-04-30 19:45:41'),
(76, 23, '1714569537-product_detail.-vi-vn-dell-inspiron-15-3530-i5-n5i5791w1-slider-4.jpg', '2024-05-01 06:18:57', '2024-05-01 06:18:57'),
(77, 23, '1714569537-product_detail.-vi-vn-dell-inspiron-3520-i3-71003264-slider-1.jpg', '2024-05-01 06:18:57', '2024-05-01 06:18:57'),
(78, 24, '1714665020-product_detail.-vi-vn-dell-inspiron-15-3530-i7-n3530i716w1-slider-4.jpg', '2024-05-02 08:50:20', '2024-05-02 08:50:20'),
(79, 24, '1714665020-product_detail.-vi-vn-dell-inspiron-15-3530-i7-n3530i716w1-slider-3.jpg', '2024-05-02 08:50:20', '2024-05-02 08:50:20'),
(80, 24, '1714665020-product_detail.-dell-inspiron-15-3530-i7-n3530i716w1-slider-fix-2-2040x1140-1.jpg', '2024-05-02 08:50:20', '2024-05-02 08:50:20'),
(81, 25, '1714665172-product_detail.-vi-vn-dell-inspiron-15-3530-i5-71014840-slider-4.jpg', '2024-05-02 08:52:52', '2024-05-02 08:52:52'),
(82, 25, '1714665172-product_detail.-vi-vn-dell-inspiron-15-3530-i5-71014840-slider-3.jpg', '2024-05-02 08:52:52', '2024-05-02 08:52:52'),
(83, 25, '1714665172-product_detail.-vi-vn-dell-inspiron-15-3530-i5-71014840-slider-2.jpg', '2024-05-02 08:52:52', '2024-05-02 08:52:52'),
(84, 26, '1714665861-product_detail.-vi-vn-iphone-15-slider--(3).jpg', '2024-05-02 09:04:21', '2024-05-02 09:04:21'),
(85, 26, '1714665861-product_detail.-iphone-15-128gb-vang-2.jpg', '2024-05-02 09:04:21', '2024-05-02 09:04:21'),
(86, 26, '1714665861-product_detail.-iphone-15-1-2.jpg', '2024-05-02 09:04:21', '2024-05-02 09:04:21'),
(87, 27, '1714666088-product_detail.-iphone-15-pro-max-black-1-1.jpg', '2024-05-02 09:08:08', '2024-05-02 09:08:08'),
(88, 27, '1714666088-product_detail.-iphone-15-pro-max-blue-2-1.jpg', '2024-05-02 09:08:08', '2024-05-02 09:08:08'),
(89, 27, '1714666088-product_detail.-iphone-15-pro-max-blue-4-1.jpg', '2024-05-02 09:08:08', '2024-05-02 09:08:08'),
(90, 28, '1714666237-product_detail.-iphone-15-plus-128gb-den-2.jpg', '2024-05-02 09:10:37', '2024-05-02 09:10:37'),
(91, 28, '1714666237-product_detail.-iphone-15-plus-128gb-xanh-la-2.jpg', '2024-05-02 09:10:37', '2024-05-02 09:10:37'),
(92, 28, '1714666237-product_detail.-iphone-15-plus-128gb-xanh-la-3.jpg', '2024-05-02 09:10:37', '2024-05-02 09:10:37'),
(93, 29, '1714666405-product_detail.-tu-lanh-lg-inverter-470-lit-multi-door-gr-b50bl-2-2.jpg', '2024-05-02 09:13:25', '2024-05-02 09:13:25'),
(94, 29, '1714666405-product_detail.-tu-lanh-lg-inverter-470-lit-multi-door-gr-b50bl-4-1.jpg', '2024-05-02 09:13:25', '2024-05-02 09:13:25'),
(95, 29, '1714666405-product_detail.-tu-lanh-lg-inverter-470-lit-multi-door-gr-b50bl-13.jpg', '2024-05-02 09:13:25', '2024-05-02 09:13:25'),
(96, 30, '1714666576-product_detail.-tu-lanh-casper-inverter-458-lit-side-by-side-rs-460pg-3-2.jpg', '2024-05-02 09:16:16', '2024-05-02 09:16:16'),
(97, 30, '1714666576-product_detail.-tu-lanh-casper-inverter-458-lit-side-by-side-rs-460pg-4-1.jpg', '2024-05-02 09:16:16', '2024-05-02 09:16:16'),
(98, 30, '1714666576-product_detail.-tu-lanh-casper-inverter-458-lit-side-by-side-rs-460pg-5-1.jpg', '2024-05-02 09:16:16', '2024-05-02 09:16:16'),
(99, 31, '1714666739-product_detail.-casper-tc-09is35-4.jpg', '2024-05-02 09:18:59', '2024-05-02 09:18:59'),
(100, 31, '1714666739-product_detail.-casper-tc-09is35-6.jpg', '2024-05-02 09:18:59', '2024-05-02 09:18:59'),
(101, 31, '1714666739-product_detail.-casper-tc-09is35-8.jpg', '2024-05-02 09:18:59', '2024-05-02 09:18:59'),
(102, 32, '1714666886-product_detail.-midea-inverter-1-hp-mafa-09cdn8-6.jpg', '2024-05-02 09:21:26', '2024-05-02 09:21:26'),
(103, 32, '1714666886-product_detail.-midea-inverter-1-hp-mafa-09cdn8-8.jpg', '2024-05-02 09:21:26', '2024-05-02 09:21:26'),
(104, 32, '1714666886-product_detail.-midea-inverter-1-hp-mafa-09cdn8-9.jpg', '2024-05-02 09:21:26', '2024-05-02 09:21:26'),
(105, 33, '1714667182-product_detail.-vi-vn-smart-lg-4k-65-inch-65uq8000psc-2.jpg', '2024-05-02 09:26:22', '2024-05-02 09:26:22'),
(106, 33, '1714667182-product_detail.-vi-vn-smart-lg-4k-65-inch-65uq8000psc-3.jpg', '2024-05-02 09:26:22', '2024-05-02 09:26:22'),
(107, 33, '1714667182-product_detail.-vi-vn-smart-lg-4k-65-inch-65uq8000psc-5.jpg', '2024-05-02 09:26:22', '2024-05-02 09:26:22'),
(108, 34, '1714667306-product_detail.-vi-vn-smart-nanocell-lg-4k-65-inch-65nano76sqa-001.jpg', '2024-05-02 09:28:26', '2024-05-02 09:28:26'),
(109, 34, '1714667306-product_detail.-vi-vn-smart-nanocell-lg-4k-65-inch-65nano76sqa-2.gif', '2024-05-02 09:28:26', '2024-05-02 09:28:26'),
(110, 34, '1714667306-product_detail.-vi-vn-smart-nanocell-lg-4k-65-inch-65nano76sqa-3.gif', '2024-05-02 09:28:26', '2024-05-02 09:28:26'),
(111, 35, '1714667488-product_detail.-vi-vn-smart-nanocell-lg-4k-65-inch-65nano76sqa-2.gif', '2024-05-02 09:31:28', '2024-05-02 09:31:28'),
(112, 35, '1714667488-product_detail.-vi-vn-smart-nanocell-lg-4k-65-inch-65nano76sqa-3.gif', '2024-05-02 09:31:28', '2024-05-02 09:31:28'),
(113, 35, '1714667488-product_detail.-x77l-1.jpg', '2024-05-02 09:31:28', '2024-05-02 09:31:28'),
(114, 36, '1714667602-product_detail.-vi-vn-google-tivi-qled-tcl-4k-65-inch-65q646-05.jpg', '2024-05-02 09:33:22', '2024-05-02 09:33:22'),
(115, 36, '1714667602-product_detail.-google-tivi-sony-4k-55-inch-kd-55x77l638239975100406119.jpg', '2024-05-02 09:33:22', '2024-05-02 09:33:22'),
(116, 36, '1714667602-product_detail.-google-tivi-sony-4k-55-inch-kd-55x77l638239975104336113.jpg', '2024-05-02 09:33:22', '2024-05-02 09:33:22');

-- --------------------------------------------------------

--
-- Cấu trúc bảng cho bảng `rating`
--

CREATE TABLE `rating` (
  `id` int(10) UNSIGNED NOT NULL,
  `ra_product_id` int(11) NOT NULL DEFAULT 0,
  `ra_number` tinyint(4) NOT NULL DEFAULT 0,
  `ra_content` varchar(255) COLLATE utf8mb4_unicode_ci DEFAULT NULL,
  `ra_user_id` int(11) NOT NULL DEFAULT 0,
  `created_at` timestamp NULL DEFAULT NULL,
  `updated_at` timestamp NULL DEFAULT NULL
) ENGINE=InnoDB DEFAULT CHARSET=utf8mb4 COLLATE=utf8mb4_unicode_ci;

--
-- Đang đổ dữ liệu cho bảng `rating`
--

INSERT INTO `rating` (`id`, `ra_product_id`, `ra_number`, `ra_content`, `ra_user_id`, `created_at`, `updated_at`) VALUES
(19, 15, 2, 'sản phẩm tốt lắm', 2, '2024-05-04 01:11:08', '2024-05-04 01:11:08'),
(21, 15, 5, 'giá hợp lý', 2, '2024-05-04 01:39:21', '2024-05-04 01:39:21'),
(22, 25, 5, 'tạm ổn', 2, '2024-05-04 02:00:04', '2024-05-04 02:00:04'),
(23, 24, 3, 'sản phẩm tạm', 2, '2024-05-04 02:09:44', '2024-05-04 02:09:44'),
(24, 35, 5, 'Màu rất sắc nét', 2, '2024-05-07 00:44:16', '2024-05-07 00:44:16'),
(26, 15, 5, 'ổn đấy', 6, '2024-05-17 08:40:14', '2024-05-17 08:40:14'),
(27, 25, 3, 'tốt', 6, '2024-05-17 18:15:34', '2024-05-17 18:15:34'),
(28, 29, 5, 'sp oke', 6, '2024-05-17 18:31:08', '2024-05-17 18:31:08'),
(29, 29, 2, 'ổn đấy', 5, '2024-05-17 18:33:47', '2024-05-17 18:33:47'),
(30, 27, 5, 'sản phẩm ổn', 5, '2024-05-18 07:55:31', '2024-05-18 07:55:31'),
(31, 27, 2, 'test', 7, '2024-05-18 19:59:40', '2024-05-18 19:59:40');

-- --------------------------------------------------------

--
-- Cấu trúc bảng cho bảng `supplier`
--

CREATE TABLE `supplier` (
  `id` int(10) UNSIGNED NOT NULL,
  `s_name` varchar(255) COLLATE utf8mb4_unicode_ci DEFAULT NULL,
  `created_at` timestamp NULL DEFAULT NULL,
  `updated_at` timestamp NULL DEFAULT NULL
) ENGINE=InnoDB DEFAULT CHARSET=utf8mb4 COLLATE=utf8mb4_unicode_ci;

--
-- Đang đổ dữ liệu cho bảng `supplier`
--

INSERT INTO `supplier` (`id`, `s_name`, `created_at`, `updated_at`) VALUES
(1, 'Nhà an toàn', '2024-05-14 01:50:48', '2024-05-14 01:50:48'),
(3, 'Hải Yến', '2024-05-14 01:58:10', '2024-05-14 01:58:10'),
(8, 'Hãng DElL', '2024-05-14 02:05:31', '2024-05-14 02:05:31'),
(9, 'Bảo long', '2024-05-14 02:40:39', '2024-05-14 02:40:39'),
(10, 'Apple', '2024-05-18 09:11:04', '2024-05-18 09:11:04');

-- --------------------------------------------------------

--
-- Cấu trúc bảng cho bảng `transactions`
--

CREATE TABLE `transactions` (
  `id` bigint(20) UNSIGNED NOT NULL,
  `tr_user_id` int(11) NOT NULL DEFAULT 0,
  `tr_note` varchar(255) COLLATE utf8mb4_unicode_ci DEFAULT NULL,
  `tr_address` varchar(255) COLLATE utf8mb4_unicode_ci DEFAULT NULL,
  `tr_phone` varchar(255) COLLATE utf8mb4_unicode_ci DEFAULT NULL,
  `tr_total` int(11) NOT NULL DEFAULT 0,
  `tr_status` int(11) NOT NULL DEFAULT 0,
  `created_at` timestamp NULL DEFAULT NULL,
  `updated_at` timestamp NULL DEFAULT NULL
) ENGINE=InnoDB DEFAULT CHARSET=utf8mb4 COLLATE=utf8mb4_unicode_ci;

--
-- Đang đổ dữ liệu cho bảng `transactions`
--

INSERT INTO `transactions` (`id`, `tr_user_id`, `tr_note`, `tr_address`, `tr_phone`, `tr_total`, `tr_status`, `created_at`, `updated_at`) VALUES
(45, 2, NULL, '51 nghệ an', '4354366', 41800000, 1, '2024-05-04 01:58:11', '2024-04-04 01:58:29'),
(47, 2, NULL, '51 nghệ an', '4354366', 54780000, 1, '2024-05-04 02:16:37', '2024-05-04 02:16:48'),
(48, 2, NULL, '51 nghệ an', '4354366', 28556000, 1, '2024-05-04 02:18:46', '2024-05-06 19:35:19'),
(49, 2, NULL, '51 nghệ an', '4354366', 20900000, 1, '2024-05-04 03:04:40', '2024-05-06 20:03:14'),
(50, 2, NULL, '51 nghệ an', '0961680324', 228448000, 1, '2024-05-04 09:35:59', '2024-05-06 23:09:37'),
(51, 2, NULL, '51 nghệ an', '4354366', 124740000, 1, '2024-05-05 09:41:24', '2024-05-05 09:41:38'),
(52, 4, NULL, '31oerkje', '0807070', 16390000, 1, '2024-05-05 20:24:18', '2024-05-06 23:08:19'),
(53, 2, NULL, '128 Lê Duẩn', '0961680324', 66000000, 1, '2024-05-06 21:42:33', '2024-05-06 23:09:32'),
(54, 2, NULL, '128 Lê Duẩn', '0961680324', 25289000, 1, '2024-05-06 21:45:07', '2024-05-06 21:45:56'),
(55, 2, NULL, '128 Lê Duẩn', '0961680324', 59510000, 2, '2024-05-06 21:48:26', '2024-05-06 23:11:05'),
(56, 5, NULL, 'Nghệ an', '0986890456', 14278000, 2, '2024-05-07 01:41:28', '2024-05-12 19:54:05'),
(57, 5, NULL, 'Nghệ an', '0986890456', 167299000, 1, '2024-05-08 08:14:49', '2024-05-08 08:15:07'),
(58, 5, NULL, 'Nghệ an', '0986890456', 49368000, 1, '2024-05-13 08:20:20', '2024-05-13 08:20:44'),
(59, 5, NULL, 'Nghệ an', '0986890456', 19690000, 1, '2024-05-13 09:22:35', '2024-05-13 09:23:09'),
(60, 5, NULL, 'Nghệ an', '0986890456', 19690000, 2, '2024-05-13 09:24:43', '2024-05-13 09:25:20'),
(66, 5, NULL, 'Nghệ an', '0986890456', 11990000, 1, '2024-05-14 08:22:05', '2024-05-14 09:30:52'),
(67, 5, NULL, 'Nghệ an', '0986890456', 0, 0, '2024-05-14 08:23:27', '2024-05-14 08:23:27'),
(70, 5, NULL, 'Nghệ an', '0986890456', 60000000, 1, '2024-05-14 08:40:29', '2024-05-14 08:40:38'),
(71, 5, NULL, 'Nghệ an', '0986890456', 10900000, 1, '2024-05-14 08:41:32', '2024-05-14 08:41:44'),
(72, 5, NULL, 'Nghệ an', '0986890456', 33000000, 1, '2024-05-14 08:43:23', '2024-05-14 08:43:33'),
(73, 5, NULL, 'Nghệ an', '0986890456', 11990000, 1, '2024-05-14 09:03:06', '2024-05-14 09:03:16'),
(74, 5, NULL, 'Nghệ an', '0986890456', 33000000, 1, '2024-05-14 09:04:51', '2024-05-14 09:05:07'),
(80, 6, NULL, 'Nghệ an', '0961680324', 33000000, 1, '2024-05-17 09:32:47', '2024-05-17 09:32:55'),
(81, 6, NULL, 'Nghệ an', '0961680324', 14960000, 1, '2024-05-17 09:35:28', '2024-05-17 09:35:41'),
(82, 6, NULL, 'Nghệ an', '0961680324', 20900000, 1, '2024-05-17 18:14:56', '2024-05-17 18:15:06'),
(83, 6, NULL, 'Nghệ an', '0961680324', 20900000, 0, '2024-05-17 18:30:50', '2024-05-17 18:30:50'),
(84, 5, NULL, 'Nghệ an', '0986890456', 20900000, 0, '2024-05-17 18:32:13', '2024-05-17 18:32:13'),
(85, 5, NULL, 'Nghệ an', '0986890456', 33000000, 1, '2024-05-18 07:55:11', '2024-05-18 09:39:07'),
(86, 7, NULL, 'nghệ an', '0961680344', 116600000, 0, '2024-05-18 19:59:24', '2024-05-18 19:59:24');

-- --------------------------------------------------------

--
-- Cấu trúc bảng cho bảng `users`
--

CREATE TABLE `users` (
  `id` int(10) UNSIGNED NOT NULL,
  `name` varchar(255) COLLATE utf8mb4_unicode_ci NOT NULL,
  `email` varchar(255) COLLATE utf8mb4_unicode_ci NOT NULL,
  `phone` char(255) COLLATE utf8mb4_unicode_ci DEFAULT NULL,
  `address` varchar(255) COLLATE utf8mb4_unicode_ci DEFAULT NULL,
  `active` tinyint(4) NOT NULL DEFAULT 1,
  `password` varchar(255) COLLATE utf8mb4_unicode_ci NOT NULL,
  `remember_token` varchar(100) COLLATE utf8mb4_unicode_ci DEFAULT NULL,
  `created_at` timestamp NULL DEFAULT NULL,
  `updated_at` timestamp NULL DEFAULT NULL,
  `total_pay` int(11) NOT NULL DEFAULT 0
) ENGINE=InnoDB DEFAULT CHARSET=utf8mb4 COLLATE=utf8mb4_unicode_ci;

--
-- Đang đổ dữ liệu cho bảng `users`
--

INSERT INTO `users` (`id`, `name`, `email`, `phone`, `address`, `active`, `password`, `remember_token`, `created_at`, `updated_at`, `total_pay`) VALUES
(2, 'Nguyễn Văn A', 'user3@gmail.com', '0961680324', '128 Lê Duẩn', 1, '$2y$12$qgfmP7VYFGpOeHJkyW4Cuucz6WIerX9uloP4kSlw5P3agu2/UkEBO', NULL, '2024-04-17 08:21:54', '2024-04-17 08:21:54', 26),
(5, 'Nguyễn B', 'test@gmail.com', '0986890456', 'Nghệ an', 1, '$2y$12$UKKEUmsd.VAgWMSUPLHm7.5SRRCHu3u3pODChqE7Ci6inpojH5KFm', NULL, '2024-05-07 00:46:17', '2024-05-07 00:46:17', 19),
(6, 'chu loi', 'user5@gmail.com', '0961680324', 'Nghệ an', 1, '$2y$12$GUogLkXo.b4vimYSbIAwMu4irTWzd/dMJYbOkJzjwiXOEn0I35Gta', NULL, '2024-05-17 08:39:00', '2024-05-17 08:39:00', 8),
(7, 'Nguyễn Văn c', 'user6@gmail.com', '0961680344', 'nghệ an', 1, '$2y$12$0cIYMA2fqynom7uTDaxlFuG3/SXo/8L4U5Ahi51aD2q.PhJnAdTUC', NULL, '2024-05-18 09:10:14', '2024-05-18 09:10:14', 0);

--
-- Chỉ mục cho các bảng đã đổ
--

--
-- Chỉ mục cho bảng `admin`
--
ALTER TABLE `admin`
  ADD PRIMARY KEY (`id`),
  ADD UNIQUE KEY `admin_name_unique` (`name`),
  ADD UNIQUE KEY `admin_email_unique` (`email`),
  ADD KEY `admin_active_index` (`active`);

--
-- Chỉ mục cho bảng `article`
--
ALTER TABLE `article`
  ADD PRIMARY KEY (`id`),
  ADD UNIQUE KEY `article_a_name_unique` (`a_name`),
  ADD KEY `article_a_slug_index` (`a_slug`),
  ADD KEY `article_a_active_index` (`a_active`);

--
-- Chỉ mục cho bảng `banner`
--
ALTER TABLE `banner`
  ADD PRIMARY KEY (`id`),
  ADD UNIQUE KEY `banner_b_name_unique` (`b_name`),
  ADD KEY `banner_b_active_index` (`b_active`),
  ADD KEY `banner_b_sale_index` (`b_sale`);

--
-- Chỉ mục cho bảng `carts`
--
ALTER TABLE `carts`
  ADD PRIMARY KEY (`id`),
  ADD KEY `carts_quantity_index` (`quantity`);

--
-- Chỉ mục cho bảng `category`
--
ALTER TABLE `category`
  ADD PRIMARY KEY (`id`),
  ADD UNIQUE KEY `category_c_name_unique` (`c_name`),
  ADD KEY `category_c_slug_index` (`c_slug`),
  ADD KEY `category_c_active_index` (`c_active`),
  ADD KEY `category_c_parent_index` (`c_parent`);

--
-- Chỉ mục cho bảng `contacts`
--
ALTER TABLE `contacts`
  ADD PRIMARY KEY (`id`);

--
-- Chỉ mục cho bảng `failed_jobs`
--
ALTER TABLE `failed_jobs`
  ADD PRIMARY KEY (`id`),
  ADD UNIQUE KEY `failed_jobs_uuid_unique` (`uuid`);

--
-- Chỉ mục cho bảng `import_goods`
--
ALTER TABLE `import_goods`
  ADD PRIMARY KEY (`id`);

--
-- Chỉ mục cho bảng `migrations`
--
ALTER TABLE `migrations`
  ADD PRIMARY KEY (`id`);

--
-- Chỉ mục cho bảng `oders`
--
ALTER TABLE `oders`
  ADD PRIMARY KEY (`id`),
  ADD KEY `oders_od_transaction_id_index` (`od_transaction_id`),
  ADD KEY `oders_od_product_id_index` (`od_product_id`),
  ADD KEY `oders_od_cart_id_index` (`od_cart_id`);

--
-- Chỉ mục cho bảng `password_resets`
--
ALTER TABLE `password_resets`
  ADD KEY `password_resets_email_index` (`email`);

--
-- Chỉ mục cho bảng `password_reset_tokens`
--
ALTER TABLE `password_reset_tokens`
  ADD PRIMARY KEY (`email`);

--
-- Chỉ mục cho bảng `personal_access_tokens`
--
ALTER TABLE `personal_access_tokens`
  ADD PRIMARY KEY (`id`),
  ADD UNIQUE KEY `personal_access_tokens_token_unique` (`token`),
  ADD KEY `personal_access_tokens_tokenable_type_tokenable_id_index` (`tokenable_type`,`tokenable_id`);

--
-- Chỉ mục cho bảng `products`
--
ALTER TABLE `products`
  ADD PRIMARY KEY (`id`),
  ADD KEY `products_pro_slug_index` (`pro_slug`),
  ADD KEY `products_pro_category_id_index` (`pro_category_id`),
  ADD KEY `products_pro_active_index` (`pro_active`);

--
-- Chỉ mục cho bảng `product_image`
--
ALTER TABLE `product_image`
  ADD PRIMARY KEY (`id`);

--
-- Chỉ mục cho bảng `rating`
--
ALTER TABLE `rating`
  ADD PRIMARY KEY (`id`),
  ADD KEY `rating_ra_product_id_index` (`ra_product_id`),
  ADD KEY `rating_ra_user_id_index` (`ra_user_id`);

--
-- Chỉ mục cho bảng `supplier`
--
ALTER TABLE `supplier`
  ADD PRIMARY KEY (`id`);

--
-- Chỉ mục cho bảng `transactions`
--
ALTER TABLE `transactions`
  ADD PRIMARY KEY (`id`),
  ADD KEY `transactions_tr_user_id_index` (`tr_user_id`),
  ADD KEY `transactions_tr_status_index` (`tr_status`);

--
-- Chỉ mục cho bảng `users`
--
ALTER TABLE `users`
  ADD PRIMARY KEY (`id`),
  ADD UNIQUE KEY `users_name_unique` (`name`),
  ADD UNIQUE KEY `users_email_unique` (`email`),
  ADD KEY `users_active_index` (`active`);

--
-- AUTO_INCREMENT cho các bảng đã đổ
--

--
-- AUTO_INCREMENT cho bảng `admin`
--
ALTER TABLE `admin`
  MODIFY `id` int(10) UNSIGNED NOT NULL AUTO_INCREMENT, AUTO_INCREMENT=15;

--
-- AUTO_INCREMENT cho bảng `article`
--
ALTER TABLE `article`
  MODIFY `id` bigint(20) UNSIGNED NOT NULL AUTO_INCREMENT, AUTO_INCREMENT=7;

--
-- AUTO_INCREMENT cho bảng `banner`
--
ALTER TABLE `banner`
  MODIFY `id` bigint(20) UNSIGNED NOT NULL AUTO_INCREMENT, AUTO_INCREMENT=6;

--
-- AUTO_INCREMENT cho bảng `carts`
--
ALTER TABLE `carts`
  MODIFY `id` int(10) UNSIGNED NOT NULL AUTO_INCREMENT, AUTO_INCREMENT=110;

--
-- AUTO_INCREMENT cho bảng `category`
--
ALTER TABLE `category`
  MODIFY `id` int(10) UNSIGNED NOT NULL AUTO_INCREMENT, AUTO_INCREMENT=46;

--
-- AUTO_INCREMENT cho bảng `contacts`
--
ALTER TABLE `contacts`
  MODIFY `id` int(10) UNSIGNED NOT NULL AUTO_INCREMENT, AUTO_INCREMENT=4;

--
-- AUTO_INCREMENT cho bảng `failed_jobs`
--
ALTER TABLE `failed_jobs`
  MODIFY `id` bigint(20) UNSIGNED NOT NULL AUTO_INCREMENT;

--
-- AUTO_INCREMENT cho bảng `import_goods`
--
ALTER TABLE `import_goods`
  MODIFY `id` int(10) UNSIGNED NOT NULL AUTO_INCREMENT, AUTO_INCREMENT=13;

--
-- AUTO_INCREMENT cho bảng `migrations`
--
ALTER TABLE `migrations`
  MODIFY `id` int(10) UNSIGNED NOT NULL AUTO_INCREMENT, AUTO_INCREMENT=33;

--
-- AUTO_INCREMENT cho bảng `oders`
--
ALTER TABLE `oders`
  MODIFY `id` bigint(20) UNSIGNED NOT NULL AUTO_INCREMENT, AUTO_INCREMENT=128;

--
-- AUTO_INCREMENT cho bảng `personal_access_tokens`
--
ALTER TABLE `personal_access_tokens`
  MODIFY `id` bigint(20) UNSIGNED NOT NULL AUTO_INCREMENT;

--
-- AUTO_INCREMENT cho bảng `products`
--
ALTER TABLE `products`
  MODIFY `id` int(10) UNSIGNED NOT NULL AUTO_INCREMENT, AUTO_INCREMENT=37;

--
-- AUTO_INCREMENT cho bảng `product_image`
--
ALTER TABLE `product_image`
  MODIFY `id` int(10) UNSIGNED NOT NULL AUTO_INCREMENT, AUTO_INCREMENT=117;

--
-- AUTO_INCREMENT cho bảng `rating`
--
ALTER TABLE `rating`
  MODIFY `id` int(10) UNSIGNED NOT NULL AUTO_INCREMENT, AUTO_INCREMENT=32;

--
-- AUTO_INCREMENT cho bảng `supplier`
--
ALTER TABLE `supplier`
  MODIFY `id` int(10) UNSIGNED NOT NULL AUTO_INCREMENT, AUTO_INCREMENT=11;

--
-- AUTO_INCREMENT cho bảng `transactions`
--
ALTER TABLE `transactions`
  MODIFY `id` bigint(20) UNSIGNED NOT NULL AUTO_INCREMENT, AUTO_INCREMENT=87;

--
-- AUTO_INCREMENT cho bảng `users`
--
ALTER TABLE `users`
  MODIFY `id` int(10) UNSIGNED NOT NULL AUTO_INCREMENT, AUTO_INCREMENT=8;
COMMIT;

/*!40101 SET CHARACTER_SET_CLIENT=@OLD_CHARACTER_SET_CLIENT */;
/*!40101 SET CHARACTER_SET_RESULTS=@OLD_CHARACTER_SET_RESULTS */;
/*!40101 SET COLLATION_CONNECTION=@OLD_COLLATION_CONNECTION */;
